CVC: Log output to /tmp/tmpvbyuj49e/repo/precheck_results/12_MAY_2026___09_35_03/tmp_oeb/cvc.oeb.log
CVC: Error output to /tmp/tmpvbyuj49e/repo/precheck_results/12_MAY_2026___09_35_03/tmp_oeb/cvc.oeb.error.gz
CVC: Debug output to /tmp/tmpvbyuj49e/repo/precheck_results/12_MAY_2026___09_35_03/tmp_oeb/cvc.oeb.debug.gz
CVC: Circuit Validation Check  Version 1.1.7
CVC: Start: Tue May 12 09:40:53 2026

Using the following parameters for CVC (Circuit Validation Check) from /tmp/tmpvbyuj49e/repo/precheck_results/12_MAY_2026___09_35_03/tmp_oeb/cvcrc.oeb
CVC_TOP = 'user_project_wrapper'
CVC_NETLIST = '/tmp/tmpvbyuj49e/repo/precheck_results/12_MAY_2026___09_35_03/tmp_oeb/user_project_wrapper.cdl.gz'
CVC_MODE = 'user_project_wrapper'
CVC_MODEL_FILE = '/usr/local/lib/python3.9/site-packages/cf_precheck/be_checks/tech/sky130A/cvc.models'
CVC_POWER_FILE = '/tmp/tmpvbyuj49e/repo/precheck_results/12_MAY_2026___09_35_03/tmp_oeb/cvc.power.user_project_wrapper'
CVC_FUSE_FILE = ''
CVC_REPORT_FILE = '/tmp/tmpvbyuj49e/repo/precheck_results/12_MAY_2026___09_35_03/tmp_oeb/cvc.oeb.log'
CVC_REPORT_TITLE = 'CVC user_project_wrapper'
CVC_CIRCUIT_ERROR_LIMIT = '100'
CVC_SEARCH_LIMIT = '100'
CVC_LEAK_LIMIT = '0.0002'
CVC_SOI = 'false'
CVC_SCRC = 'false'
CVC_VTH_GATES = 'false'
CVC_MIN_VTH_GATES = 'false'
CVC_IGNORE_VTH_FLOATING = 'false'
CVC_IGNORE_NO_LEAK_FLOATING = 'false'
CVC_LEAK_OVERVOLTAGE = 'true'
CVC_LOGIC_DIODES = 'false'
CVC_ANALOG_GATES = 'true'
CVC_BACKUP_RESULTS = 'false'
CVC_MOS_DIODE_ERROR_THRESHOLD = '0'
CVC_SHORT_ERROR_THRESHOLD = '0'
CVC_BIAS_ERROR_THRESHOLD = '0'
CVC_FORWARD_ERROR_THRESHOLD = '0'
CVC_FLOATING_ERROR_THRESHOLD = '0'
CVC_GATE_ERROR_THRESHOLD = '0'
CVC_LEAK?_ERROR_THRESHOLD = '0'
CVC_EXPECTED_ERROR_THRESHOLD = '0'
CVC_OVERVOLTAGE_ERROR_THRESHOLD = '0'
CVC_PARALLEL_CIRCUIT_PORT_LIMIT = '0'
CVC_CELL_ERROR_LIMIT_FILE = ''
CVC_CELL_CHECKSUM_FILE = ''
CVC_LARGE_CIRCUIT_SIZE = '10000000'
CVC_NET_CHECK_FILE = ''
CVC_MODEL_CHECK_FILE = ''
End of parameters

CVC: Reading device model settings...
CVC: Reading power settings...
CVC: Parsing netlist /tmp/tmpvbyuj49e/repo/precheck_results/12_MAY_2026___09_35_03/tmp_oeb/user_project_wrapper.cdl.gz
Cdl fixed data size 829266
Usage CDL: Time: 0  Memory: 28424  I/O: 8  Swap: 0
CVC: Counting and linking...
CVC: Assigning IDs ...
Usage DB: Time: 0  Memory: 33704  I/O: 8  Swap: 0
CVC: 42767(42767) instances, 71528(71528) nets, 143727(143727) devices.
CVC: Setting models ...
Setting model tolerances...

> c 6
CVC: Shorting switches...
	Shorted 231 short
	Shorted 0 sky130_fd_pr__res_generic_l1
	Shorted 0 sky130_fd_pr__res_generic_m1
	Shorted 0 sky130_fd_pr__res_generic_m2
	Shorted 0 sky130_fd_pr__res_generic_m3
	Shorted 0 sky130_fd_pr__res_generic_m4
	Shorted 0 sky130_fd_pr__res_generic_m5
Setting instance power...

ModelList> filename /usr/local/lib/python3.9/site-packages/cf_precheck/be_checks/tech/sky130A/cvc.models
 Model> sky130_fd_pr__cap_mim_m3_1         0 C->capacitor  Parameters>
 Model> sky130_fd_pr__cap_mim_m3_2         0 C->capacitor  Parameters>
 Model> sky130_fd_pr__cap_var         0 C->capacitor  Parameters>
 Model> sky130_fd_pr__cap_var_lvt         0 C->capacitor  Parameters>
 Model> condiode           0 D->diode      Parameters> Diodes> 1-2
 Model> sky130_fd_pr__diode_pd2nw_05v5         0 D->diode      Parameters> Diodes> 1-2
 Model> sky130_fd_pr__diode_pd2nw_05v5_lvt         0 D->diode      Parameters> Diodes> 1-2
 Model> sky130_fd_pr__diode_pd2nw_11v0         0 D->diode      Parameters> Diodes> 1-2
 Model> sky130_fd_pr__diode_pw2nd_05v5      9768 D->diode      Parameters> Diodes> 1-2
 Model> sky130_fd_pr__diode_pw2nd_05v5_lvt         0 D->diode      Parameters> Diodes> 1-2
 Model> sky130_fd_pr__diode_pw2nd_05v5_nvt         0 D->diode      Parameters> Diodes> 1-2
 Model> sky130_fd_pr__diode_pw2nd_11v0         0 D->diode      Parameters> Diodes> 1-2
 Model> sky130_fd_pr__model__parasitic__diode_ps2dn         0 D->diode      Parameters> Diodes> 1-2
 Model> sky130_fd_pr__model__parasitic__diode_ps2nw         0 D->diode      Parameters> Diodes> 1-2
 Model> sky130_fd_pr__model__parasitic__diode_pw2dn         0 D->diode      Parameters> Diodes> 1-2
 Model> nfet_01v8          0 M->nmos       Parameters> Vth=0.2 Vds=1.8 Vgs=1.8 R=L/W*7000 Diodes> 4-1 4-3
 Model> pfet_01v8_hvt         0 M->pmos       Parameters> Vth=-0.2 Vds=1.8 Vgs=1.8 R=L/W*7000 Diodes> 1-4 3-4
 Model> sky130_fd_bs_flash__special_sonosfet_star         0 M->nmos       Parameters> Vth=0.2 R=L/W*7000 Diodes> 4-1 4-3
 Model> sky130_fd_pr__esd_nfet_g5v0d10v5         0 M->nmos       Parameters> Vth=0.2 R=L/W*7000 Diodes> 4-1 4-3
 Model> sky130_fd_pr__nfet_01v8     58374 M->nmos       Parameters> Vth=0.2 Vds=1.8 Vgs=1.8 R=L/W*7000 Diodes> 4-1 4-3
 Model> sky130_fd_pr__nfet_01v8_lvt         0 M->nmos       Parameters> Vth=0.1 Vds=1.8 Vgs=1.8 R=L/W*7000 Diodes> 4-1 4-3
 Model> sky130_fd_pr__nfet_03v3_nvt         0 M->nmos       Parameters> Vth=0.2 Vds=3.3 Vgs=3.3 R=L/W*7000 Diodes> 4-1 4-3
 Model> sky130_fd_pr__nfet_05v0_nvt         0 M->nmos       Parameters> Vth=0.2 R=L/W*7000 Diodes> 4-1 4-3
 Model> sky130_fd_pr__nfet_g5v0d10v5         0 M->nmos       Parameters> Vth=0.2 R=L/W*7000 Diodes> 4-1 4-3
 Model> sky130_fd_pr__pfet_01v8         0 M->pmos       Parameters> Vth=-0.2 Vds=1.8 Vgs=1.8 R=L/W*7000 Diodes> 1-4 3-4
 Model> sky130_fd_pr__pfet_01v8_hvt     66804 M->pmos       Parameters> Vth=-0.3 Vds=1.8 Vgs=1.8 R=L/W*7000 Diodes> 1-4 3-4
 Model> sky130_fd_pr__pfet_01v8_lvt         0 M->pmos       Parameters> Vth=-0.1 Vds=1.8 Vgs=1.8 R=L/W*7000 Diodes> 1-4 3-4
 Model> sky130_fd_pr__pfet_g5v0d10v5         0 M->pmos       Parameters> Vth=-0.2 R=L/W*7000 Diodes> 1-4 3-4
 Model> sky130_fd_pr__special_nfet_01v8      8546 M->nmos       Parameters> Vth=0.2 Vds=1.8 Vgs=1.8 R=L/W*7000 Diodes> 4-1 4-3
 Model> sky130_fd_pr__special_nfet_latch         0 M->nmos       Parameters> Vth=0.2 Vds=1.8 Vgs=1.8 R=L/W*7000 Diodes> 4-1 4-3
 Model> sky130_fd_pr__special_nfet_pass         0 M->nmos       Parameters> Vth=0.2 Vds=1.8 Vgs=1.8 R=L/W*7000 Diodes> 4-1 4-3
 Model> sky130_fd_pr__special_pfet_01v8_hvt         0 M->pmos       Parameters> Vth=-0.3 Vds=1.8 Vgs=1.8 R=L/W*7000 Diodes> 1-4 3-4
 Model> sky130_fd_pr__special_pfet_latch         0 M->pmos       Parameters> Vth=-0.2 Vds=1.8 Vgs=1.8 R=L/W*7000 Diodes> 1-4 3-4
 Model> sky130_fd_pr__special_pfet_pass         0 M->pmos       Parameters> Vth=-0.2 Vds=1.8 Vgs=1.8 R=L/W*7000 Diodes> 1-4 3-4
 Model> sky130_fd_pr__npn_11v0         0 Q->bipolar    Parameters>
 Model> sky130_fd_pr__npn_11v0_W1p00L1p00         0 Q->bipolar    Parameters>
 Model> sky130_fd_pr__pnp_05v5         0 Q->bipolar    Parameters>
 Model> sky130_fd_pr__pnp_05v5_W0p68L0p68         0 Q->bipolar    Parameters>
 Model> sky130_fd_pr__pnp_05v5_W3p40L3p40         0 Q->bipolar    Parameters>
 Model> short            231 R->switch_on  Parameters>
 Model> sky130_fd_pr__res_generic_l1         0 R->switch_on  Parameters>
 Model> sky130_fd_pr__res_generic_m1         0 R->switch_on  Parameters>
 Model> sky130_fd_pr__res_generic_m2         0 R->switch_on  Parameters>
 Model> sky130_fd_pr__res_generic_m3         0 R->switch_on  Parameters>
 Model> sky130_fd_pr__res_generic_m4         0 R->switch_on  Parameters>
 Model> sky130_fd_pr__res_generic_m5         0 R->switch_on  Parameters>
 Model> sky130_fd_pr__res_generic_nd         0 R->resistor   Parameters> R=l/w*120
 Model> sky130_fd_pr__res_generic_nd__hv         0 R->resistor   Parameters> R=l/w*114
 Model> sky130_fd_pr__res_generic_pd         0 R->resistor   Parameters> R=l/w*197
 Model> sky130_fd_pr__res_generic_pd__hv         0 R->resistor   Parameters> R=l/w*191
 Model> sky130_fd_pr__res_generic_po         4 R->resistor   Parameters> R=l/w*48
 Model> sky130_fd_pr__res_high_po         0 R->resistor   Parameters> R=l/w*300
 Model> sky130_fd_pr__res_high_po_0p35         0 R->resistor   Parameters> R=l/0.35*300
 Model> sky130_fd_pr__res_high_po_0p69         0 R->resistor   Parameters> R=l/0.69*300
 Model> sky130_fd_pr__res_high_po_1p41         0 R->resistor   Parameters> R=l/1.41*300
 Model> sky130_fd_pr__res_high_po_2p85         0 R->resistor   Parameters> R=l/2.85*300
 Model> sky130_fd_pr__res_high_po_5p73         0 R->resistor   Parameters> R=l/5.73*300
 Model> sky130_fd_pr__res_iso_pw         0 R->resistor   Parameters> R=l/w*4400
 Model> sky130_fd_pr__res_xhigh_po         0 R->resistor   Parameters> R=l/w*2000
 Model> sky130_fd_pr__res_xhigh_po_0p35         0 R->resistor   Parameters> R=l/0.35*2000
 Model> sky130_fd_pr__res_xhigh_po_0p69         0 R->resistor   Parameters> R=l/0.69*2000
 Model> sky130_fd_pr__res_xhigh_po_1p41         0 R->resistor   Parameters> R=l/1.41*2000
 Model> sky130_fd_pr__res_xhigh_po_2p85         0 R->resistor   Parameters> R=l/2.85*2000
 Model> sky130_fd_pr__res_xhigh_po_5p73         0 R->resistor   Parameters> R=l/5.73*2000
ModelList> end

Power List> filename /tmp/tmpvbyuj49e/repo/precheck_results/12_MAY_2026___09_35_03/tmp_oeb/cvc.power.user_project_wrapper
vccd* power 1.8
 ->vccd1 power 1.8 -> 1.8 power
 ->vccd2 power 1.8 -> 1.8 power
vdda* power 3.3
 ->vdda1 power 3.3 -> 3.3 power
 ->vdda2 power 3.3 -> 3.3 power
vssa* power 0.0
 ->vssa1 power 0.0 -> 0.0 power
 ->vssa2 power 0.0 -> 0.0 power
vssd* power 0.0
 ->vssd1 power 0.0 -> 0.0 power
 ->vssd2 power 0.0 -> 0.0 power
 user_clock2 input min@0.0 max@1.8 -> min@0.0 max@1.8 input
 wb_clk_i input min@0.0 max@1.8 -> min@0.0 max@1.8 input
 wb_rst_i input min@0.0 max@1.8 -> min@0.0 max@1.8 input
 wbs_cyc_i input min@0.0 max@1.8 -> min@0.0 max@1.8 input
 wbs_stb_i input min@0.0 max@1.8 -> min@0.0 max@1.8 input
 wbs_we_i input min@0.0 max@1.8 -> min@0.0 max@1.8 input
io_in[*] input min@0.0 max@1.8
 ->io_in[0] input min@0.0 max@1.8 -> min@0.0 max@1.8 input
 ->io_in[10] input min@0.0 max@1.8 -> min@0.0 max@1.8 input
 ->io_in[11] input min@0.0 max@1.8 -> min@0.0 max@1.8 input
 ->io_in[12] input min@0.0 max@1.8 -> min@0.0 max@1.8 input
 ->io_in[13] input min@0.0 max@1.8 -> min@0.0 max@1.8 input
 ->io_in[14] input min@0.0 max@1.8 -> min@0.0 max@1.8 input
 ->io_in[15] input min@0.0 max@1.8 -> min@0.0 max@1.8 input
 ->io_in[16] input min@0.0 max@1.8 -> min@0.0 max@1.8 input
 ->io_in[17] input min@0.0 max@1.8 -> min@0.0 max@1.8 input
 ->io_in[18] input min@0.0 max@1.8 -> min@0.0 max@1.8 input
 ->io_in[19] input min@0.0 max@1.8 -> min@0.0 max@1.8 input
 ->io_in[1] input min@0.0 max@1.8 -> min@0.0 max@1.8 input
 ->io_in[20] input min@0.0 max@1.8 -> min@0.0 max@1.8 input
 ->io_in[21] input min@0.0 max@1.8 -> min@0.0 max@1.8 input
 ->io_in[22] input min@0.0 max@1.8 -> min@0.0 max@1.8 input
 ->io_in[23] input min@0.0 max@1.8 -> min@0.0 max@1.8 input
 ->io_in[24] input min@0.0 max@1.8 -> min@0.0 max@1.8 input
 ->io_in[25] input min@0.0 max@1.8 -> min@0.0 max@1.8 input
 ->io_in[26] input min@0.0 max@1.8 -> min@0.0 max@1.8 input
 ->io_in[27] input min@0.0 max@1.8 -> min@0.0 max@1.8 input
 ->io_in[28] input min@0.0 max@1.8 -> min@0.0 max@1.8 input
 ->io_in[29] input min@0.0 max@1.8 -> min@0.0 max@1.8 input
 ->io_in[2] input min@0.0 max@1.8 -> min@0.0 max@1.8 input
 ->io_in[30] input min@0.0 max@1.8 -> min@0.0 max@1.8 input
 ->io_in[31] input min@0.0 max@1.8 -> min@0.0 max@1.8 input
 ->io_in[32] input min@0.0 max@1.8 -> min@0.0 max@1.8 input
 ->io_in[33] input min@0.0 max@1.8 -> min@0.0 max@1.8 input
 ->io_in[34] input min@0.0 max@1.8 -> min@0.0 max@1.8 input
 ->io_in[35] input min@0.0 max@1.8 -> min@0.0 max@1.8 input
 ->io_in[36] input min@0.0 max@1.8 -> min@0.0 max@1.8 input
 ->io_in[37] input min@0.0 max@1.8 -> min@0.0 max@1.8 input
 ->io_in[3] input min@0.0 max@1.8 -> min@0.0 max@1.8 input
 ->io_in[4] input min@0.0 max@1.8 -> min@0.0 max@1.8 input
 ->io_in[5] input min@0.0 max@1.8 -> min@0.0 max@1.8 input
 ->io_in[6] input min@0.0 max@1.8 -> min@0.0 max@1.8 input
 ->io_in[7] input min@0.0 max@1.8 -> min@0.0 max@1.8 input
 ->io_in[8] input min@0.0 max@1.8 -> min@0.0 max@1.8 input
 ->io_in[9] input min@0.0 max@1.8 -> min@0.0 max@1.8 input
la_data_in[*] input min@0.0 max@1.8
 ->la_data_in[0] input min@0.0 max@1.8 -> min@0.0 max@1.8 input
 ->la_data_in[100] input min@0.0 max@1.8 -> min@0.0 max@1.8 input
 ->la_data_in[101] input min@0.0 max@1.8 -> min@0.0 max@1.8 input
 ->la_data_in[102] input min@0.0 max@1.8 -> min@0.0 max@1.8 input
 ->la_data_in[103] input min@0.0 max@1.8 -> min@0.0 max@1.8 input
 ->la_data_in[104] input min@0.0 max@1.8 -> min@0.0 max@1.8 input
 ->la_data_in[105] input min@0.0 max@1.8 -> min@0.0 max@1.8 input
 ->la_data_in[106] input min@0.0 max@1.8 -> min@0.0 max@1.8 input
 ->la_data_in[107] input min@0.0 max@1.8 -> min@0.0 max@1.8 input
 ->la_data_in[108] input min@0.0 max@1.8 -> min@0.0 max@1.8 input
 ->la_data_in[109] input min@0.0 max@1.8 -> min@0.0 max@1.8 input
 ->la_data_in[10] input min@0.0 max@1.8 -> min@0.0 max@1.8 input
 ->la_data_in[110] input min@0.0 max@1.8 -> min@0.0 max@1.8 input
 ->la_data_in[111] input min@0.0 max@1.8 -> min@0.0 max@1.8 input
 ->la_data_in[112] input min@0.0 max@1.8 -> min@0.0 max@1.8 input
 ->la_data_in[113] input min@0.0 max@1.8 -> min@0.0 max@1.8 input
 ->la_data_in[114] input min@0.0 max@1.8 -> min@0.0 max@1.8 input
 ->la_data_in[115] input min@0.0 max@1.8 -> min@0.0 max@1.8 input
 ->la_data_in[116] input min@0.0 max@1.8 -> min@0.0 max@1.8 input
 ->la_data_in[117] input min@0.0 max@1.8 -> min@0.0 max@1.8 input
 ->la_data_in[118] input min@0.0 max@1.8 -> min@0.0 max@1.8 input
 ->la_data_in[119] input min@0.0 max@1.8 -> min@0.0 max@1.8 input
 ->la_data_in[11] input min@0.0 max@1.8 -> min@0.0 max@1.8 input
 ->la_data_in[120] input min@0.0 max@1.8 -> min@0.0 max@1.8 input
 ->la_data_in[121] input min@0.0 max@1.8 -> min@0.0 max@1.8 input
 ->la_data_in[122] input min@0.0 max@1.8 -> min@0.0 max@1.8 input
 ->la_data_in[123] input min@0.0 max@1.8 -> min@0.0 max@1.8 input
 ->la_data_in[124] input min@0.0 max@1.8 -> min@0.0 max@1.8 input
 ->la_data_in[125] input min@0.0 max@1.8 -> min@0.0 max@1.8 input
 ->la_data_in[126] input min@0.0 max@1.8 -> min@0.0 max@1.8 input
 ->la_data_in[127] input min@0.0 max@1.8 -> min@0.0 max@1.8 input
 ->la_data_in[12] input min@0.0 max@1.8 -> min@0.0 max@1.8 input
 ->la_data_in[13] input min@0.0 max@1.8 -> min@0.0 max@1.8 input
 ->la_data_in[14] input min@0.0 max@1.8 -> min@0.0 max@1.8 input
 ->la_data_in[15] input min@0.0 max@1.8 -> min@0.0 max@1.8 input
 ->la_data_in[16] input min@0.0 max@1.8 -> min@0.0 max@1.8 input
 ->la_data_in[17] input min@0.0 max@1.8 -> min@0.0 max@1.8 input
 ->la_data_in[18] input min@0.0 max@1.8 -> min@0.0 max@1.8 input
 ->la_data_in[19] input min@0.0 max@1.8 -> min@0.0 max@1.8 input
 ->la_data_in[1] input min@0.0 max@1.8 -> min@0.0 max@1.8 input
 ->la_data_in[20] input min@0.0 max@1.8 -> min@0.0 max@1.8 input
 ->la_data_in[21] input min@0.0 max@1.8 -> min@0.0 max@1.8 input
 ->la_data_in[22] input min@0.0 max@1.8 -> min@0.0 max@1.8 input
 ->la_data_in[23] input min@0.0 max@1.8 -> min@0.0 max@1.8 input
 ->la_data_in[24] input min@0.0 max@1.8 -> min@0.0 max@1.8 input
 ->la_data_in[25] input min@0.0 max@1.8 -> min@0.0 max@1.8 input
 ->la_data_in[26] input min@0.0 max@1.8 -> min@0.0 max@1.8 input
 ->la_data_in[27] input min@0.0 max@1.8 -> min@0.0 max@1.8 input
 ->la_data_in[28] input min@0.0 max@1.8 -> min@0.0 max@1.8 input
 ->la_data_in[29] input min@0.0 max@1.8 -> min@0.0 max@1.8 input
 ->la_data_in[2] input min@0.0 max@1.8 -> min@0.0 max@1.8 input
 ->la_data_in[30] input min@0.0 max@1.8 -> min@0.0 max@1.8 input
 ->la_data_in[31] input min@0.0 max@1.8 -> min@0.0 max@1.8 input
 ->la_data_in[32] input min@0.0 max@1.8 -> min@0.0 max@1.8 input
 ->la_data_in[33] input min@0.0 max@1.8 -> min@0.0 max@1.8 input
 ->la_data_in[34] input min@0.0 max@1.8 -> min@0.0 max@1.8 input
 ->la_data_in[35] input min@0.0 max@1.8 -> min@0.0 max@1.8 input
 ->la_data_in[36] input min@0.0 max@1.8 -> min@0.0 max@1.8 input
 ->la_data_in[37] input min@0.0 max@1.8 -> min@0.0 max@1.8 input
 ->la_data_in[38] input min@0.0 max@1.8 -> min@0.0 max@1.8 input
 ->la_data_in[39] input min@0.0 max@1.8 -> min@0.0 max@1.8 input
 ->la_data_in[3] input min@0.0 max@1.8 -> min@0.0 max@1.8 input
 ->la_data_in[40] input min@0.0 max@1.8 -> min@0.0 max@1.8 input
 ->la_data_in[41] input min@0.0 max@1.8 -> min@0.0 max@1.8 input
 ->la_data_in[42] input min@0.0 max@1.8 -> min@0.0 max@1.8 input
 ->la_data_in[43] input min@0.0 max@1.8 -> min@0.0 max@1.8 input
 ->la_data_in[44] input min@0.0 max@1.8 -> min@0.0 max@1.8 input
 ->la_data_in[45] input min@0.0 max@1.8 -> min@0.0 max@1.8 input
 ->la_data_in[46] input min@0.0 max@1.8 -> min@0.0 max@1.8 input
 ->la_data_in[47] input min@0.0 max@1.8 -> min@0.0 max@1.8 input
 ->la_data_in[48] input min@0.0 max@1.8 -> min@0.0 max@1.8 input
 ->la_data_in[49] input min@0.0 max@1.8 -> min@0.0 max@1.8 input
 ->la_data_in[4] input min@0.0 max@1.8 -> min@0.0 max@1.8 input
 ->la_data_in[50] input min@0.0 max@1.8 -> min@0.0 max@1.8 input
 ->la_data_in[51] input min@0.0 max@1.8 -> min@0.0 max@1.8 input
 ->la_data_in[52] input min@0.0 max@1.8 -> min@0.0 max@1.8 input
 ->la_data_in[53] input min@0.0 max@1.8 -> min@0.0 max@1.8 input
 ->la_data_in[54] input min@0.0 max@1.8 -> min@0.0 max@1.8 input
 ->la_data_in[55] input min@0.0 max@1.8 -> min@0.0 max@1.8 input
 ->la_data_in[56] input min@0.0 max@1.8 -> min@0.0 max@1.8 input
 ->la_data_in[57] input min@0.0 max@1.8 -> min@0.0 max@1.8 input
 ->la_data_in[58] input min@0.0 max@1.8 -> min@0.0 max@1.8 input
 ->la_data_in[59] input min@0.0 max@1.8 -> min@0.0 max@1.8 input
 ->la_data_in[5] input min@0.0 max@1.8 -> min@0.0 max@1.8 input
 ->la_data_in[60] input min@0.0 max@1.8 -> min@0.0 max@1.8 input
 ->la_data_in[61] input min@0.0 max@1.8 -> min@0.0 max@1.8 input
 ->la_data_in[62] input min@0.0 max@1.8 -> min@0.0 max@1.8 input
 ->la_data_in[63] input min@0.0 max@1.8 -> min@0.0 max@1.8 input
 ->la_data_in[64] input min@0.0 max@1.8 -> min@0.0 max@1.8 input
 ->la_data_in[65] input min@0.0 max@1.8 -> min@0.0 max@1.8 input
 ->la_data_in[66] input min@0.0 max@1.8 -> min@0.0 max@1.8 input
 ->la_data_in[67] input min@0.0 max@1.8 -> min@0.0 max@1.8 input
 ->la_data_in[68] input min@0.0 max@1.8 -> min@0.0 max@1.8 input
 ->la_data_in[69] input min@0.0 max@1.8 -> min@0.0 max@1.8 input
 ->la_data_in[6] input min@0.0 max@1.8 -> min@0.0 max@1.8 input
 ->la_data_in[70] input min@0.0 max@1.8 -> min@0.0 max@1.8 input
 ->la_data_in[71] input min@0.0 max@1.8 -> min@0.0 max@1.8 input
 ->la_data_in[72] input min@0.0 max@1.8 -> min@0.0 max@1.8 input
 ->la_data_in[73] input min@0.0 max@1.8 -> min@0.0 max@1.8 input
 ->la_data_in[74] input min@0.0 max@1.8 -> min@0.0 max@1.8 input
 ->la_data_in[75] input min@0.0 max@1.8 -> min@0.0 max@1.8 input
 ->la_data_in[76] input min@0.0 max@1.8 -> min@0.0 max@1.8 input
 ->la_data_in[77] input min@0.0 max@1.8 -> min@0.0 max@1.8 input
 ->la_data_in[78] input min@0.0 max@1.8 -> min@0.0 max@1.8 input
 ->la_data_in[79] input min@0.0 max@1.8 -> min@0.0 max@1.8 input
 ->la_data_in[7] input min@0.0 max@1.8 -> min@0.0 max@1.8 input
 ->la_data_in[80] input min@0.0 max@1.8 -> min@0.0 max@1.8 input
 ->la_data_in[81] input min@0.0 max@1.8 -> min@0.0 max@1.8 input
 ->la_data_in[82] input min@0.0 max@1.8 -> min@0.0 max@1.8 input
 ->la_data_in[83] input min@0.0 max@1.8 -> min@0.0 max@1.8 input
 ->la_data_in[84] input min@0.0 max@1.8 -> min@0.0 max@1.8 input
 ->la_data_in[85] input min@0.0 max@1.8 -> min@0.0 max@1.8 input
 ->la_data_in[86] input min@0.0 max@1.8 -> min@0.0 max@1.8 input
 ->la_data_in[87] input min@0.0 max@1.8 -> min@0.0 max@1.8 input
 ->la_data_in[88] input min@0.0 max@1.8 -> min@0.0 max@1.8 input
 ->la_data_in[89] input min@0.0 max@1.8 -> min@0.0 max@1.8 input
 ->la_data_in[8] input min@0.0 max@1.8 -> min@0.0 max@1.8 input
 ->la_data_in[90] input min@0.0 max@1.8 -> min@0.0 max@1.8 input
 ->la_data_in[91] input min@0.0 max@1.8 -> min@0.0 max@1.8 input
 ->la_data_in[92] input min@0.0 max@1.8 -> min@0.0 max@1.8 input
 ->la_data_in[93] input min@0.0 max@1.8 -> min@0.0 max@1.8 input
 ->la_data_in[94] input min@0.0 max@1.8 -> min@0.0 max@1.8 input
 ->la_data_in[95] input min@0.0 max@1.8 -> min@0.0 max@1.8 input
 ->la_data_in[96] input min@0.0 max@1.8 -> min@0.0 max@1.8 input
 ->la_data_in[97] input min@0.0 max@1.8 -> min@0.0 max@1.8 input
 ->la_data_in[98] input min@0.0 max@1.8 -> min@0.0 max@1.8 input
 ->la_data_in[99] input min@0.0 max@1.8 -> min@0.0 max@1.8 input
 ->la_data_in[9] input min@0.0 max@1.8 -> min@0.0 max@1.8 input
la_oenb[*] input min@0.0 max@1.8
 ->la_oenb[0] input min@0.0 max@1.8 -> min@0.0 max@1.8 input
 ->la_oenb[100] input min@0.0 max@1.8 -> min@0.0 max@1.8 input
 ->la_oenb[101] input min@0.0 max@1.8 -> min@0.0 max@1.8 input
 ->la_oenb[102] input min@0.0 max@1.8 -> min@0.0 max@1.8 input
 ->la_oenb[103] input min@0.0 max@1.8 -> min@0.0 max@1.8 input
 ->la_oenb[104] input min@0.0 max@1.8 -> min@0.0 max@1.8 input
 ->la_oenb[105] input min@0.0 max@1.8 -> min@0.0 max@1.8 input
 ->la_oenb[106] input min@0.0 max@1.8 -> min@0.0 max@1.8 input
 ->la_oenb[107] input min@0.0 max@1.8 -> min@0.0 max@1.8 input
 ->la_oenb[108] input min@0.0 max@1.8 -> min@0.0 max@1.8 input
 ->la_oenb[109] input min@0.0 max@1.8 -> min@0.0 max@1.8 input
 ->la_oenb[10] input min@0.0 max@1.8 -> min@0.0 max@1.8 input
 ->la_oenb[110] input min@0.0 max@1.8 -> min@0.0 max@1.8 input
 ->la_oenb[111] input min@0.0 max@1.8 -> min@0.0 max@1.8 input
 ->la_oenb[112] input min@0.0 max@1.8 -> min@0.0 max@1.8 input
 ->la_oenb[113] input min@0.0 max@1.8 -> min@0.0 max@1.8 input
 ->la_oenb[114] input min@0.0 max@1.8 -> min@0.0 max@1.8 input
 ->la_oenb[115] input min@0.0 max@1.8 -> min@0.0 max@1.8 input
 ->la_oenb[116] input min@0.0 max@1.8 -> min@0.0 max@1.8 input
 ->la_oenb[117] input min@0.0 max@1.8 -> min@0.0 max@1.8 input
 ->la_oenb[118] input min@0.0 max@1.8 -> min@0.0 max@1.8 input
 ->la_oenb[119] input min@0.0 max@1.8 -> min@0.0 max@1.8 input
 ->la_oenb[11] input min@0.0 max@1.8 -> min@0.0 max@1.8 input
 ->la_oenb[120] input min@0.0 max@1.8 -> min@0.0 max@1.8 input
 ->la_oenb[121] input min@0.0 max@1.8 -> min@0.0 max@1.8 input
 ->la_oenb[122] input min@0.0 max@1.8 -> min@0.0 max@1.8 input
 ->la_oenb[123] input min@0.0 max@1.8 -> min@0.0 max@1.8 input
 ->la_oenb[124] input min@0.0 max@1.8 -> min@0.0 max@1.8 input
 ->la_oenb[125] input min@0.0 max@1.8 -> min@0.0 max@1.8 input
 ->la_oenb[126] input min@0.0 max@1.8 -> min@0.0 max@1.8 input
 ->la_oenb[127] input min@0.0 max@1.8 -> min@0.0 max@1.8 input
 ->la_oenb[12] input min@0.0 max@1.8 -> min@0.0 max@1.8 input
 ->la_oenb[13] input min@0.0 max@1.8 -> min@0.0 max@1.8 input
 ->la_oenb[14] input min@0.0 max@1.8 -> min@0.0 max@1.8 input
 ->la_oenb[15] input min@0.0 max@1.8 -> min@0.0 max@1.8 input
 ->la_oenb[16] input min@0.0 max@1.8 -> min@0.0 max@1.8 input
 ->la_oenb[17] input min@0.0 max@1.8 -> min@0.0 max@1.8 input
 ->la_oenb[18] input min@0.0 max@1.8 -> min@0.0 max@1.8 input
 ->la_oenb[19] input min@0.0 max@1.8 -> min@0.0 max@1.8 input
 ->la_oenb[1] input min@0.0 max@1.8 -> min@0.0 max@1.8 input
 ->la_oenb[20] input min@0.0 max@1.8 -> min@0.0 max@1.8 input
 ->la_oenb[21] input min@0.0 max@1.8 -> min@0.0 max@1.8 input
 ->la_oenb[22] input min@0.0 max@1.8 -> min@0.0 max@1.8 input
 ->la_oenb[23] input min@0.0 max@1.8 -> min@0.0 max@1.8 input
 ->la_oenb[24] input min@0.0 max@1.8 -> min@0.0 max@1.8 input
 ->la_oenb[25] input min@0.0 max@1.8 -> min@0.0 max@1.8 input
 ->la_oenb[26] input min@0.0 max@1.8 -> min@0.0 max@1.8 input
 ->la_oenb[27] input min@0.0 max@1.8 -> min@0.0 max@1.8 input
 ->la_oenb[28] input min@0.0 max@1.8 -> min@0.0 max@1.8 input
 ->la_oenb[29] input min@0.0 max@1.8 -> min@0.0 max@1.8 input
 ->la_oenb[2] input min@0.0 max@1.8 -> min@0.0 max@1.8 input
 ->la_oenb[30] input min@0.0 max@1.8 -> min@0.0 max@1.8 input
 ->la_oenb[31] input min@0.0 max@1.8 -> min@0.0 max@1.8 input
 ->la_oenb[32] input min@0.0 max@1.8 -> min@0.0 max@1.8 input
 ->la_oenb[33] input min@0.0 max@1.8 -> min@0.0 max@1.8 input
 ->la_oenb[34] input min@0.0 max@1.8 -> min@0.0 max@1.8 input
 ->la_oenb[35] input min@0.0 max@1.8 -> min@0.0 max@1.8 input
 ->la_oenb[36] input min@0.0 max@1.8 -> min@0.0 max@1.8 input
 ->la_oenb[37] input min@0.0 max@1.8 -> min@0.0 max@1.8 input
 ->la_oenb[38] input min@0.0 max@1.8 -> min@0.0 max@1.8 input
 ->la_oenb[39] input min@0.0 max@1.8 -> min@0.0 max@1.8 input
 ->la_oenb[3] input min@0.0 max@1.8 -> min@0.0 max@1.8 input
 ->la_oenb[40] input min@0.0 max@1.8 -> min@0.0 max@1.8 input
 ->la_oenb[41] input min@0.0 max@1.8 -> min@0.0 max@1.8 input
 ->la_oenb[42] input min@0.0 max@1.8 -> min@0.0 max@1.8 input
 ->la_oenb[43] input min@0.0 max@1.8 -> min@0.0 max@1.8 input
 ->la_oenb[44] input min@0.0 max@1.8 -> min@0.0 max@1.8 input
 ->la_oenb[45] input min@0.0 max@1.8 -> min@0.0 max@1.8 input
 ->la_oenb[46] input min@0.0 max@1.8 -> min@0.0 max@1.8 input
 ->la_oenb[47] input min@0.0 max@1.8 -> min@0.0 max@1.8 input
 ->la_oenb[48] input min@0.0 max@1.8 -> min@0.0 max@1.8 input
 ->la_oenb[49] input min@0.0 max@1.8 -> min@0.0 max@1.8 input
 ->la_oenb[4] input min@0.0 max@1.8 -> min@0.0 max@1.8 input
 ->la_oenb[50] input min@0.0 max@1.8 -> min@0.0 max@1.8 input
 ->la_oenb[51] input min@0.0 max@1.8 -> min@0.0 max@1.8 input
 ->la_oenb[52] input min@0.0 max@1.8 -> min@0.0 max@1.8 input
 ->la_oenb[53] input min@0.0 max@1.8 -> min@0.0 max@1.8 input
 ->la_oenb[54] input min@0.0 max@1.8 -> min@0.0 max@1.8 input
 ->la_oenb[55] input min@0.0 max@1.8 -> min@0.0 max@1.8 input
 ->la_oenb[56] input min@0.0 max@1.8 -> min@0.0 max@1.8 input
 ->la_oenb[57] input min@0.0 max@1.8 -> min@0.0 max@1.8 input
 ->la_oenb[58] input min@0.0 max@1.8 -> min@0.0 max@1.8 input
 ->la_oenb[59] input min@0.0 max@1.8 -> min@0.0 max@1.8 input
 ->la_oenb[5] input min@0.0 max@1.8 -> min@0.0 max@1.8 input
 ->la_oenb[60] input min@0.0 max@1.8 -> min@0.0 max@1.8 input
 ->la_oenb[61] input min@0.0 max@1.8 -> min@0.0 max@1.8 input
 ->la_oenb[62] input min@0.0 max@1.8 -> min@0.0 max@1.8 input
 ->la_oenb[63] input min@0.0 max@1.8 -> min@0.0 max@1.8 input
 ->la_oenb[64] input min@0.0 max@1.8 -> min@0.0 max@1.8 input
 ->la_oenb[65] input min@0.0 max@1.8 -> min@0.0 max@1.8 input
 ->la_oenb[66] input min@0.0 max@1.8 -> min@0.0 max@1.8 input
 ->la_oenb[67] input min@0.0 max@1.8 -> min@0.0 max@1.8 input
 ->la_oenb[68] input min@0.0 max@1.8 -> min@0.0 max@1.8 input
 ->la_oenb[69] input min@0.0 max@1.8 -> min@0.0 max@1.8 input
 ->la_oenb[6] input min@0.0 max@1.8 -> min@0.0 max@1.8 input
 ->la_oenb[70] input min@0.0 max@1.8 -> min@0.0 max@1.8 input
 ->la_oenb[71] input min@0.0 max@1.8 -> min@0.0 max@1.8 input
 ->la_oenb[72] input min@0.0 max@1.8 -> min@0.0 max@1.8 input
 ->la_oenb[73] input min@0.0 max@1.8 -> min@0.0 max@1.8 input
 ->la_oenb[74] input min@0.0 max@1.8 -> min@0.0 max@1.8 input
 ->la_oenb[75] input min@0.0 max@1.8 -> min@0.0 max@1.8 input
 ->la_oenb[76] input min@0.0 max@1.8 -> min@0.0 max@1.8 input
 ->la_oenb[77] input min@0.0 max@1.8 -> min@0.0 max@1.8 input
 ->la_oenb[78] input min@0.0 max@1.8 -> min@0.0 max@1.8 input
 ->la_oenb[79] input min@0.0 max@1.8 -> min@0.0 max@1.8 input
 ->la_oenb[7] input min@0.0 max@1.8 -> min@0.0 max@1.8 input
 ->la_oenb[80] input min@0.0 max@1.8 -> min@0.0 max@1.8 input
 ->la_oenb[81] input min@0.0 max@1.8 -> min@0.0 max@1.8 input
 ->la_oenb[82] input min@0.0 max@1.8 -> min@0.0 max@1.8 input
 ->la_oenb[83] input min@0.0 max@1.8 -> min@0.0 max@1.8 input
 ->la_oenb[84] input min@0.0 max@1.8 -> min@0.0 max@1.8 input
 ->la_oenb[85] input min@0.0 max@1.8 -> min@0.0 max@1.8 input
 ->la_oenb[86] input min@0.0 max@1.8 -> min@0.0 max@1.8 input
 ->la_oenb[87] input min@0.0 max@1.8 -> min@0.0 max@1.8 input
 ->la_oenb[88] input min@0.0 max@1.8 -> min@0.0 max@1.8 input
 ->la_oenb[89] input min@0.0 max@1.8 -> min@0.0 max@1.8 input
 ->la_oenb[8] input min@0.0 max@1.8 -> min@0.0 max@1.8 input
 ->la_oenb[90] input min@0.0 max@1.8 -> min@0.0 max@1.8 input
 ->la_oenb[91] input min@0.0 max@1.8 -> min@0.0 max@1.8 input
 ->la_oenb[92] input min@0.0 max@1.8 -> min@0.0 max@1.8 input
 ->la_oenb[93] input min@0.0 max@1.8 -> min@0.0 max@1.8 input
 ->la_oenb[94] input min@0.0 max@1.8 -> min@0.0 max@1.8 input
 ->la_oenb[95] input min@0.0 max@1.8 -> min@0.0 max@1.8 input
 ->la_oenb[96] input min@0.0 max@1.8 -> min@0.0 max@1.8 input
 ->la_oenb[97] input min@0.0 max@1.8 -> min@0.0 max@1.8 input
 ->la_oenb[98] input min@0.0 max@1.8 -> min@0.0 max@1.8 input
 ->la_oenb[99] input min@0.0 max@1.8 -> min@0.0 max@1.8 input
 ->la_oenb[9] input min@0.0 max@1.8 -> min@0.0 max@1.8 input
wbs_adr_i[*] input min@0.0 max@1.8
 ->wbs_adr_i[0] input min@0.0 max@1.8 -> min@0.0 max@1.8 input
 ->wbs_adr_i[10] input min@0.0 max@1.8 -> min@0.0 max@1.8 input
 ->wbs_adr_i[11] input min@0.0 max@1.8 -> min@0.0 max@1.8 input
 ->wbs_adr_i[12] input min@0.0 max@1.8 -> min@0.0 max@1.8 input
 ->wbs_adr_i[13] input min@0.0 max@1.8 -> min@0.0 max@1.8 input
 ->wbs_adr_i[14] input min@0.0 max@1.8 -> min@0.0 max@1.8 input
 ->wbs_adr_i[15] input min@0.0 max@1.8 -> min@0.0 max@1.8 input
 ->wbs_adr_i[16] input min@0.0 max@1.8 -> min@0.0 max@1.8 input
 ->wbs_adr_i[17] input min@0.0 max@1.8 -> min@0.0 max@1.8 input
 ->wbs_adr_i[18] input min@0.0 max@1.8 -> min@0.0 max@1.8 input
 ->wbs_adr_i[19] input min@0.0 max@1.8 -> min@0.0 max@1.8 input
 ->wbs_adr_i[1] input min@0.0 max@1.8 -> min@0.0 max@1.8 input
 ->wbs_adr_i[20] input min@0.0 max@1.8 -> min@0.0 max@1.8 input
 ->wbs_adr_i[21] input min@0.0 max@1.8 -> min@0.0 max@1.8 input
 ->wbs_adr_i[22] input min@0.0 max@1.8 -> min@0.0 max@1.8 input
 ->wbs_adr_i[23] input min@0.0 max@1.8 -> min@0.0 max@1.8 input
 ->wbs_adr_i[24] input min@0.0 max@1.8 -> min@0.0 max@1.8 input
 ->wbs_adr_i[25] input min@0.0 max@1.8 -> min@0.0 max@1.8 input
 ->wbs_adr_i[26] input min@0.0 max@1.8 -> min@0.0 max@1.8 input
 ->wbs_adr_i[27] input min@0.0 max@1.8 -> min@0.0 max@1.8 input
 ->wbs_adr_i[28] input min@0.0 max@1.8 -> min@0.0 max@1.8 input
 ->wbs_adr_i[29] input min@0.0 max@1.8 -> min@0.0 max@1.8 input
 ->wbs_adr_i[2] input min@0.0 max@1.8 -> min@0.0 max@1.8 input
 ->wbs_adr_i[30] input min@0.0 max@1.8 -> min@0.0 max@1.8 input
 ->wbs_adr_i[31] input min@0.0 max@1.8 -> min@0.0 max@1.8 input
 ->wbs_adr_i[3] input min@0.0 max@1.8 -> min@0.0 max@1.8 input
 ->wbs_adr_i[4] input min@0.0 max@1.8 -> min@0.0 max@1.8 input
 ->wbs_adr_i[5] input min@0.0 max@1.8 -> min@0.0 max@1.8 input
 ->wbs_adr_i[6] input min@0.0 max@1.8 -> min@0.0 max@1.8 input
 ->wbs_adr_i[7] input min@0.0 max@1.8 -> min@0.0 max@1.8 input
 ->wbs_adr_i[8] input min@0.0 max@1.8 -> min@0.0 max@1.8 input
 ->wbs_adr_i[9] input min@0.0 max@1.8 -> min@0.0 max@1.8 input
wbs_dat_i[*] input min@0.0 max@1.8
 ->wbs_dat_i[0] input min@0.0 max@1.8 -> min@0.0 max@1.8 input
 ->wbs_dat_i[10] input min@0.0 max@1.8 -> min@0.0 max@1.8 input
 ->wbs_dat_i[11] input min@0.0 max@1.8 -> min@0.0 max@1.8 input
 ->wbs_dat_i[12] input min@0.0 max@1.8 -> min@0.0 max@1.8 input
 ->wbs_dat_i[13] input min@0.0 max@1.8 -> min@0.0 max@1.8 input
 ->wbs_dat_i[14] input min@0.0 max@1.8 -> min@0.0 max@1.8 input
 ->wbs_dat_i[15] input min@0.0 max@1.8 -> min@0.0 max@1.8 input
 ->wbs_dat_i[16] input min@0.0 max@1.8 -> min@0.0 max@1.8 input
 ->wbs_dat_i[17] input min@0.0 max@1.8 -> min@0.0 max@1.8 input
 ->wbs_dat_i[18] input min@0.0 max@1.8 -> min@0.0 max@1.8 input
 ->wbs_dat_i[19] input min@0.0 max@1.8 -> min@0.0 max@1.8 input
 ->wbs_dat_i[1] input min@0.0 max@1.8 -> min@0.0 max@1.8 input
 ->wbs_dat_i[20] input min@0.0 max@1.8 -> min@0.0 max@1.8 input
 ->wbs_dat_i[21] input min@0.0 max@1.8 -> min@0.0 max@1.8 input
 ->wbs_dat_i[22] input min@0.0 max@1.8 -> min@0.0 max@1.8 input
 ->wbs_dat_i[23] input min@0.0 max@1.8 -> min@0.0 max@1.8 input
 ->wbs_dat_i[24] input min@0.0 max@1.8 -> min@0.0 max@1.8 input
 ->wbs_dat_i[25] input min@0.0 max@1.8 -> min@0.0 max@1.8 input
 ->wbs_dat_i[26] input min@0.0 max@1.8 -> min@0.0 max@1.8 input
 ->wbs_dat_i[27] input min@0.0 max@1.8 -> min@0.0 max@1.8 input
 ->wbs_dat_i[28] input min@0.0 max@1.8 -> min@0.0 max@1.8 input
 ->wbs_dat_i[29] input min@0.0 max@1.8 -> min@0.0 max@1.8 input
 ->wbs_dat_i[2] input min@0.0 max@1.8 -> min@0.0 max@1.8 input
 ->wbs_dat_i[30] input min@0.0 max@1.8 -> min@0.0 max@1.8 input
 ->wbs_dat_i[31] input min@0.0 max@1.8 -> min@0.0 max@1.8 input
 ->wbs_dat_i[3] input min@0.0 max@1.8 -> min@0.0 max@1.8 input
 ->wbs_dat_i[4] input min@0.0 max@1.8 -> min@0.0 max@1.8 input
 ->wbs_dat_i[5] input min@0.0 max@1.8 -> min@0.0 max@1.8 input
 ->wbs_dat_i[6] input min@0.0 max@1.8 -> min@0.0 max@1.8 input
 ->wbs_dat_i[7] input min@0.0 max@1.8 -> min@0.0 max@1.8 input
 ->wbs_dat_i[8] input min@0.0 max@1.8 -> min@0.0 max@1.8 input
 ->wbs_dat_i[9] input min@0.0 max@1.8 -> min@0.0 max@1.8 input
wbs_sel_i[*] input min@0.0 max@1.8
 ->wbs_sel_i[0] input min@0.0 max@1.8 -> min@0.0 max@1.8 input
 ->wbs_sel_i[1] input min@0.0 max@1.8 -> min@0.0 max@1.8 input
 ->wbs_sel_i[2] input min@0.0 max@1.8 -> min@0.0 max@1.8 input
 ->wbs_sel_i[3] input min@0.0 max@1.8 -> min@0.0 max@1.8 input
> expected values
io_out[6:0] expectMin@0.0 expectMax@1.8
 ->io_out[0] expectMin@0.0 expectMax@1.8
 ->io_out[1] expectMin@0.0 expectMax@1.8
 ->io_out[2] expectMin@0.0 expectMax@1.8
 ->io_out[3] expectMin@0.0 expectMax@1.8
 ->io_out[4] expectMin@0.0 expectMax@1.8
 ->io_out[5] expectMin@0.0 expectMax@1.8
 ->io_out[6] expectMin@0.0 expectMax@1.8
io_oeb[6:0] expectMin@0.0 expectMax@1.8
 ->io_oeb[0] expectMin@0.0 expectMax@1.8
 ->io_oeb[1] expectMin@0.0 expectMax@1.8
 ->io_oeb[2] expectMin@0.0 expectMax@1.8
 ->io_oeb[3] expectMin@0.0 expectMax@1.8
 ->io_oeb[4] expectMin@0.0 expectMax@1.8
 ->io_oeb[5] expectMin@0.0 expectMax@1.8
 ->io_oeb[6] expectMin@0.0 expectMax@1.8
> macros
Power List> end

CVC: Linking devices...
Usage EQUIV: Time: 0  Memory: 50800  I/O: 72  Swap: 0
Power nets 396
Hash dump:parameter->resistance map
Contains 293 buckets, 574 elements
Element count 0, 30
Element count 1, 74
Element count 2, 114
Element count 3, 47
Element count 4, 15
Element count 5, 8
Element count 6, 4
Element count 7, 1
Unused hash: 0.10, average depth 2.76
Hash dump:text->circuit map
Contains 79 buckets, 122 elements
Element count 0, 12
Element count 1, 28
Element count 2, 24
Element count 3, 14
Element count 4, 1
Unused hash: 0.15, average depth 2.18
Hash dump:string->text map
Contains 53201 buckets, 56645 elements
Element count 0, 18286
Element count 1, 19609
Element count 2, 10389
Element count 3, 3692
Element count 4, 987
Element count 5, 196
Element count 6, 40
Element count 7, 2
Unused hash: 0.34, average depth 2.06
CVC: Shorting non conducting resistors...
CVC: Calculating resistor voltages...
Usage RES: Time: 0  Memory: 50800  I/O: 72  Swap: 0
Power nets 396
CVC: Calculating min/max voltages...
Processing trivial nets found 0 trivial nets
WARNING: unknown min gate at net->device: /Xu_ucb/net25 -> /Xu_ucb(ucb_top)/X_09036_(BV_sky130_fd_sc_hd__and4_1)/MX4
WARNING: unknown min gate at net->device: /Xu_ucb/net162 -> /Xu_ucb(ucb_top)/X_06883_(BV_sky130_fd_sc_hd__mux2_1)/MX7
WARNING: unknown min gate at net->device: /Xu_ucb/net1139 -> /Xu_ucb(ucb_top)/X_09068_(BV_sky130_fd_sc_hd__mux2_1)/MX4
WARNING: unknown min gate at net->device: /Xu_ucb/net1055 -> /Xu_ucb(ucb_top)/X_07504_(BV_sky130_fd_sc_hd__a22o_1)/MX4
WARNING: unknown min gate at net->device: /Xu_ucb/net641 -> /Xu_ucb(ucb_top)/X_09723_(BV_sky130_fd_sc_hd__a22o_1)/MX8
WARNING: unknown min gate at net->device: /Xu_ucb/net658 -> /Xu_ucb(ucb_top)/X_10343_(BV_sky130_fd_sc_hd__a2111o_1)/MX4
WARNING: unknown min gate at net->device: /Xu_ucb/net1121 -> /Xu_ucb(ucb_top)/X_05695_(BV_sky130_fd_sc_hd__o21ai_2)/MX4
WARNING: unknown min gate at net->device: /Xu_ucb/net656 -> /Xu_ucb(ucb_top)/X_09619_(BV_sky130_fd_sc_hd__o22ai_4)/MX5
WARNING: unknown min gate at net->device: /Xu_ucb/net1120 -> /Xu_ucb(ucb_top)/X_06094_(BV_sky130_fd_sc_hd__o21ai_4)/MX2
WARNING: unknown min gate at net->device: /Xu_ucb/net979 -> /Xu_ucb(ucb_top)/X_10009_(BV_sky130_fd_sc_hd__o21a_1)/MX6
WARNING: unknown min gate at net->device: /Xu_ucb/net298 -> /Xu_ucb(ucb_top)/X_09671_(BV_sky130_fd_sc_hd__a211o_1)/MX1
WARNING: unknown min gate at net->device: /Xu_ucb/net14 -> /Xu_ucb(ucb_top)/X_05696_(BV_sky130_fd_sc_hd__o22a_1)/MX5
WARNING: unknown min gate at net->device: /Xu_ucb/net1122 -> /Xu_ucb(ucb_top)/X_07949_(BV_sky130_fd_sc_hd__o22a_1)/MX2
WARNING: unknown min gate at net->device: /Xu_ucb/net1120 -> /Xu_ucb(ucb_top)/X_06194_(BV_sky130_fd_sc_hd__o2bb2a_1)/MX3
WARNING: unknown min gate at net->device: /Xu_ucb/net1122 -> /Xu_ucb(ucb_top)/X_06245_(BV_sky130_fd_sc_hd__o22a_2)/MX8
WARNING: unknown min gate at net->device: /Xu_ucb/net655 -> /Xu_ucb(ucb_top)/X_10710_(BV_sky130_fd_sc_hd__o22a_4)/MX8
WARNING: unknown min gate at net->device: /Xu_ucb/net1138 -> /Xu_ucb(ucb_top)/X_09030_(BV_sky130_fd_sc_hd__o21ba_1)/MX7
WARNING: unknown min gate at net->device: /Xu_ucb/net655 -> /Xu_ucb(ucb_top)/X_09846_(BV_sky130_fd_sc_hd__o31a_1)/MX3
WARNING: unknown min gate at net->device: /Xu_ucb/net1123 -> /Xu_ucb(ucb_top)/X_07378_(BV_sky130_fd_sc_hd__o21ai_1)/MX0
WARNING: unknown min gate at net->device: /Xu_ucb/net656 -> /Xu_ucb(ucb_top)/X_09561_(BV_sky130_fd_sc_hd__o2bb2a_4)/MX8
WARNING: unknown min gate at net->device: /Xu_ucb/net655 -> /Xu_ucb(ucb_top)/X_09999_(BV_sky130_fd_sc_hd__o32a_1)/MX8
WARNING: unknown min gate at net->device: /Xu_ucb/net655 -> /Xu_ucb(ucb_top)/X_09339_(BV_sky130_fd_sc_hd__o2bb2a_2)/MX6
WARNING: unknown min gate at net->device: /Xu_ucb/net719 -> /Xu_ucb(ucb_top)/X_08553_(BV_sky130_fd_sc_hd__xor2_1)/MX3
WARNING: unknown min gate at net->device: /Xu_ucb/net1143 -> /Xu_ucb(ucb_top)/X_05481_(BV_sky130_fd_sc_hd__nor2_4)/MX2
WARNING: unknown min gate at net->device: /Xu_ucb/net298 -> /Xu_ucb(ucb_top)/X_09683_(BV_sky130_fd_sc_hd__or2_1)/MX5
WARNING: unknown min gate at net->device: /Xu_ucb/net298 -> /Xu_ucb(ucb_top)/X_09660_(BV_sky130_fd_sc_hd__nor2_1)/MX2
WARNING: unknown min gate at net->device: /Xu_ucb/net1120 -> /Xu_ucb(ucb_top)/X_06195_(BV_sky130_fd_sc_hd__a2bb2o_2)/MX6
WARNING: unknown min gate at net->device: /Xu_ucb/net656 -> /Xu_ucb(ucb_top)/X_09283_(BV_sky130_fd_sc_hd__a2bb2o_1)/MX0
WARNING: unknown min gate at net->device: /Xu_ucb/net1132 -> /Xu_ucb(ucb_top)/X_09088_(BV_sky130_fd_sc_hd__nor4_1)/MX6
WARNING: unknown min gate at net->device: /Xu_ucb/net1148 -> /Xu_ucb(ucb_top)/X_05416_(BV_sky130_fd_sc_hd__or4_4)/MX9
WARNING: unknown min gate at net->device: /Xu_ucb/net1147 -> /Xu_ucb(ucb_top)/X_05419_(BV_sky130_fd_sc_hd__or2_4)/MX0
WARNING: unknown min gate at net->device: /Xu_ucb/net6 -> /Xu_ucb(ucb_top)/X_05417_(BV_sky130_fd_sc_hd__or2_2)/MX0
WARNING: unknown min gate at net->device: /Xu_ucb/net1141 -> /Xu_ucb(ucb_top)/X_05436_(BV_sky130_fd_sc_hd__nor2_8)/MX1
WARNING: unknown max gate at net->device: /Xu_ucb/net14 -> /Xu_ucb(ucb_top)/X_05697_(BV_sky130_fd_sc_hd__a221oi_1)/MX3
WARNING: unknown max gate at net->device: /Xu_ucb/net303 -> /Xu_ucb(ucb_top)/X_09339_(BV_sky130_fd_sc_hd__o2bb2a_2)/MX0
WARNING: unknown max gate at net->device: /Xu_ucb/net655 -> /Xu_ucb(ucb_top)/X_09999_(BV_sky130_fd_sc_hd__o32a_1)/MX6
WARNING: unknown max gate at net->device: /Xu_ucb/net1134 -> /Xu_ucb(ucb_top)/X_09112_(BV_sky130_fd_sc_hd__and4b_4)/MX10
WARNING: unknown max gate at net->device: /Xu_ucb/net1416 -> /Xu_ucb(ucb_top)/X_12907_(BV_sky130_fd_sc_hd__dfrtp_4)/MX13
WARNING: unknown max gate at net->device: /Xu_ucb/net1132 -> /Xu_ucb(ucb_top)/X_09116_(BV_sky130_fd_sc_hd__and4bb_4)/MX8
WARNING: unknown max gate at net->device: /Xu_ucb/net656 -> /Xu_ucb(ucb_top)/X_09561_(BV_sky130_fd_sc_hd__o2bb2a_4)/MX10
WARNING: unknown max gate at net->device: /Xu_ucb/net1122 -> /Xu_ucb(ucb_top)/X_07990_(BV_sky130_fd_sc_hd__o21ai_1)/MX2
WARNING: unknown max gate at net->device: /Xu_ucb/net655 -> /Xu_ucb(ucb_top)/X_09921_(BV_sky130_fd_sc_hd__o31a_1)/MX8
WARNING: unknown max gate at net->device: /Xu_ucb/net1306 -> /Xu_ucb(ucb_top)/X_10800_(BV_sky130_fd_sc_hd__dfrtp_2)/MX13
WARNING: unknown max gate at net->device: /Xu_ucb/net1416 -> /Xu_ucb(ucb_top)/X_12842_(BV_sky130_fd_sc_hd__dfstp_1)/MX26
WARNING: unknown max gate at net->device: /Xu_ucb/net653 -> /Xu_ucb(ucb_top)/X_10201_(BV_sky130_fd_sc_hd__o22a_4)/MX9
WARNING: unknown max gate at net->device: /Xu_ucb/net16 -> /Xu_ucb(ucb_top)/X_05699_(BV_sky130_fd_sc_hd__o2bb2a_1)/MX8
WARNING: unknown max gate at net->device: /Xu_ucb/net969 -> /Xu_ucb(ucb_top)/X_09091_(BV_sky130_fd_sc_hd__nand2_4)/MX3
WARNING: unknown max gate at net->device: /Xu_ucb/net9 -> /Xu_ucb(ucb_top)/X_06046_(BV_sky130_fd_sc_hd__nand2b_1)/MX2
WARNING: unknown max gate at net->device: /Xu_ucb/clknet_leaf_154_clk -> /Xu_ucb(ucb_top)/Xclkload214(BV_sky130_fd_sc_hd__clkinvlp_4)/MX3
WARNING: unknown max gate at net->device: /Xu_ucb/net9 -> /Xu_ucb(ucb_top)/X_06047_(BV_sky130_fd_sc_hd__xnor2_1)/MX9
WARNING: unknown max gate at net->device: /Xu_ucb/net1377 -> /Xu_ucb(ucb_top)/X_12529_(BV_sky130_fd_sc_hd__dfrtp_1)/MX12
WARNING: unknown max gate at net->device: /Xu_ucb/net1447 -> /Xu_ucb(ucb_top)/X_05430_(BV_sky130_fd_sc_hd__nand2_1)/MX2
WARNING: unknown max gate at net->device: /Xu_ucb/net7 -> /Xu_ucb(ucb_top)/X_05696_(BV_sky130_fd_sc_hd__o22a_1)/MX6
WARNING: unknown max gate at net->device: /Xu_ucb/net583 -> /Xu_ucb(ucb_top)/X_09746_(BV_sky130_fd_sc_hd__a22o_1)/MX9
WARNING: unknown max gate at net->device: /Xu_ucb/net594 -> /Xu_ucb(ucb_top)/X_09731_(BV_sky130_fd_sc_hd__a211o_1)/MX5
WARNING: unknown max gate at net->device: /Xu_ucb/net701 -> /Xu_ucb(ucb_top)/X_06952_(BV_sky130_fd_sc_hd__mux2_1)/MX9
WARNING: unknown max gate at net->device: /Xu_ucb/net655 -> /Xu_ucb(ucb_top)/X_09339_(BV_sky130_fd_sc_hd__o2bb2a_2)/MX7
WARNING: unknown max gate at net->device: /Xu_ucb/net68 -> /Xu_ucb(ucb_top)/X_10718_(BV_sky130_fd_sc_hd__a41o_1)/MX1
WARNING: unknown max gate at net->device: /Xu_ucb/net939 -> /Xu_ucb(ucb_top)/X_09106_(BV_sky130_fd_sc_hd__and2_2)/MX2
WARNING: unknown max gate at net->device: /Xu_ucb/net1137 -> /Xu_ucb(ucb_top)/X_09108_(BV_sky130_fd_sc_hd__and4b_1)/MX5
WARNING: unknown max gate at net->device: /Xu_ucb/net1120 -> /Xu_ucb(ucb_top)/X_06144_(BV_sky130_fd_sc_hd__o21ai_4)/MX3
WARNING: unknown max gate at net->device: /Xu_ucb/net1416 -> /Xu_ucb(ucb_top)/X_12907_(BV_sky130_fd_sc_hd__dfrtp_4)/MX5
WARNING: unknown max gate at net->device: /Xu_ucb/net297 -> /Xu_ucb(ucb_top)/X_09624_(BV_sky130_fd_sc_hd__and3b_1)/MX9
WARNING: unknown max gate at net->device: /Xu_ucb/net1136 -> /Xu_ucb(ucb_top)/X_09145_(BV_sky130_fd_sc_hd__and4bb_1)/MX8
WARNING: unknown max gate at net->device: /Xu_ucb/net1137 -> /Xu_ucb(ucb_top)/X_09119_(BV_sky130_fd_sc_hd__and4bb_2)/MX8
WARNING: unknown max gate at net->device: /Xu_ucb/net1306 -> /Xu_ucb(ucb_top)/X_10800_(BV_sky130_fd_sc_hd__dfrtp_2)/MX7
WARNING: unknown max gate at net->device: /Xu_ucb/net1416 -> /Xu_ucb(ucb_top)/X_12842_(BV_sky130_fd_sc_hd__dfstp_1)/MX31
WARNING: unknown max gate at net->device: /Xu_ucb/net1138 -> /Xu_ucb(ucb_top)/X_09030_(BV_sky130_fd_sc_hd__o21ba_1)/MX4
WARNING: unknown max gate at net->device: /Xu_ucb/net1122 -> /Xu_ucb(ucb_top)/X_07703_(BV_sky130_fd_sc_hd__o22a_2)/MX1
WARNING: unknown max gate at net->device: /Xu_ucb/net13 -> /Xu_ucb(ucb_top)/X_06246_(BV_sky130_fd_sc_hd__xor2_4)/MX7
WARNING: unknown max gate at net->device: /Xu_ucb/net655 -> /Xu_ucb(ucb_top)/X_09227_(BV_sky130_fd_sc_hd__o2bb2a_1)/MX2
WARNING: unknown max gate at net->device: /Xu_ucb/net656 -> /Xu_ucb(ucb_top)/X_09395_(BV_sky130_fd_sc_hd__o22ai_4)/MX2
WARNING: unknown max gate at net->device: /Xu_ucb/net300 -> /Xu_ucb(ucb_top)/X_10792_(BV_sky130_fd_sc_hd__a2bb2o_1)/MX6
WARNING: unknown max gate at net->device: /Xu_ucb/net1020 -> /Xu_ucb(ucb_top)/X_07204_(BV_sky130_fd_sc_hd__and2_4)/MX4
WARNING: unknown max gate at net->device: /Xu_ucb/net1120 -> /Xu_ucb(ucb_top)/X_05541_(BV_sky130_fd_sc_hd__o21ai_2)/MX0
WARNING: unknown max gate at net->device: /Xu_ucb/net1129 -> /Xu_ucb(ucb_top)/X_09069_(BV_sky130_fd_sc_hd__o21ai_2)/MX5
WARNING: unknown max gate at net->device: /Xu_ucb/net303 -> /Xu_ucb(ucb_top)/X_09340_(BV_sky130_fd_sc_hd__a2bb2o_2)/MX11
WARNING: unknown max gate at net->device: /Xu_ucb/clknet_leaf_154_clk -> /Xu_ucb(ucb_top)/Xclkload214(BV_sky130_fd_sc_hd__clkinvlp_4)/MX1
WARNING: unknown max gate at net->device: /Xu_ucb/net1057 -> /Xu_ucb(ucb_top)/X_07719_(BV_sky130_fd_sc_hd__a2111o_1)/MX0
WARNING: unknown max gate at net->device: /Xu_ucb/net9 -> /Xu_ucb(ucb_top)/X_06047_(BV_sky130_fd_sc_hd__xnor2_1)/MX5
WARNING: unknown max gate at net->device: /Xu_ucb/net931 -> /Xu_ucb(ucb_top)/X_09122_(BV_sky130_fd_sc_hd__and2_1)/MX2
WARNING: unknown max gate at net->device: /Xu_ucb/net1377 -> /Xu_ucb(ucb_top)/X_12529_(BV_sky130_fd_sc_hd__dfrtp_1)/MX5
WARNING: unknown max gate at net->device: /Xu_ucb/net1132 -> /Xu_ucb(ucb_top)/X_09124_(BV_sky130_fd_sc_hd__and4_1)/MX6
WARNING: unknown max gate at net->device: /Xu_ucb/net937 -> /Xu_ucb(ucb_top)/X_09285_(BV_sky130_fd_sc_hd__and3_1)/MX3
WARNING: unknown max gate at net->device: /Xu_ucb/net653 -> /Xu_ucb(ucb_top)/X_10363_(BV_sky130_fd_sc_hd__o22a_1)/MX4
WARNING: unknown max gate at net->device: /Xu_ucb/net623 -> /Xu_ucb(ucb_top)/X_09740_(BV_sky130_fd_sc_hd__a22o_1)/MX2
WARNING: unknown max gate at net->device: /Xu_ucb/net613 -> /Xu_ucb(ucb_top)/X_09955_(BV_sky130_fd_sc_hd__a221o_1)/MX11
WARNING: unknown max gate at net->device: /Xu_ucb/net1138 -> /Xu_ucb(ucb_top)/X_09020_(BV_sky130_fd_sc_hd__o21a_1)/MX3
WARNING: unknown max gate at net->device: /Xu_ucb/net819 -> /Xu_ucb(ucb_top)/X_05765_(BV_sky130_fd_sc_hd__a221o_1)/MX8
WARNING: unknown max gate at net->device: /Xu_ucb/net15 -> /Xu_ucb(ucb_top)/X_05697_(BV_sky130_fd_sc_hd__a221oi_1)/MX0
WARNING: unknown max gate at net->device: /Xu_ucb/net448 -> /Xu_ucb(ucb_top)/X_09702_(BV_sky130_fd_sc_hd__o21a_1)/MX1
WARNING: unknown max gate at net->device: /Xu_ucb/net300 -> /Xu_ucb(ucb_top)/X_10787_(BV_sky130_fd_sc_hd__mux2_1)/MX8
WARNING: unknown max gate at net->device: /Xu_ucb/net1139 -> /Xu_ucb(ucb_top)/X_09068_(BV_sky130_fd_sc_hd__mux2_1)/MX6
WARNING: unknown max gate at net->device: /Xu_ucb/net979 -> /Xu_ucb(ucb_top)/X_10001_(BV_sky130_fd_sc_hd__a21boi_2)/MX9
WARNING: unknown max gate at net->device: /Xu_ucb/net979 -> /Xu_ucb(ucb_top)/X_10001_(BV_sky130_fd_sc_hd__a21boi_2)/MX7
WARNING: unknown max gate at net->device: /Xu_ucb/net719 -> /Xu_ucb(ucb_top)/X_08553_(BV_sky130_fd_sc_hd__xor2_1)/MX1
WARNING: unknown max gate at net->device: /Xu_ucb/net1055 -> /Xu_ucb(ucb_top)/X_07504_(BV_sky130_fd_sc_hd__a22o_1)/MX1
WARNING: unknown max gate at net->device: /Xu_ucb/net300 -> /Xu_ucb(ucb_top)/X_10778_(BV_sky130_fd_sc_hd__o21ai_1)/MX3
WARNING: unknown max gate at net->device: /Xu_ucb/net297 -> /Xu_ucb(ucb_top)/X_09625_(BV_sky130_fd_sc_hd__a21oi_1)/MX0
WARNING: unknown max gate at net->device: /Xu_ucb/net297 -> /Xu_ucb(ucb_top)/X_09644_(BV_sky130_fd_sc_hd__a31o_1)/MX6
WARNING: unknown max gate at net->device: /Xu_ucb/net1139 -> /Xu_ucb(ucb_top)/X_10718_(BV_sky130_fd_sc_hd__a41o_1)/MX6
WARNING: unknown max gate at net->device: /Xu_ucb/net1139 -> /Xu_ucb(ucb_top)/X_10716_(BV_sky130_fd_sc_hd__a31oi_2)/MX4
WARNING: unknown max gate at net->device: /Xu_ucb/net1138 -> /Xu_ucb(ucb_top)/X_09013_(BV_sky130_fd_sc_hd__and3_1)/MX7
WARNING: unknown max gate at net->device: /Xu_ucb/net1134 -> /Xu_ucb(ucb_top)/X_09124_(BV_sky130_fd_sc_hd__and4_1)/MX9
WARNING: unknown max gate at net->device: /Xu_ucb/net1138 -> /Xu_ucb(ucb_top)/X_09019_(BV_sky130_fd_sc_hd__nand2_1)/MX1
WARNING: unknown max gate at net->device: /Xu_ucb/net958 -> /Xu_ucb(ucb_top)/X_09171_(BV_sky130_fd_sc_hd__and2_1)/MX5
WARNING: unknown max gate at net->device: /Xu_ucb/net941 -> /Xu_ucb(ucb_top)/X_09118_(BV_sky130_fd_sc_hd__and2_4)/MX5
WARNING: unknown min gate at net->device: /Xu_ucb/net1446 -> /Xu_ucb(ucb_top)/X_05416_(BV_sky130_fd_sc_hd__or4_4)/MX0
WARNING: unknown min gate at net->device: /Xu_ucb/net1446 -> /Xu_ucb(ucb_top)/X_05422_(BV_sky130_fd_sc_hd__or4bb_4)/MX4
WARNING: unknown min gate at net->device: /Xu_ucb/net1149 -> /Xu_ucb(ucb_top)/X_05444_(BV_sky130_fd_sc_hd__or3_4)/MX2
WARNING: unknown min gate at net->device: /Xu_ucb/net1134 -> /Xu_ucb(ucb_top)/X_09088_(BV_sky130_fd_sc_hd__nor4_1)/MX2
WARNING: unknown min gate at net->device: /Xu_ucb/net1134 -> /Xu_ucb(ucb_top)/X_09101_(BV_sky130_fd_sc_hd__nor4b_1)/MX5
WARNING: unknown min gate at net->device: /Xu_ucb/net1446 -> /Xu_ucb(ucb_top)/X_05437_(BV_sky130_fd_sc_hd__or4b_4)/MX8
WARNING: unknown min gate at net->device: /Xu_ucb/net1131 -> /Xu_ucb(ucb_top)/X_09088_(BV_sky130_fd_sc_hd__nor4_1)/MX1
WARNING: unknown min gate at net->device: /Xu_ucb/net1149 -> /Xu_ucb(ucb_top)/X_05416_(BV_sky130_fd_sc_hd__or4_4)/MX3
WARNING: unknown min gate at net->device: /Xu_ucb/net1148 -> /Xu_ucb(ucb_top)/X_05479_(BV_sky130_fd_sc_hd__or4b_4)/MX10
WARNING: unknown min gate at net->device: /Xu_ucb/net1132 -> /Xu_ucb(ucb_top)/X_09103_(BV_sky130_fd_sc_hd__nor4b_1)/MX6
WARNING: unknown max gate at net->device: /Xu_ucb/net1136 -> /Xu_ucb(ucb_top)/X_09096_(BV_sky130_fd_sc_hd__and4b_1)/MX10
WARNING: unknown max gate at net->device: /Xu_ucb/net1130 -> /Xu_ucb(ucb_top)/X_09124_(BV_sky130_fd_sc_hd__and4_1)/MX3
WARNING: unknown max gate at net->device: /Xu_ucb/net1136 -> /Xu_ucb(ucb_top)/X_09110_(BV_sky130_fd_sc_hd__and4b_2)/MX2
CVC: Ignoring invalid calculations...
CVC:   Removed 28945 calculations
Copying master nets
CVC: Ignoring non-conducting devices...
CVC:   Ignored 0 devices
Usage MIN/MAX1: Time: 0  Memory: 55876  I/O: 128  Swap: 0
Power nets 29341
! Checking forward bias diode errors: 

! Checking nmos source/drain vs bias errors: 

! Checking nmos gate vs source errors: 

! Checking pmos source/drain vs bias errors: 

! Checking pmos gate vs source errors: 

Usage ERROR: Time: 0  Memory: 55876  I/O: 136  Swap: 0
CVC: Propagating Simulation voltages 1...
Usage SIM1: Time: 0  Memory: 55876  I/O: 136  Swap: 0
Power nets 29341
CVC: Propagating Simulation voltages 3...
Usage SIM2: Time: 0  Memory: 55876  I/O: 136  Swap: 0
Power nets 29341
Added 0 latch voltages
CVC: Calculating min/max voltages...
Processing trivial nets found 0 trivial nets
WARNING: unknown max gate at net->device: /Xu_ucb/net14 -> /Xu_ucb(ucb_top)/X_05697_(BV_sky130_fd_sc_hd__a221oi_1)/MX3
WARNING: unknown max gate at net->device: /Xu_ucb/net303 -> /Xu_ucb(ucb_top)/X_09339_(BV_sky130_fd_sc_hd__o2bb2a_2)/MX0
WARNING: unknown max gate at net->device: /Xu_ucb/net655 -> /Xu_ucb(ucb_top)/X_09999_(BV_sky130_fd_sc_hd__o32a_1)/MX6
WARNING: unknown max gate at net->device: /Xu_ucb/net6 -> /Xu_ucb(ucb_top)/X_05417_(BV_sky130_fd_sc_hd__or2_2)/MX5
WARNING: unknown max gate at net->device: /Xu_ucb/net1135 -> /Xu_ucb(ucb_top)/X_09110_(BV_sky130_fd_sc_hd__and4b_2)/MX11
WARNING: unknown max gate at net->device: /Xu_ucb/net1147 -> /Xu_ucb(ucb_top)/X_05419_(BV_sky130_fd_sc_hd__or2_4)/MX5
WARNING: unknown max gate at net->device: /Xu_ucb/net1134 -> /Xu_ucb(ucb_top)/X_09112_(BV_sky130_fd_sc_hd__and4b_4)/MX10
WARNING: unknown max gate at net->device: /Xu_ucb/net1416 -> /Xu_ucb(ucb_top)/X_12907_(BV_sky130_fd_sc_hd__dfrtp_4)/MX13
WARNING: unknown max gate at net->device: /Xu_ucb/net1132 -> /Xu_ucb(ucb_top)/X_09116_(BV_sky130_fd_sc_hd__and4bb_4)/MX8
WARNING: unknown max gate at net->device: /Xu_ucb/net1134 -> /Xu_ucb(ucb_top)/X_09116_(BV_sky130_fd_sc_hd__and4bb_4)/MX2
WARNING: unknown max gate at net->device: /Xu_ucb/net1132 -> /Xu_ucb(ucb_top)/X_09145_(BV_sky130_fd_sc_hd__and4bb_1)/MX1
WARNING: unknown max gate at net->device: /Xu_ucb/net1131 -> /Xu_ucb(ucb_top)/X_09119_(BV_sky130_fd_sc_hd__and4bb_2)/MX11
WARNING: unknown max gate at net->device: /Xu_ucb/net656 -> /Xu_ucb(ucb_top)/X_09561_(BV_sky130_fd_sc_hd__o2bb2a_4)/MX10
WARNING: unknown max gate at net->device: /Xu_ucb/net1122 -> /Xu_ucb(ucb_top)/X_07990_(BV_sky130_fd_sc_hd__o21ai_1)/MX2
WARNING: unknown max gate at net->device: /Xu_ucb/net655 -> /Xu_ucb(ucb_top)/X_09921_(BV_sky130_fd_sc_hd__o31a_1)/MX8
WARNING: unknown max gate at net->device: /Xu_ucb/net1306 -> /Xu_ucb(ucb_top)/X_10800_(BV_sky130_fd_sc_hd__dfrtp_2)/MX13
WARNING: unknown max gate at net->device: /Xu_ucb/net1138 -> /Xu_ucb(ucb_top)/X_12857_(BV_sky130_fd_sc_hd__dfrtp_2)/MX16
WARNING: unknown max gate at net->device: /Xu_ucb/net68 -> /Xu_ucb(ucb_top)/X_10717_(BV_sky130_fd_sc_hd__and2b_1)/MX7
WARNING: unknown max gate at net->device: /Xu_ucb/clknet_leaf_146_clk -> /Xu_ucb(ucb_top)/Xclkload218(BV_sky130_fd_sc_hd__inv_8)/MX1
WARNING: unknown max gate at net->device: /Xu_ucb/net1148 -> /Xu_ucb(ucb_top)/X_05434_(BV_sky130_fd_sc_hd__or3b_4)/MX6
WARNING: unknown max gate at net->device: /Xu_ucb/net1416 -> /Xu_ucb(ucb_top)/X_12842_(BV_sky130_fd_sc_hd__dfstp_1)/MX26
WARNING: unknown max gate at net->device: /Xu_ucb/net1447 -> /Xu_ucb(ucb_top)/X_05416_(BV_sky130_fd_sc_hd__or4_4)/MX5
WARNING: unknown max gate at net->device: /Xu_ucb/net1447 -> /Xu_ucb(ucb_top)/X_05422_(BV_sky130_fd_sc_hd__or4bb_4)/MX11
WARNING: unknown max gate at net->device: /Xu_ucb/net1148 -> /Xu_ucb(ucb_top)/X_05422_(BV_sky130_fd_sc_hd__or4bb_4)/MX1
WARNING: unknown max gate at net->device: /Xu_ucb/net300 -> /Xu_ucb(ucb_top)/X_10786_(BV_sky130_fd_sc_hd__o21ba_1)/MX0
WARNING: unknown max gate at net->device: /Xu_ucb/clknet_leaf_147_clk -> /Xu_ucb(ucb_top)/Xclkload219(BV_sky130_fd_sc_hd__clkinv_8)/MX0
WARNING: unknown max gate at net->device: /Xu_ucb/net1148 -> /Xu_ucb(ucb_top)/X_05444_(BV_sky130_fd_sc_hd__or3_4)/MX4
WARNING: unknown max gate at net->device: /Xu_ucb/net653 -> /Xu_ucb(ucb_top)/X_10201_(BV_sky130_fd_sc_hd__o22a_4)/MX9
WARNING: unknown max gate at net->device: /Xu_ucb/net1132 -> /Xu_ucb(ucb_top)/X_09088_(BV_sky130_fd_sc_hd__nor4_1)/MX7
WARNING: unknown max gate at net->device: /Xu_ucb/net13 -> /Xu_ucb(ucb_top)/X_06246_(BV_sky130_fd_sc_hd__xor2_4)/MX2
WARNING: unknown max gate at net->device: /Xu_ucb/net1131 -> /Xu_ucb(ucb_top)/X_09141_(BV_sky130_fd_sc_hd__nor4b_1)/MX1
WARNING: unknown max gate at net->device: /Xu_ucb/net1130 -> /Xu_ucb(ucb_top)/X_09101_(BV_sky130_fd_sc_hd__nor4b_1)/MX3
WARNING: unknown max gate at net->device: /Xu_ucb/net16 -> /Xu_ucb(ucb_top)/X_05699_(BV_sky130_fd_sc_hd__o2bb2a_1)/MX8
WARNING: unknown max gate at net->device: /Xu_ucb/net969 -> /Xu_ucb(ucb_top)/X_09091_(BV_sky130_fd_sc_hd__nand2_4)/MX3
WARNING: unknown max gate at net->device: /Xu_ucb/clknet_leaf_126_clk -> /Xu_ucb(ucb_top)/Xclkload209(BV_sky130_fd_sc_hd__inv_6)/MX1
WARNING: unknown max gate at net->device: /Xu_ucb/clknet_leaf_128_clk -> /Xu_ucb(ucb_top)/Xclkload221(BV_sky130_fd_sc_hd__clkinv_2)/MX0
WARNING: unknown max gate at net->device: /Xu_ucb/net1149 -> /Xu_ucb(ucb_top)/X_05437_(BV_sky130_fd_sc_hd__or4b_4)/MX6
WARNING: unknown max gate at net->device: /Xu_ucb/net1447 -> /Xu_ucb(ucb_top)/X_05437_(BV_sky130_fd_sc_hd__or4b_4)/MX2
WARNING: unknown max gate at net->device: /Xu_ucb/net9 -> /Xu_ucb(ucb_top)/X_06046_(BV_sky130_fd_sc_hd__nand2b_1)/MX2
WARNING: unknown max gate at net->device: /Xu_ucb/net298 -> /Xu_ucb(ucb_top)/X_09622_(BV_sky130_fd_sc_hd__nor2_1)/MX3
WARNING: unknown max gate at net->device: /Xu_ucb/clknet_leaf_154_clk -> /Xu_ucb(ucb_top)/Xclkload214(BV_sky130_fd_sc_hd__clkinvlp_4)/MX3
WARNING: unknown max gate at net->device: /Xu_ucb/clknet_leaf_145_clk -> /Xu_ucb(ucb_top)/Xclkload217(BV_sky130_fd_sc_hd__bufinv_16)/MX5
WARNING: unknown max gate at net->device: /Xu_ucb/net1125 -> /Xu_ucb(ucb_top)/X_07719_(BV_sky130_fd_sc_hd__a2111o_1)/MX8
WARNING: unknown max gate at net->device: /Xu_ucb/net1146 -> /Xu_ucb(ucb_top)/X_05465_(BV_sky130_fd_sc_hd__nor2_8)/MX2
WARNING: unknown max gate at net->device: /Xu_ucb/net1140 -> /Xu_ucb(ucb_top)/X_05467_(BV_sky130_fd_sc_hd__nor2_8)/MX3
WARNING: unknown max gate at net->device: /Xu_ucb/net298 -> /Xu_ucb(ucb_top)/X_09638_(BV_sky130_fd_sc_hd__or2_1)/MX1
WARNING: unknown max gate at net->device: /Xu_ucb/net9 -> /Xu_ucb(ucb_top)/X_06047_(BV_sky130_fd_sc_hd__xnor2_1)/MX9
WARNING: unknown max gate at net->device: /Xu_ucb/net1147 -> /Xu_ucb(ucb_top)/X_05449_(BV_sky130_fd_sc_hd__nor2_4)/MX1
WARNING: unknown max gate at net->device: /Xu_ucb/net1377 -> /Xu_ucb(ucb_top)/X_12529_(BV_sky130_fd_sc_hd__dfrtp_1)/MX12
WARNING: unknown max gate at net->device: /Xu_ucb/net1139 -> /Xu_ucb(ucb_top)/X_12881_(BV_sky130_fd_sc_hd__dfrtp_1)/MX15
WARNING: unknown max gate at net->device: /Xu_ucb/net1447 -> /Xu_ucb(ucb_top)/X_05430_(BV_sky130_fd_sc_hd__nand2_1)/MX2
WARNING: unknown max gate at net->device: /Xu_ucb/net7 -> /Xu_ucb(ucb_top)/X_05696_(BV_sky130_fd_sc_hd__o22a_1)/MX6
WARNING: unknown max gate at net->device: /Xu_ucb/net583 -> /Xu_ucb(ucb_top)/X_09746_(BV_sky130_fd_sc_hd__a22o_1)/MX9
WARNING: unknown max gate at net->device: /Xu_ucb/net358 -> /Xu_ucb(ucb_top)/X_08537_(BV_sky130_fd_sc_hd__xor2_1)/MX2
WARNING: unknown max gate at net->device: /Xu_ucb/net594 -> /Xu_ucb(ucb_top)/X_09731_(BV_sky130_fd_sc_hd__a211o_1)/MX5
WARNING: unknown max gate at net->device: /Xu_ucb/net659 -> /Xu_ucb(ucb_top)/X_09842_(BV_sky130_fd_sc_hd__a211o_1)/MX9
WARNING: unknown max gate at net->device: /Xu_ucb/net701 -> /Xu_ucb(ucb_top)/X_06952_(BV_sky130_fd_sc_hd__mux2_1)/MX9
WARNING: unknown max gate at net->device: /Xu_ucb/net701 -> /Xu_ucb(ucb_top)/X_06952_(BV_sky130_fd_sc_hd__mux2_1)/MX5
WARNING: unknown max gate at net->device: /Xu_ucb/net655 -> /Xu_ucb(ucb_top)/X_09339_(BV_sky130_fd_sc_hd__o2bb2a_2)/MX7
WARNING: unknown max gate at net->device: /Xu_ucb/net68 -> /Xu_ucb(ucb_top)/X_10718_(BV_sky130_fd_sc_hd__a41o_1)/MX1
WARNING: unknown max gate at net->device: /Xu_ucb/net1131 -> /Xu_ucb(ucb_top)/X_09092_(BV_sky130_fd_sc_hd__nor4b_2)/MX3
WARNING: unknown max gate at net->device: /Xu_ucb/net939 -> /Xu_ucb(ucb_top)/X_09106_(BV_sky130_fd_sc_hd__and2_2)/MX2
WARNING: unknown max gate at net->device: /Xu_ucb/net1131 -> /Xu_ucb(ucb_top)/X_09108_(BV_sky130_fd_sc_hd__and4b_1)/MX11
WARNING: unknown max gate at net->device: /Xu_ucb/net1137 -> /Xu_ucb(ucb_top)/X_09108_(BV_sky130_fd_sc_hd__and4b_1)/MX5
WARNING: unknown max gate at net->device: /Xu_ucb/net1120 -> /Xu_ucb(ucb_top)/X_06144_(BV_sky130_fd_sc_hd__o21ai_4)/MX3
WARNING: unknown max gate at net->device: /Xu_ucb/net1137 -> /Xu_ucb(ucb_top)/X_09112_(BV_sky130_fd_sc_hd__and4b_4)/MX11
WARNING: unknown max gate at net->device: /Xu_ucb/clknet_leaf_144_clk -> /Xu_ucb(ucb_top)/X_12907_(BV_sky130_fd_sc_hd__dfrtp_4)/MX26
WARNING: unknown max gate at net->device: /Xu_ucb/net1416 -> /Xu_ucb(ucb_top)/X_12907_(BV_sky130_fd_sc_hd__dfrtp_4)/MX5
WARNING: unknown max gate at net->device: /Xu_ucb/clknet_leaf_148_clk -> /Xu_ucb(ucb_top)/X_12882_(BV_sky130_fd_sc_hd__dfxtp_1)/MX23
WARNING: unknown max gate at net->device: /Xu_ucb/net297 -> /Xu_ucb(ucb_top)/X_09624_(BV_sky130_fd_sc_hd__and3b_1)/MX9
WARNING: unknown max gate at net->device: /Xu_ucb/net1136 -> /Xu_ucb(ucb_top)/X_09116_(BV_sky130_fd_sc_hd__and4bb_4)/MX13
WARNING: unknown max gate at net->device: /Xu_ucb/net1136 -> /Xu_ucb(ucb_top)/X_09145_(BV_sky130_fd_sc_hd__and4bb_1)/MX8
WARNING: unknown max gate at net->device: /Xu_ucb/net1134 -> /Xu_ucb(ucb_top)/X_09145_(BV_sky130_fd_sc_hd__and4bb_1)/MX5
WARNING: unknown max gate at net->device: /Xu_ucb/net1135 -> /Xu_ucb(ucb_top)/X_09119_(BV_sky130_fd_sc_hd__and4bb_2)/MX13
WARNING: unknown max gate at net->device: /Xu_ucb/net1137 -> /Xu_ucb(ucb_top)/X_09119_(BV_sky130_fd_sc_hd__and4bb_2)/MX8
WARNING: unknown max gate at net->device: /Xu_ucb/net979 -> /Xu_ucb(ucb_top)/X_09693_(BV_sky130_fd_sc_hd__a21bo_1)/MX7
WARNING: unknown max gate at net->device: /Xu_ucb/clknet_leaf_206_clk -> /Xu_ucb(ucb_top)/X_10800_(BV_sky130_fd_sc_hd__dfrtp_2)/MX26
WARNING: unknown max gate at net->device: /Xu_ucb/net1306 -> /Xu_ucb(ucb_top)/X_10800_(BV_sky130_fd_sc_hd__dfrtp_2)/MX7
WARNING: unknown max gate at net->device: /Xu_ucb/net4 -> /Xu_ucb(ucb_top)/X_05450_(BV_sky130_fd_sc_hd__or3b_4)/MX9
WARNING: unknown max gate at net->device: /Xu_ucb/net1416 -> /Xu_ucb(ucb_top)/X_12842_(BV_sky130_fd_sc_hd__dfstp_1)/MX31
WARNING: unknown max gate at net->device: /Xu_ucb/clknet_leaf_144_clk -> /Xu_ucb(ucb_top)/X_12842_(BV_sky130_fd_sc_hd__dfstp_1)/MX30
WARNING: unknown max gate at net->device: /Xu_ucb/net4 -> /Xu_ucb(ucb_top)/X_05455_(BV_sky130_fd_sc_hd__or4bb_4)/MX2
WARNING: unknown max gate at net->device: /Xu_ucb/net1138 -> /Xu_ucb(ucb_top)/X_09030_(BV_sky130_fd_sc_hd__o21ba_1)/MX4
WARNING: unknown max gate at net->device: /Xu_ucb/net25 -> /Xu_ucb(ucb_top)/X_05398_(BV_sky130_fd_sc_hd__inv_2)/MX1
WARNING: unknown max gate at net->device: /Xu_ucb/net1122 -> /Xu_ucb(ucb_top)/X_07703_(BV_sky130_fd_sc_hd__o22a_2)/MX1
WARNING: unknown max gate at net->device: /Xu_ucb/net13 -> /Xu_ucb(ucb_top)/X_06246_(BV_sky130_fd_sc_hd__xor2_4)/MX7
WARNING: unknown max gate at net->device: /Xu_ucb/net655 -> /Xu_ucb(ucb_top)/X_09227_(BV_sky130_fd_sc_hd__o2bb2a_1)/MX2
WARNING: unknown max gate at net->device: /Xu_ucb/net656 -> /Xu_ucb(ucb_top)/X_09395_(BV_sky130_fd_sc_hd__o22ai_4)/MX2
WARNING: unknown max gate at net->device: /Xu_ucb/clknet_leaf_139_clk -> /Xu_ucb(ucb_top)/Xclkload229(BV_sky130_fd_sc_hd__clkinv_4)/MX1
WARNING: unknown max gate at net->device: /Xu_ucb/net300 -> /Xu_ucb(ucb_top)/X_10792_(BV_sky130_fd_sc_hd__a2bb2o_1)/MX6
WARNING: unknown max gate at net->device: /Xu_ucb/net1121 -> /Xu_ucb(ucb_top)/X_05845_(BV_sky130_fd_sc_hd__a2bb2o_1)/MX8
WARNING: unknown max gate at net->device: /Xu_ucb/net5 -> /Xu_ucb(ucb_top)/X_05421_(BV_sky130_fd_sc_hd__nand2b_1)/MX0
WARNING: unknown max gate at net->device: /Xu_ucb/net1020 -> /Xu_ucb(ucb_top)/X_07204_(BV_sky130_fd_sc_hd__and2_4)/MX4
WARNING: unknown max gate at net->device: /Xu_ucb/net1120 -> /Xu_ucb(ucb_top)/X_05541_(BV_sky130_fd_sc_hd__o21ai_2)/MX0
WARNING: unknown max gate at net->device: /Xu_ucb/net1129 -> /Xu_ucb(ucb_top)/X_09069_(BV_sky130_fd_sc_hd__o21ai_2)/MX5
WARNING: unknown max gate at net->device: /Xu_ucb/net1121 -> /Xu_ucb(ucb_top)/X_05895_(BV_sky130_fd_sc_hd__a2bb2o_2)/MX9
WARNING: unknown max gate at net->device: /Xu_ucb/net303 -> /Xu_ucb(ucb_top)/X_09340_(BV_sky130_fd_sc_hd__a2bb2o_2)/MX11
WARNING: unknown max gate at net->device: /Xu_ucb/net1128 -> /Xu_ucb(ucb_top)/X_10731_(BV_sky130_fd_sc_hd__nor2_1)/MX1
WARNING: unknown max gate at net->device: /Xu_ucb/clknet_leaf_154_clk -> /Xu_ucb(ucb_top)/Xclkload214(BV_sky130_fd_sc_hd__clkinvlp_4)/MX1
WARNING: unknown max gate at net->device: /Xu_ucb/net112 -> /Xu_ucb(ucb_top)/Xfanout111(BV_sky130_fd_sc_hd__dlymetal6s2s_1)/MX4
WARNING: unknown max gate at net->device: /Xu_ucb/net1057 -> /Xu_ucb(ucb_top)/X_07719_(BV_sky130_fd_sc_hd__a2111o_1)/MX0
WARNING: unknown max gate at net->device: /Xu_ucb/net8 -> /Xu_ucb(ucb_top)/X_05997_(BV_sky130_fd_sc_hd__or2_1)/MX0
WARNING: unknown max gate at net->device: /Xu_ucb/net9 -> /Xu_ucb(ucb_top)/X_06047_(BV_sky130_fd_sc_hd__xnor2_1)/MX5
WARNING: unknown max gate at net->device: /Xu_ucb/net931 -> /Xu_ucb(ucb_top)/X_09122_(BV_sky130_fd_sc_hd__and2_1)/MX2
WARNING: unknown max gate at net->device: /Xu_ucb/net1141 -> /Xu_ucb(ucb_top)/X_05469_(BV_sky130_fd_sc_hd__nor2_4)/MX3
WARNING: unknown max gate at net->device: /Xu_ucb/clknet_leaf_160_clk -> /Xu_ucb(ucb_top)/X_12529_(BV_sky130_fd_sc_hd__dfrtp_1)/MX26
WARNING: unknown max gate at net->device: /Xu_ucb/net1377 -> /Xu_ucb(ucb_top)/X_12529_(BV_sky130_fd_sc_hd__dfrtp_1)/MX5
WARNING: unknown max gate at net->device: /Xu_ucb/net1132 -> /Xu_ucb(ucb_top)/X_09124_(BV_sky130_fd_sc_hd__and4_1)/MX6
WARNING: unknown max gate at net->device: /Xu_ucb/net937 -> /Xu_ucb(ucb_top)/X_09285_(BV_sky130_fd_sc_hd__and3_1)/MX3
WARNING: unknown max gate at net->device: /Xu_ucb/net653 -> /Xu_ucb(ucb_top)/X_10363_(BV_sky130_fd_sc_hd__o22a_1)/MX4
WARNING: unknown max gate at net->device: /Xu_ucb/net623 -> /Xu_ucb(ucb_top)/X_09740_(BV_sky130_fd_sc_hd__a22o_1)/MX2
WARNING: unknown max gate at net->device: /Xu_ucb/net613 -> /Xu_ucb(ucb_top)/X_09955_(BV_sky130_fd_sc_hd__a221o_1)/MX11
WARNING: unknown min gate at net->device: /Xu_ucb/net1136 -> /Xu_ucb(ucb_top)/X_09124_(BV_sky130_fd_sc_hd__and4_1)/MX7
WARNING: unknown min gate at net->device: /Xu_ucb/net979 -> /Xu_ucb(ucb_top)/X_10009_(BV_sky130_fd_sc_hd__o21a_1)/MX6
WARNING: unknown min gate at net->device: /Xu_ucb/net1055 -> /Xu_ucb(ucb_top)/X_07504_(BV_sky130_fd_sc_hd__a22o_1)/MX4
WARNING: unknown min gate at net->device: /Xu_ucb/net641 -> /Xu_ucb(ucb_top)/X_09723_(BV_sky130_fd_sc_hd__a22o_1)/MX8
WARNING: unknown min gate at net->device: /Xu_ucb/net1122 -> /Xu_ucb(ucb_top)/X_07949_(BV_sky130_fd_sc_hd__o22a_1)/MX2
WARNING: unknown min gate at net->device: /Xu_ucb/net658 -> /Xu_ucb(ucb_top)/X_10343_(BV_sky130_fd_sc_hd__a2111o_1)/MX4
WARNING: unknown min gate at net->device: /Xu_ucb/net1121 -> /Xu_ucb(ucb_top)/X_05695_(BV_sky130_fd_sc_hd__o21ai_2)/MX4
WARNING: unknown min gate at net->device: /Xu_ucb/net656 -> /Xu_ucb(ucb_top)/X_09619_(BV_sky130_fd_sc_hd__o22ai_4)/MX5
WARNING: unknown min gate at net->device: /Xu_ucb/net1120 -> /Xu_ucb(ucb_top)/X_06194_(BV_sky130_fd_sc_hd__o2bb2a_1)/MX3
WARNING: unknown min gate at net->device: /Xu_ucb/net1122 -> /Xu_ucb(ucb_top)/X_06245_(BV_sky130_fd_sc_hd__o22a_2)/MX8
WARNING: unknown min gate at net->device: /Xu_ucb/net1138 -> /Xu_ucb(ucb_top)/X_09030_(BV_sky130_fd_sc_hd__o21ba_1)/MX7
WARNING: unknown min gate at net->device: /Xu_ucb/net1120 -> /Xu_ucb(ucb_top)/X_06094_(BV_sky130_fd_sc_hd__o21ai_4)/MX2
WARNING: unknown min gate at net->device: /Xu_ucb/net655 -> /Xu_ucb(ucb_top)/X_09339_(BV_sky130_fd_sc_hd__o2bb2a_2)/MX6
WARNING: unknown min gate at net->device: /Xu_ucb/net162 -> /Xu_ucb(ucb_top)/X_06883_(BV_sky130_fd_sc_hd__mux2_1)/MX7
WARNING: unknown min gate at net->device: /Xu_ucb/net657 -> /Xu_ucb(ucb_top)/X_09881_(BV_sky130_fd_sc_hd__a211o_1)/MX1
WARNING: unknown min gate at net->device: /Xu_ucb/net14 -> /Xu_ucb(ucb_top)/X_05696_(BV_sky130_fd_sc_hd__o22a_1)/MX5
WARNING: unknown min gate at net->device: /Xu_ucb/net655 -> /Xu_ucb(ucb_top)/X_10710_(BV_sky130_fd_sc_hd__o22a_4)/MX8
WARNING: unknown min gate at net->device: /Xu_ucb/net655 -> /Xu_ucb(ucb_top)/X_09846_(BV_sky130_fd_sc_hd__o31a_1)/MX3
WARNING: unknown min gate at net->device: /Xu_ucb/net1123 -> /Xu_ucb(ucb_top)/X_07378_(BV_sky130_fd_sc_hd__o21ai_1)/MX0
WARNING: unknown min gate at net->device: /Xu_ucb/net656 -> /Xu_ucb(ucb_top)/X_09561_(BV_sky130_fd_sc_hd__o2bb2a_4)/MX8
WARNING: unknown min gate at net->device: /Xu_ucb/net655 -> /Xu_ucb(ucb_top)/X_09999_(BV_sky130_fd_sc_hd__o32a_1)/MX8
WARNING: unknown min gate at net->device: /Xu_ucb/net1143 -> /Xu_ucb(ucb_top)/X_05481_(BV_sky130_fd_sc_hd__nor2_4)/MX2
WARNING: unknown min gate at net->device: /Xu_ucb/net1120 -> /Xu_ucb(ucb_top)/X_06195_(BV_sky130_fd_sc_hd__a2bb2o_2)/MX6
WARNING: unknown min gate at net->device: /Xu_ucb/net656 -> /Xu_ucb(ucb_top)/X_09283_(BV_sky130_fd_sc_hd__a2bb2o_1)/MX0
WARNING: unknown min gate at net->device: /Xu_ucb/net1132 -> /Xu_ucb(ucb_top)/X_09088_(BV_sky130_fd_sc_hd__nor4_1)/MX6
WARNING: unknown min gate at net->device: /Xu_ucb/net1148 -> /Xu_ucb(ucb_top)/X_05416_(BV_sky130_fd_sc_hd__or4_4)/MX9
WARNING: unknown min gate at net->device: /Xu_ucb/net6 -> /Xu_ucb(ucb_top)/X_05417_(BV_sky130_fd_sc_hd__or2_2)/MX0
WARNING: unknown min gate at net->device: /Xu_ucb/net719 -> /Xu_ucb(ucb_top)/X_08553_(BV_sky130_fd_sc_hd__xor2_1)/MX3
WARNING: unknown min gate at net->device: /Xu_ucb/net298 -> /Xu_ucb(ucb_top)/X_09683_(BV_sky130_fd_sc_hd__or2_1)/MX5
WARNING: unknown min gate at net->device: /Xu_ucb/net1141 -> /Xu_ucb(ucb_top)/X_05436_(BV_sky130_fd_sc_hd__nor2_8)/MX1
WARNING: unknown min gate at net->device: /Xu_ucb/net298 -> /Xu_ucb(ucb_top)/X_09660_(BV_sky130_fd_sc_hd__nor2_1)/MX2
WARNING: unknown min gate at net->device: /Xu_ucb/net1147 -> /Xu_ucb(ucb_top)/X_05419_(BV_sky130_fd_sc_hd__or2_4)/MX0
WARNING: unknown min gate at net->device: /Xu_ucb/net68 -> /Xu_ucb(ucb_top)/X_10718_(BV_sky130_fd_sc_hd__a41o_1)/MX4
WARNING: unknown min gate at net->device: /Xu_ucb/net1138 -> /Xu_ucb(ucb_top)/X_09022_(BV_sky130_fd_sc_hd__and3b_1)/MX7
WARNING: unknown min gate at net->device: /Xu_ucb/net25 -> /Xu_ucb(ucb_top)/X_09037_(BV_sky130_fd_sc_hd__a31o_1)/MX9
WARNING: unknown min gate at net->device: /Xu_ucb/net1416 -> /Xu_ucb(ucb_top)/X_10765_(BV_sky130_fd_sc_hd__and3_2)/MX6
WARNING: unknown min gate at net->device: /Xu_ucb/net13 -> /Xu_ucb(ucb_top)/X_06246_(BV_sky130_fd_sc_hd__xor2_4)/MX0
WARNING: unknown min gate at net->device: /Xu_ucb/net300 -> /Xu_ucb(ucb_top)/X_10792_(BV_sky130_fd_sc_hd__a2bb2o_1)/MX1
WARNING: unknown min gate at net->device: /Xu_ucb/net950 -> /Xu_ucb(ucb_top)/X_09117_(BV_sky130_fd_sc_hd__and2_4)/MX1
WARNING: unknown min gate at net->device: /Xu_ucb/net1057 -> /Xu_ucb(ucb_top)/X_07719_(BV_sky130_fd_sc_hd__a2111o_1)/MX6
WARNING: unknown min gate at net->device: /Xu_ucb/net9 -> /Xu_ucb(ucb_top)/X_06047_(BV_sky130_fd_sc_hd__xnor2_1)/MX0
WARNING: unknown min gate at net->device: /Xu_ucb/net12 -> /Xu_ucb(ucb_top)/X_06196_(BV_sky130_fd_sc_hd__and2_1)/MX3
WARNING: unknown min gate at net->device: /Xu_ucb/net297 -> /Xu_ucb(ucb_top)/X_09629_(BV_sky130_fd_sc_hd__and4_1)/MX0
WARNING: unknown min gate at net->device: /Xu_ucb/net25 -> /Xu_ucb(ucb_top)/X_09036_(BV_sky130_fd_sc_hd__and4_1)/MX4
WARNING: unknown min gate at net->device: /Xu_ucb/net959 -> /Xu_ucb(ucb_top)/X_09406_(BV_sky130_fd_sc_hd__and3_1)/MX4
WARNING: unknown min gate at net->device: /Xu_ucb/net701 -> /Xu_ucb(ucb_top)/X_06952_(BV_sky130_fd_sc_hd__mux2_1)/MX2
WARNING: unknown min gate at net->device: /Xu_ucb/net431 -> /Xu_ucb(ucb_top)/X_09695_(BV_sky130_fd_sc_hd__o21a_1)/MX5
WARNING: unknown min gate at net->device: /Xu_ucb/net1139 -> /Xu_ucb(ucb_top)/X_10716_(BV_sky130_fd_sc_hd__a31oi_2)/MX1
WARNING: unknown min gate at net->device: /Xu_ucb/net297 -> /Xu_ucb(ucb_top)/X_09625_(BV_sky130_fd_sc_hd__a21oi_1)/MX3
WARNING: unknown min gate at net->device: /Xu_ucb/net979 -> /Xu_ucb(ucb_top)/X_10001_(BV_sky130_fd_sc_hd__a21boi_2)/MX4
WARNING: unknown min gate at net->device: /Xu_ucb/net301 -> /Xu_ucb(ucb_top)/X_09561_(BV_sky130_fd_sc_hd__o2bb2a_4)/MX1
WARNING: unknown min gate at net->device: /Xu_ucb/net1139 -> /Xu_ucb(ucb_top)/X_09073_(BV_sky130_fd_sc_hd__o21ai_1)/MX1
WARNING: unknown min gate at net->device: /Xu_ucb/net1446 -> /Xu_ucb(ucb_top)/X_05416_(BV_sky130_fd_sc_hd__or4_4)/MX0
WARNING: unknown min gate at net->device: /Xu_ucb/net1446 -> /Xu_ucb(ucb_top)/X_05422_(BV_sky130_fd_sc_hd__or4bb_4)/MX4
WARNING: unknown min gate at net->device: /Xu_ucb/net1149 -> /Xu_ucb(ucb_top)/X_05444_(BV_sky130_fd_sc_hd__or3_4)/MX2
WARNING: unknown min gate at net->device: /Xu_ucb/net1134 -> /Xu_ucb(ucb_top)/X_09088_(BV_sky130_fd_sc_hd__nor4_1)/MX2
WARNING: unknown min gate at net->device: /Xu_ucb/net1134 -> /Xu_ucb(ucb_top)/X_09101_(BV_sky130_fd_sc_hd__nor4b_1)/MX5
WARNING: unknown min gate at net->device: /Xu_ucb/net1446 -> /Xu_ucb(ucb_top)/X_05437_(BV_sky130_fd_sc_hd__or4b_4)/MX8
WARNING: unknown min gate at net->device: /Xu_ucb/net1129 -> /Xu_ucb(ucb_top)/X_09069_(BV_sky130_fd_sc_hd__o21ai_2)/MX3
WARNING: unknown min gate at net->device: /Xu_ucb/net1128 -> /Xu_ucb(ucb_top)/X_10731_(BV_sky130_fd_sc_hd__nor2_1)/MX0
WARNING: unknown min gate at net->device: /Xu_ucb/net1146 -> /Xu_ucb(ucb_top)/X_05465_(BV_sky130_fd_sc_hd__nor2_8)/MX0
WARNING: unknown min gate at net->device: /Xu_ucb/net21 -> /Xu_ucb(ucb_top)/X_05897_(BV_sky130_fd_sc_hd__or2_1)/MX3
WARNING: unknown min gate at net->device: /Xu_ucb/net1147 -> /Xu_ucb(ucb_top)/X_05449_(BV_sky130_fd_sc_hd__nor2_4)/MX0
WARNING: unknown min gate at net->device: /Xu_ucb/net21 -> /Xu_ucb(ucb_top)/X_05896_(BV_sky130_fd_sc_hd__nand2_1)/MX0
WARNING: unknown min gate at net->device: /Xu_ucb/net1139 -> /Xu_ucb(ucb_top)/X_05415_(BV_sky130_fd_sc_hd__and3_1)/MX0
WARNING: unknown min gate at net->device: /Xu_ucb/net474 -> /Xu_ucb(ucb_top)/X_09992_(BV_sky130_fd_sc_hd__a22o_1)/MX0
WARNING: unknown min gate at net->device: /Xu_ucb/net358 -> /Xu_ucb(ucb_top)/X_08537_(BV_sky130_fd_sc_hd__xor2_1)/MX4
WARNING: unknown min gate at net->device: /Xu_ucb/net613 -> /Xu_ucb(ucb_top)/X_09955_(BV_sky130_fd_sc_hd__a221o_1)/MX6
WARNING: unknown min gate at net->device: /Xu_ucb/net659 -> /Xu_ucb(ucb_top)/X_09213_(BV_sky130_fd_sc_hd__or4_1)/MX3
WARNING: unknown min gate at net->device: /Xu_ucb/net594 -> /Xu_ucb(ucb_top)/X_09731_(BV_sky130_fd_sc_hd__a211o_1)/MX2
WARNING: unknown min gate at net->device: /Xu_ucb/net1131 -> /Xu_ucb(ucb_top)/X_09088_(BV_sky130_fd_sc_hd__nor4_1)/MX1
WARNING: unknown min gate at net->device: /Xu_ucb/net1149 -> /Xu_ucb(ucb_top)/X_05416_(BV_sky130_fd_sc_hd__or4_4)/MX3
WARNING: unknown min gate at net->device: /Xu_ucb/net1148 -> /Xu_ucb(ucb_top)/X_05479_(BV_sky130_fd_sc_hd__or4b_4)/MX10
WARNING: unknown min gate at net->device: /Xu_ucb/net1132 -> /Xu_ucb(ucb_top)/X_09103_(BV_sky130_fd_sc_hd__nor4b_1)/MX6
WARNING: unknown max gate at net->device: /Xu_ucb/net659 -> /Xu_ucb(ucb_top)/X_09213_(BV_sky130_fd_sc_hd__or4_1)/MX9
WARNING: unknown max gate at net->device: /Xu_ucb/net1138 -> /Xu_ucb(ucb_top)/X_09020_(BV_sky130_fd_sc_hd__o21a_1)/MX3
WARNING: unknown max gate at net->device: /Xu_ucb/net1130 -> /Xu_ucb(ucb_top)/X_09116_(BV_sky130_fd_sc_hd__and4bb_4)/MX5
WARNING: unknown max gate at net->device: /Xu_ucb/net14 -> /Xu_ucb(ucb_top)/X_05696_(BV_sky130_fd_sc_hd__o22a_1)/MX7
WARNING: unknown max gate at net->device: /Xu_ucb/net86 -> /Xu_ucb(ucb_top)/X_06721_(BV_sky130_fd_sc_hd__mux2_1)/MX8
WARNING: unknown max gate at net->device: /Xu_ucb/net1135 -> /Xu_ucb(ucb_top)/X_09108_(BV_sky130_fd_sc_hd__and4b_1)/MX10
WARNING: unknown max gate at net->device: /Xu_ucb/net1130 -> /Xu_ucb(ucb_top)/X_09145_(BV_sky130_fd_sc_hd__and4bb_1)/MX11
WARNING: unknown max gate at net->device: /Xu_ucb/net302 -> /Xu_ucb(ucb_top)/X_09340_(BV_sky130_fd_sc_hd__a2bb2o_2)/MX1
WARNING: unknown max gate at net->device: /Xu_ucb/net1130 -> /Xu_ucb(ucb_top)/X_09124_(BV_sky130_fd_sc_hd__and4_1)/MX3
WARNING: unknown max gate at net->device: /Xu_ucb/net972 -> /Xu_ucb(ucb_top)/X_09285_(BV_sky130_fd_sc_hd__and3_1)/MX2
WARNING: unknown max gate at net->device: /Xu_ucb/net1138 -> /Xu_ucb(ucb_top)/X_09024_(BV_sky130_fd_sc_hd__o21a_1)/MX1
WARNING: unknown max gate at net->device: /Xu_ucb/net1139 -> /Xu_ucb(ucb_top)/X_09068_(BV_sky130_fd_sc_hd__mux2_1)/MX6
WARNING: unknown max gate at net->device: /Xu_ucb/net448 -> /Xu_ucb(ucb_top)/X_09970_(BV_sky130_fd_sc_hd__a221o_1)/MX8
WARNING: unknown max gate at net->device: /Xu_ucb/net1055 -> /Xu_ucb(ucb_top)/X_07504_(BV_sky130_fd_sc_hd__a22o_1)/MX1
WARNING: unknown max gate at net->device: /Xu_ucb/net1138 -> /Xu_ucb(ucb_top)/X_09013_(BV_sky130_fd_sc_hd__and3_1)/MX7
WARNING: unknown max gate at net->device: /Xu_ucb/net1134 -> /Xu_ucb(ucb_top)/X_09124_(BV_sky130_fd_sc_hd__and4_1)/MX9
WARNING: unknown max gate at net->device: /Xu_ucb/net1138 -> /Xu_ucb(ucb_top)/X_09019_(BV_sky130_fd_sc_hd__nand2_1)/MX1
WARNING: unknown max gate at net->device: /Xu_ucb/net297 -> /Xu_ucb(ucb_top)/X_09666_(BV_sky130_fd_sc_hd__o21ai_1)/MX3
WARNING: unknown max gate at net->device: /Xu_ucb/net301 -> /Xu_ucb(ucb_top)/X_09561_(BV_sky130_fd_sc_hd__o2bb2a_4)/MX3
WARNING: unknown max gate at net->device: /Xu_ucb/net979 -> /Xu_ucb(ucb_top)/X_10001_(BV_sky130_fd_sc_hd__a21boi_2)/MX9
WARNING: unknown max gate at net->device: /Xu_ucb/net979 -> /Xu_ucb(ucb_top)/X_10001_(BV_sky130_fd_sc_hd__a21boi_2)/MX7
WARNING: unknown max gate at net->device: /Xu_ucb/net297 -> /Xu_ucb(ucb_top)/X_09625_(BV_sky130_fd_sc_hd__a21oi_1)/MX0
WARNING: unknown min gate at net->device: /Xu_ucb/net1131 -> /Xu_ucb(ucb_top)/X_09141_(BV_sky130_fd_sc_hd__nor4b_1)/MX7
WARNING: unknown min gate at net->device: /Xu_ucb/net1131 -> /Xu_ucb(ucb_top)/X_09092_(BV_sky130_fd_sc_hd__nor4b_2)/MX8
WARNING: unknown min gate at net->device: /Xu_ucb/net1139 -> /Xu_ucb(ucb_top)/X_09068_(BV_sky130_fd_sc_hd__mux2_1)/MX4
WARNING: unknown max gate at net->device: /Xu_ucb/net958 -> /Xu_ucb(ucb_top)/X_09171_(BV_sky130_fd_sc_hd__and2_1)/MX5
WARNING: unknown max gate at net->device: /Xu_ucb/net941 -> /Xu_ucb(ucb_top)/X_09118_(BV_sky130_fd_sc_hd__and2_4)/MX5
WARNING: unknown max gate at net->device: /Xu_ucb/net297 -> /Xu_ucb(ucb_top)/X_09644_(BV_sky130_fd_sc_hd__a31o_1)/MX6
WARNING: unknown max gate at net->device: /Xu_ucb/net15 -> /Xu_ucb(ucb_top)/X_05697_(BV_sky130_fd_sc_hd__a221oi_1)/MX0
WARNING: unknown max gate at net->device: /Xu_ucb/net1136 -> /Xu_ucb(ucb_top)/X_09110_(BV_sky130_fd_sc_hd__and4b_2)/MX2
WARNING: unknown max gate at net->device: /Xu_ucb/net1138 -> /Xu_ucb(ucb_top)/X_09022_(BV_sky130_fd_sc_hd__and3b_1)/MX5
WARNING: unknown max gate at net->device: /Xu_ucb/net298 -> /Xu_ucb(ucb_top)/X_09629_(BV_sky130_fd_sc_hd__and4_1)/MX1
WARNING: unknown max gate at net->device: /Xu_ucb/net1130 -> /Xu_ucb(ucb_top)/X_09110_(BV_sky130_fd_sc_hd__and4b_2)/MX10
CVC: Ignoring invalid calculations...
CVC:   Removed 36264 calculations
Copying master nets
CVC: Ignoring non-conducting devices...
CVC:   Ignored 24104 devices
Usage MIN/MAX2: Time: 1  Memory: 58780  I/O: 240  Swap: 0
Power nets 65605
! Checking overvoltage errors

! Checking nmos possible leak errors: 

! Checking pmos possible leak errors: 

! Checking mos floating input errors:

! Checking expected values:

CVC: Error Counts
CVC: Fuse Problems:         0
CVC: Min Voltage Conflicts: 0
CVC: Max Voltage Conflicts: 0
CVC: Leaks:                 0
CVC: LDD drain->source:     0
CVC: HI-Z Inputs:           34897
CVC: Forward Bias Diodes:   0
CVC: NMOS Source vs Bulk:   0
CVC: NMOS Gate vs Source:   0
CVC: NMOS Possible Leaks:   0
CVC: PMOS Source vs Bulk:   0
CVC: PMOS Gate vs Source:   0
CVC: PMOS Possible Leaks:   0
CVC: Overvoltage-VBG:       0
CVC: Overvoltage-VBS:       0
CVC: Overvoltage-VDS:       0
CVC: Overvoltage-VGS:       0
CVC: Model errors:          0
CVC: Unexpected voltage :   28
CVC: Total:                 34925
Usage Total: Time: 1  Memory: 59080  I/O: 472  Swap: 0
Virtual net update/access 487487/17963273
CVC: Log output to /tmp/tmpvbyuj49e/repo/precheck_results/12_MAY_2026___09_35_03/tmp_oeb/cvc.oeb.log
CVC: End: Tue May 12 09:40:54 2026


> gn io_in[0]
Net io_in[0]: 29
 connections: gate 0 source 0 drain 0 bulk 0
 base definition io_in[*]
  default min unknown
  default sim unknown
  default max unknown
 defined as  input min@0.0 max@1.8 =>  min@0.0 max@1.8 input


> gn io_in[1]
Net io_in[1]: 40
 connections: gate 0 source 0 drain 0 bulk 0
 base definition io_in[*]
  default min unknown
  default sim unknown
  default max unknown
 defined as  input min@0.0 max@1.8 =>  min@0.0 max@1.8 input


> gn io_in[2]
Net io_in[2]: 51
 connections: gate 0 source 0 drain 0 bulk 0
 base definition io_in[*]
  default min unknown
  default sim unknown
  default max unknown
 defined as  input min@0.0 max@1.8 =>  min@0.0 max@1.8 input


> gn io_in[3]
Net io_in[3]: 60
 connections: gate 0 source 0 drain 0 bulk 0
 base definition io_in[*]
  default min unknown
  default sim unknown
  default max unknown
 defined as  input min@0.0 max@1.8 =>  min@0.0 max@1.8 input


> gn io_in[4]
Net io_in[4]: 61
 connections: gate 0 source 0 drain 0 bulk 0
 base definition io_in[*]
  default min unknown
  default sim unknown
  default max unknown
 defined as  input min@0.0 max@1.8 =>  min@0.0 max@1.8 input


> gn io_in[5]
Net io_in[5]: 62
 connections: gate 0 source 0 drain 0 bulk 0
 base definition io_in[*]
  default min unknown
  default sim unknown
  default max unknown
 defined as  input min@0.0 max@1.8 =>  min@0.0 max@1.8 input


> gn io_in[6]
Net io_in[6]: 63
 connections: gate 0 source 0 drain 0 bulk 0
 base definition io_in[*]
  default min unknown
  default sim unknown
  default max unknown
 defined as  input min@0.0 max@1.8 =>  min@0.0 max@1.8 input


> gn io_in[7]
Net io_in[7]: 64
 connections: gate 0 source 0 drain 0 bulk 0
 base definition io_in[*]
  default min unknown
  default sim unknown
  default max unknown
 defined as  input min@0.0 max@1.8 =>  min@0.0 max@1.8 input


> gn io_in[8]
Net io_in[8]: 65
 connections: gate 0 source 0 drain 0 bulk 0
 base definition io_in[*]
  default min unknown
  default sim unknown
  default max unknown
 defined as  input min@0.0 max@1.8 =>  min@0.0 max@1.8 input


> gn io_in[9]
Net io_in[9]: 66
 connections: gate 0 source 0 drain 0 bulk 0
 base definition io_in[*]
  default min unknown
  default sim unknown
  default max unknown
 defined as  input min@0.0 max@1.8 =>  min@0.0 max@1.8 input


> gn io_in[10]
Net io_in[10]: 30
 connections: gate 0 source 0 drain 0 bulk 0
 base definition io_in[*]
  default min unknown
  default sim unknown
  default max unknown
 defined as  input min@0.0 max@1.8 =>  min@0.0 max@1.8 input


> gn io_in[11]
Net io_in[11]: 31
 connections: gate 0 source 0 drain 0 bulk 0
 base definition io_in[*]
  default min unknown
  default sim unknown
  default max unknown
 defined as  input min@0.0 max@1.8 =>  min@0.0 max@1.8 input


> gn io_in[12]
Net io_in[12]: 32
 connections: gate 0 source 0 drain 0 bulk 0
 base definition io_in[*]
  default min unknown
  default sim unknown
  default max unknown
 defined as  input min@0.0 max@1.8 =>  min@0.0 max@1.8 input


> gn io_in[13]
Net io_in[13]: 33
 connections: gate 0 source 0 drain 0 bulk 0
 base definition io_in[*]
  default min unknown
  default sim unknown
  default max unknown
 defined as  input min@0.0 max@1.8 =>  min@0.0 max@1.8 input


> gn io_in[14]
Net io_in[14]: 34
 connections: gate 0 source 0 drain 0 bulk 0
 base definition io_in[*]
  default min unknown
  default sim unknown
  default max unknown
 defined as  input min@0.0 max@1.8 =>  min@0.0 max@1.8 input


> gn io_in[15]
Net io_in[15]: 35
 connections: gate 0 source 0 drain 0 bulk 0
 base definition io_in[*]
  default min unknown
  default sim unknown
  default max unknown
 defined as  input min@0.0 max@1.8 =>  min@0.0 max@1.8 input


> gn io_in[16]
Net io_in[16]: 36
 connections: gate 0 source 0 drain 0 bulk 0
 base definition io_in[*]
  default min unknown
  default sim unknown
  default max unknown
 defined as  input min@0.0 max@1.8 =>  min@0.0 max@1.8 input


> gn io_in[17]
Net io_in[17]: 37
 connections: gate 0 source 0 drain 0 bulk 0
 base definition io_in[*]
  default min unknown
  default sim unknown
  default max unknown
 defined as  input min@0.0 max@1.8 =>  min@0.0 max@1.8 input


> gn io_in[18]
Net io_in[18]: 38
 connections: gate 0 source 0 drain 0 bulk 0
 base definition io_in[*]
  default min unknown
  default sim unknown
  default max unknown
 defined as  input min@0.0 max@1.8 =>  min@0.0 max@1.8 input


> gn io_in[19]
Net io_in[19]: 39
 connections: gate 0 source 0 drain 0 bulk 0
 base definition io_in[*]
  default min unknown
  default sim unknown
  default max unknown
 defined as  input min@0.0 max@1.8 =>  min@0.0 max@1.8 input


> gn io_in[20]
Net io_in[20]: 41
 connections: gate 0 source 0 drain 0 bulk 0
 base definition io_in[*]
  default min unknown
  default sim unknown
  default max unknown
 defined as  input min@0.0 max@1.8 =>  min@0.0 max@1.8 input


> gn io_in[21]
Net io_in[21]: 42
 connections: gate 0 source 0 drain 0 bulk 0
 base definition io_in[*]
  default min unknown
  default sim unknown
  default max unknown
 defined as  input min@0.0 max@1.8 =>  min@0.0 max@1.8 input


> gn io_in[22]
Net io_in[22]: 43
 connections: gate 0 source 0 drain 0 bulk 0
 base definition io_in[*]
  default min unknown
  default sim unknown
  default max unknown
 defined as  input min@0.0 max@1.8 =>  min@0.0 max@1.8 input


> gn io_in[23]
Net io_in[23]: 44
 connections: gate 0 source 0 drain 0 bulk 0
 base definition io_in[*]
  default min unknown
  default sim unknown
  default max unknown
 defined as  input min@0.0 max@1.8 =>  min@0.0 max@1.8 input


> gn io_in[24]
Net io_in[24]: 45
 connections: gate 0 source 0 drain 0 bulk 0
 base definition io_in[*]
  default min unknown
  default sim unknown
  default max unknown
 defined as  input min@0.0 max@1.8 =>  min@0.0 max@1.8 input


> gn io_in[25]
Net io_in[25]: 46
 connections: gate 0 source 0 drain 0 bulk 0
 base definition io_in[*]
  default min unknown
  default sim unknown
  default max unknown
 defined as  input min@0.0 max@1.8 =>  min@0.0 max@1.8 input


> gn io_in[26]
Net io_in[26]: 47
 connections: gate 0 source 0 drain 0 bulk 0
 base definition io_in[*]
  default min unknown
  default sim unknown
  default max unknown
 defined as  input min@0.0 max@1.8 =>  min@0.0 max@1.8 input


> gn io_in[27]
Net io_in[27]: 48
 connections: gate 0 source 0 drain 0 bulk 0
 base definition io_in[*]
  default min unknown
  default sim unknown
  default max unknown
 defined as  input min@0.0 max@1.8 =>  min@0.0 max@1.8 input


> gn io_in[28]
Net io_in[28]: 49
 connections: gate 0 source 0 drain 0 bulk 0
 base definition io_in[*]
  default min unknown
  default sim unknown
  default max unknown
 defined as  input min@0.0 max@1.8 =>  min@0.0 max@1.8 input


> gn io_in[29]
Net io_in[29]: 50
 connections: gate 0 source 0 drain 0 bulk 0
 base definition io_in[*]
  default min unknown
  default sim unknown
  default max unknown
 defined as  input min@0.0 max@1.8 =>  min@0.0 max@1.8 input


> gn io_in[30]
Net io_in[30]: 52
 connections: gate 0 source 0 drain 0 bulk 0
 base definition io_in[*]
  default min unknown
  default sim unknown
  default max unknown
 defined as  input min@0.0 max@1.8 =>  min@0.0 max@1.8 input


> gn io_in[31]
Net io_in[31]: 53
 connections: gate 0 source 0 drain 0 bulk 0
 base definition io_in[*]
  default min unknown
  default sim unknown
  default max unknown
 defined as  input min@0.0 max@1.8 =>  min@0.0 max@1.8 input


> gn io_in[32]
Net io_in[32]: 54
 connections: gate 0 source 0 drain 0 bulk 0
 base definition io_in[*]
  default min unknown
  default sim unknown
  default max unknown
 defined as  input min@0.0 max@1.8 =>  min@0.0 max@1.8 input


> gn io_in[33]
Net io_in[33]: 55
 connections: gate 0 source 0 drain 0 bulk 0
 base definition io_in[*]
  default min unknown
  default sim unknown
  default max unknown
 defined as  input min@0.0 max@1.8 =>  min@0.0 max@1.8 input


> gn io_in[34]
Net io_in[34]: 56
 connections: gate 0 source 0 drain 0 bulk 0
 base definition io_in[*]
  default min unknown
  default sim unknown
  default max unknown
 defined as  input min@0.0 max@1.8 =>  min@0.0 max@1.8 input


> gn io_in[35]
Net io_in[35]: 57
 connections: gate 0 source 0 drain 0 bulk 0
 base definition io_in[*]
  default min unknown
  default sim unknown
  default max unknown
 defined as  input min@0.0 max@1.8 =>  min@0.0 max@1.8 input


> gn io_in[36]
Net io_in[36]: 58
 connections: gate 0 source 0 drain 0 bulk 0
 base definition io_in[*]
  default min unknown
  default sim unknown
  default max unknown
 defined as  input min@0.0 max@1.8 =>  min@0.0 max@1.8 input


> gn io_in[37]
Net io_in[37]: 59
 connections: gate 0 source 0 drain 0 bulk 0
 base definition io_in[*]
  default min unknown
  default sim unknown
  default max unknown
 defined as  input min@0.0 max@1.8 =>  min@0.0 max@1.8 input


> gn io_out[0]
Net io_out[0]: 105
 connections: gate 0 source 0 drain 0 bulk 0


> gn io_out[1]
Net io_out[1]: 116
 connections: gate 0 source 0 drain 0 bulk 0


> gn io_out[2]
Net io_out[2]: 127
 connections: gate 0 source 0 drain 0 bulk 0


> gn io_out[3]
Net io_out[3]: 136
 connections: gate 0 source 0 drain 0 bulk 0


> gn io_out[4]
Net io_out[4]: 137
 connections: gate 0 source 0 drain 0 bulk 0


> gn io_out[5]
Net io_out[5]: 138
 connections: gate 0 source 0 drain 0 bulk 0


> gn io_out[6]
Net io_out[6]: 139
 connections: gate 0 source 0 drain 0 bulk 0


> gn io_out[7]
Net io_out[7]: 140
 connections: gate 0 source 0 drain 0 bulk 0

Initial min path
io_out[7]

Initial max path
io_out[7]

Initial sim path
io_out[7]

Min path
io_out[7]

Max path
io_out[7]

Sim path
io_out[7]


> gn io_out[8]
Net io_out[8]: 141
 connections: gate 0 source 0 drain 0 bulk 0

Initial min path
io_out[8]

Initial max path
io_out[8]

Initial sim path
io_out[8]

Min path
io_out[8]

Max path
io_out[8]

Sim path
io_out[8]


> gn io_out[9]
Net io_out[9]: 142
 connections: gate 0 source 0 drain 0 bulk 0

Initial min path
io_out[9]

Initial max path
io_out[9]

Initial sim path
io_out[9]

Min path
io_out[9]

Max path
io_out[9]

Sim path
io_out[9]


> gn io_out[10]
Net io_out[10]: 106
 connections: gate 0 source 0 drain 0 bulk 0

Initial min path
io_out[10]

Initial max path
io_out[10]

Initial sim path
io_out[10]

Min path
io_out[10]

Max path
io_out[10]

Sim path
io_out[10]


> gn io_out[11]
Net io_out[11]: 107
 connections: gate 0 source 0 drain 0 bulk 0

Initial min path
io_out[11]

Initial max path
io_out[11]

Initial sim path
io_out[11]

Min path
io_out[11]

Max path
io_out[11]

Sim path
io_out[11]


> gn io_out[12]
Net io_out[12]: 108
 connections: gate 0 source 0 drain 0 bulk 0

Initial min path
io_out[12]

Initial max path
io_out[12]

Initial sim path
io_out[12]

Min path
io_out[12]

Max path
io_out[12]

Sim path
io_out[12]


> gn io_out[13]
Net io_out[13]: 109
 connections: gate 0 source 0 drain 0 bulk 0

Initial min path
io_out[13]

Initial max path
io_out[13]

Initial sim path
io_out[13]

Min path
io_out[13]

Max path
io_out[13]

Sim path
io_out[13]


> gn io_out[14]
Net io_out[14]: 110
 connections: gate 0 source 0 drain 0 bulk 0

Initial min path
io_out[14]

Initial max path
io_out[14]

Initial sim path
io_out[14]

Min path
io_out[14]

Max path
io_out[14]

Sim path
io_out[14]


> gn io_out[15]
Net io_out[15]: 111
 connections: gate 0 source 0 drain 0 bulk 0

Initial min path
io_out[15]

Initial max path
io_out[15]

Initial sim path
io_out[15]

Min path
io_out[15]

Max path
io_out[15]

Sim path
io_out[15]


> gn io_out[16]
Net io_out[16]: 112
 connections: gate 0 source 0 drain 0 bulk 0

Initial min path
io_out[16]

Initial max path
io_out[16]

Initial sim path
io_out[16]

Min path
io_out[16]

Max path
io_out[16]

Sim path
io_out[16]


> gn io_out[17]
Net io_out[17]: 113
 connections: gate 0 source 0 drain 0 bulk 0

Initial min path
io_out[17]

Initial max path
io_out[17]

Initial sim path
io_out[17]

Min path
io_out[17]

Max path
io_out[17]

Sim path
io_out[17]


> gn io_out[18]
Net io_out[18]: 114
 connections: gate 0 source 0 drain 0 bulk 0

Initial min path
io_out[18]

Initial max path
io_out[18]

Initial sim path
io_out[18]

Min path
io_out[18]

Max path
io_out[18]

Sim path
io_out[18]


> gn io_out[19]
Net io_out[19]: 115
 connections: gate 0 source 0 drain 0 bulk 0

Initial min path
io_out[19]

Initial max path
io_out[19]

Initial sim path
io_out[19]

Min path
io_out[19]

Max path
io_out[19]

Sim path
io_out[19]


> gn io_out[20]
Net io_out[20]: 117
 connections: gate 0 source 0 drain 0 bulk 0

Initial min path
io_out[20]

Initial max path
io_out[20]

Initial sim path
io_out[20]

Min path
io_out[20]

Max path
io_out[20]

Sim path
io_out[20]


> gn io_out[21]
Net io_out[21]: 118
 connections: gate 0 source 0 drain 0 bulk 0

Initial min path
io_out[21]

Initial max path
io_out[21]

Initial sim path
io_out[21]

Min path
io_out[21]

Max path
io_out[21]

Sim path
io_out[21]


> gn io_out[22]
Net io_out[22]: 119
 connections: gate 0 source 0 drain 0 bulk 0

Initial min path
io_out[22]

Initial max path
io_out[22]

Initial sim path
io_out[22]

Min path
io_out[22]

Max path
io_out[22]

Sim path
io_out[22]


> gn io_out[23]
Net io_out[23]: 120
 connections: gate 0 source 0 drain 0 bulk 0

Initial min path
io_out[23]

Initial max path
io_out[23]

Initial sim path
io_out[23]

Min path
io_out[23]

Max path
io_out[23]

Sim path
io_out[23]


> gn io_out[24]
Net io_out[24]: 121
 connections: gate 0 source 0 drain 0 bulk 0

Initial min path
io_out[24]

Initial max path
io_out[24]

Initial sim path
io_out[24]

Min path
io_out[24]

Max path
io_out[24]

Sim path
io_out[24]


> gn io_out[25]
Net io_out[25]: 122
 connections: gate 0 source 0 drain 0 bulk 0

Initial min path
io_out[25]

Initial max path
io_out[25]

Initial sim path
io_out[25]

Min path
io_out[25]

Max path
io_out[25]

Sim path
io_out[25]


> gn io_out[26]
Net io_out[26]: 123
 connections: gate 0 source 0 drain 0 bulk 0

Initial min path
io_out[26]

Initial max path
io_out[26]

Initial sim path
io_out[26]

Min path
io_out[26]

Max path
io_out[26]

Sim path
io_out[26]


> gn io_out[27]
Net io_out[27]: 124
 connections: gate 0 source 0 drain 0 bulk 0

Initial min path
io_out[27]

Initial max path
io_out[27]

Initial sim path
io_out[27]

Min path
io_out[27]

Max path
io_out[27]

Sim path
io_out[27]


> gn io_out[28]
Net io_out[28]: 125
 connections: gate 0 source 0 drain 0 bulk 0

Initial min path
io_out[28]

Initial max path
io_out[28]

Initial sim path
io_out[28]

Min path
io_out[28]

Max path
io_out[28]

Sim path
io_out[28]


> gn io_out[29]
Net io_out[29]: 126
 connections: gate 0 source 0 drain 0 bulk 0

Initial min path
io_out[29]

Initial max path
io_out[29]

Initial sim path
io_out[29]

Min path
io_out[29]

Max path
io_out[29]

Sim path
io_out[29]


> gn io_out[30]
Net io_out[30]: 128
 connections: gate 0 source 0 drain 0 bulk 0

Initial min path
io_out[30]

Initial max path
io_out[30]

Initial sim path
io_out[30]

Min path
io_out[30]

Max path
io_out[30]

Sim path
io_out[30]


> gn io_out[31]
Net io_out[31]: 129
 connections: gate 0 source 0 drain 0 bulk 0

Initial min path
io_out[31]

Initial max path
io_out[31]

Initial sim path
io_out[31]

Min path
io_out[31]

Max path
io_out[31]

Sim path
io_out[31]


> gn io_out[32]
Net io_out[32]: 130
 connections: gate 0 source 0 drain 0 bulk 0

Initial min path
io_out[32]

Initial max path
io_out[32]

Initial sim path
io_out[32]

Min path
io_out[32]

Max path
io_out[32]

Sim path
io_out[32]


> gn io_out[33]
Net io_out[33]: 131
 connections: gate 0 source 0 drain 0 bulk 0

Initial min path
io_out[33]

Initial max path
io_out[33]

Initial sim path
io_out[33]

Min path
io_out[33]

Max path
io_out[33]

Sim path
io_out[33]


> gn io_out[34]
Net io_out[34]: 132
 connections: gate 0 source 0 drain 0 bulk 0

Initial min path
io_out[34]

Initial max path
io_out[34]

Initial sim path
io_out[34]

Min path
io_out[34]

Max path
io_out[34]

Sim path
io_out[34]


> gn io_out[35]
Net io_out[35]: 133
 connections: gate 0 source 0 drain 0 bulk 0

Initial min path
io_out[35]

Initial max path
io_out[35]

Initial sim path
io_out[35]

Min path
io_out[35]

Max path
io_out[35]

Sim path
io_out[35]


> gn io_out[36]
Net io_out[36]: 134
 connections: gate 0 source 0 drain 0 bulk 0

Initial min path
io_out[36]

Initial max path
io_out[36]

Initial sim path
io_out[36]

Min path
io_out[36]

Max path
io_out[36]

Sim path
io_out[36]


> gn io_out[37]
Net io_out[37]: 135
 connections: gate 0 source 0 drain 0 bulk 0

Initial min path
io_out[37]

Initial max path
io_out[37]

Initial sim path
io_out[37]

Min path
io_out[37]

Max path
io_out[37]

Sim path
io_out[37]


> gn io_oeb[0]
Net io_oeb[0]: 67
 connections: gate 0 source 0 drain 0 bulk 0


> gn io_oeb[1]
Net io_oeb[1]: 78
 connections: gate 0 source 0 drain 0 bulk 0

Initial min path
io_oeb[1]

Initial max path
io_oeb[1]

Initial sim path
io_oeb[1]

Min path
io_oeb[1]

Max path
io_oeb[1]

Sim path
io_oeb[1]


> gn io_oeb[2]
Net io_oeb[2]: 89
 connections: gate 0 source 0 drain 0 bulk 0

Initial min path
io_oeb[2]

Initial max path
io_oeb[2]

Initial sim path
io_oeb[2]

Min path
io_oeb[2]

Max path
io_oeb[2]

Sim path
io_oeb[2]


> gn io_oeb[3]
Net io_oeb[3]: 98
 connections: gate 0 source 0 drain 0 bulk 0

Initial min path
io_oeb[3]

Initial max path
io_oeb[3]

Initial sim path
io_oeb[3]

Min path
io_oeb[3]

Max path
io_oeb[3]

Sim path
io_oeb[3]


> gn io_oeb[4]
Net io_oeb[4]: 99
 connections: gate 0 source 0 drain 0 bulk 0

Initial min path
io_oeb[4]

Initial max path
io_oeb[4]

Initial sim path
io_oeb[4]

Min path
io_oeb[4]

Max path
io_oeb[4]

Sim path
io_oeb[4]


> gn io_oeb[5]
Net io_oeb[5]: 100
 connections: gate 0 source 0 drain 0 bulk 0

Initial min path
io_oeb[5]

Initial max path
io_oeb[5]

Initial sim path
io_oeb[5]

Min path
io_oeb[5]

Max path
io_oeb[5]

Sim path
io_oeb[5]


> gn io_oeb[6]
Net io_oeb[6]: 101
 connections: gate 0 source 0 drain 0 bulk 0

Initial min path
io_oeb[6]

Initial max path
io_oeb[6]

Initial sim path
io_oeb[6]

Min path
io_oeb[6]

Max path
io_oeb[6]

Sim path
io_oeb[6]


> gn io_oeb[7]
Net io_oeb[7]: 102
 connections: gate 0 source 0 drain 0 bulk 0

Initial min path
io_oeb[7]

Initial max path
io_oeb[7]

Initial sim path
io_oeb[7]

Min path
io_oeb[7]

Max path
io_oeb[7]

Sim path
io_oeb[7]


> gn io_oeb[8]
Net io_oeb[8]: 103
 connections: gate 0 source 0 drain 0 bulk 0

Initial min path
io_oeb[8]

Initial max path
io_oeb[8]

Initial sim path
io_oeb[8]

Min path
io_oeb[8]

Max path
io_oeb[8]

Sim path
io_oeb[8]


> gn io_oeb[9]
Net io_oeb[9]: 104
 connections: gate 0 source 0 drain 0 bulk 0

Initial min path
io_oeb[9]

Initial max path
io_oeb[9]

Initial sim path
io_oeb[9]

Min path
io_oeb[9]

Max path
io_oeb[9]

Sim path
io_oeb[9]


> gn io_oeb[10]
Net io_oeb[10]: 68
 connections: gate 0 source 0 drain 0 bulk 0


> gn io_oeb[11]
Net io_oeb[11]: 69
 connections: gate 0 source 0 drain 0 bulk 0

Initial min path
io_oeb[11]

Initial max path
io_oeb[11]

Initial sim path
io_oeb[11]

Min path
io_oeb[11]

Max path
io_oeb[11]

Sim path
io_oeb[11]


> gn io_oeb[12]
Net io_oeb[12]: 70
 connections: gate 0 source 0 drain 0 bulk 0

Initial min path
io_oeb[12]

Initial max path
io_oeb[12]

Initial sim path
io_oeb[12]

Min path
io_oeb[12]

Max path
io_oeb[12]

Sim path
io_oeb[12]


> gn io_oeb[13]
Net io_oeb[13]: 71
 connections: gate 0 source 0 drain 0 bulk 0

Initial min path
io_oeb[13]

Initial max path
io_oeb[13]

Initial sim path
io_oeb[13]

Min path
io_oeb[13]

Max path
io_oeb[13]

Sim path
io_oeb[13]


> gn io_oeb[14]
Net io_oeb[14]: 72
 connections: gate 0 source 0 drain 0 bulk 0

Initial min path
io_oeb[14]

Initial max path
io_oeb[14]

Initial sim path
io_oeb[14]

Min path
io_oeb[14]

Max path
io_oeb[14]

Sim path
io_oeb[14]


> gn io_oeb[15]
Net io_oeb[15]: 73
 connections: gate 0 source 0 drain 0 bulk 0

Initial min path
io_oeb[15]

Initial max path
io_oeb[15]

Initial sim path
io_oeb[15]

Min path
io_oeb[15]

Max path
io_oeb[15]

Sim path
io_oeb[15]


> gn io_oeb[16]
Net io_oeb[16]: 74
 connections: gate 0 source 0 drain 0 bulk 0

Initial min path
io_oeb[16]

Initial max path
io_oeb[16]

Initial sim path
io_oeb[16]

Min path
io_oeb[16]

Max path
io_oeb[16]

Sim path
io_oeb[16]


> gn io_oeb[17]
Net io_oeb[17]: 75
 connections: gate 0 source 0 drain 0 bulk 0

Initial min path
io_oeb[17]

Initial max path
io_oeb[17]

Initial sim path
io_oeb[17]

Min path
io_oeb[17]

Max path
io_oeb[17]

Sim path
io_oeb[17]


> gn io_oeb[18]
Net io_oeb[18]: 76
 connections: gate 0 source 0 drain 0 bulk 0

Initial min path
io_oeb[18]

Initial max path
io_oeb[18]

Initial sim path
io_oeb[18]

Min path
io_oeb[18]

Max path
io_oeb[18]

Sim path
io_oeb[18]


> gn io_oeb[19]
Net io_oeb[19]: 77
 connections: gate 0 source 0 drain 0 bulk 0

Initial min path
io_oeb[19]

Initial max path
io_oeb[19]

Initial sim path
io_oeb[19]

Min path
io_oeb[19]

Max path
io_oeb[19]

Sim path
io_oeb[19]


> gn io_oeb[20]
Net io_oeb[20]: 79
 connections: gate 0 source 0 drain 0 bulk 0

Initial min path
io_oeb[20]

Initial max path
io_oeb[20]

Initial sim path
io_oeb[20]

Min path
io_oeb[20]

Max path
io_oeb[20]

Sim path
io_oeb[20]


> gn io_oeb[21]
Net io_oeb[21]: 80
 connections: gate 0 source 0 drain 0 bulk 0

Initial min path
io_oeb[21]

Initial max path
io_oeb[21]

Initial sim path
io_oeb[21]

Min path
io_oeb[21]

Max path
io_oeb[21]

Sim path
io_oeb[21]


> gn io_oeb[22]
Net io_oeb[22]: 81
 connections: gate 0 source 0 drain 0 bulk 0

Initial min path
io_oeb[22]

Initial max path
io_oeb[22]

Initial sim path
io_oeb[22]

Min path
io_oeb[22]

Max path
io_oeb[22]

Sim path
io_oeb[22]


> gn io_oeb[23]
Net io_oeb[23]: 82
 connections: gate 0 source 0 drain 0 bulk 0

Initial min path
io_oeb[23]

Initial max path
io_oeb[23]

Initial sim path
io_oeb[23]

Min path
io_oeb[23]

Max path
io_oeb[23]

Sim path
io_oeb[23]


> gn io_oeb[24]
Net io_oeb[24]: 83
 connections: gate 0 source 0 drain 0 bulk 0

Initial min path
io_oeb[24]

Initial max path
io_oeb[24]

Initial sim path
io_oeb[24]

Min path
io_oeb[24]

Max path
io_oeb[24]

Sim path
io_oeb[24]


> gn io_oeb[25]
Net io_oeb[25]: 84
 connections: gate 0 source 0 drain 0 bulk 0

Initial min path
io_oeb[25]

Initial max path
io_oeb[25]

Initial sim path
io_oeb[25]

Min path
io_oeb[25]

Max path
io_oeb[25]

Sim path
io_oeb[25]


> gn io_oeb[26]
Net io_oeb[26]: 85
 connections: gate 0 source 0 drain 0 bulk 0

Initial min path
io_oeb[26]

Initial max path
io_oeb[26]

Initial sim path
io_oeb[26]

Min path
io_oeb[26]

Max path
io_oeb[26]

Sim path
io_oeb[26]


> gn io_oeb[27]
Net io_oeb[27]: 86
 connections: gate 0 source 0 drain 0 bulk 0

Initial min path
io_oeb[27]

Initial max path
io_oeb[27]

Initial sim path
io_oeb[27]

Min path
io_oeb[27]

Max path
io_oeb[27]

Sim path
io_oeb[27]


> gn io_oeb[28]
Net io_oeb[28]: 87
 connections: gate 0 source 0 drain 0 bulk 0

Initial min path
io_oeb[28]

Initial max path
io_oeb[28]

Initial sim path
io_oeb[28]

Min path
io_oeb[28]

Max path
io_oeb[28]

Sim path
io_oeb[28]


> gn io_oeb[29]
Net io_oeb[29]: 88
 connections: gate 0 source 0 drain 0 bulk 0

Initial min path
io_oeb[29]

Initial max path
io_oeb[29]

Initial sim path
io_oeb[29]

Min path
io_oeb[29]

Max path
io_oeb[29]

Sim path
io_oeb[29]


> gn io_oeb[30]
Net io_oeb[30]: 90
 connections: gate 0 source 0 drain 0 bulk 0

Initial min path
io_oeb[30]

Initial max path
io_oeb[30]

Initial sim path
io_oeb[30]

Min path
io_oeb[30]

Max path
io_oeb[30]

Sim path
io_oeb[30]


> gn io_oeb[31]
Net io_oeb[31]: 91
 connections: gate 0 source 0 drain 0 bulk 0

Initial min path
io_oeb[31]

Initial max path
io_oeb[31]

Initial sim path
io_oeb[31]

Min path
io_oeb[31]

Max path
io_oeb[31]

Sim path
io_oeb[31]


> gn io_oeb[32]
Net io_oeb[32]: 92
 connections: gate 0 source 0 drain 0 bulk 0

Initial min path
io_oeb[32]

Initial max path
io_oeb[32]

Initial sim path
io_oeb[32]

Min path
io_oeb[32]

Max path
io_oeb[32]

Sim path
io_oeb[32]


> gn io_oeb[33]
Net io_oeb[33]: 93
 connections: gate 0 source 0 drain 0 bulk 0

Initial min path
io_oeb[33]

Initial max path
io_oeb[33]

Initial sim path
io_oeb[33]

Min path
io_oeb[33]

Max path
io_oeb[33]

Sim path
io_oeb[33]


> gn io_oeb[34]
Net io_oeb[34]: 94
 connections: gate 0 source 0 drain 0 bulk 0

Initial min path
io_oeb[34]

Initial max path
io_oeb[34]

Initial sim path
io_oeb[34]

Min path
io_oeb[34]

Max path
io_oeb[34]

Sim path
io_oeb[34]


> gn io_oeb[35]
Net io_oeb[35]: 95
 connections: gate 0 source 0 drain 0 bulk 0

Initial min path
io_oeb[35]

Initial max path
io_oeb[35]

Initial sim path
io_oeb[35]

Min path
io_oeb[35]

Max path
io_oeb[35]

Sim path
io_oeb[35]


> gn io_oeb[36]
Net io_oeb[36]: 96
 connections: gate 0 source 0 drain 0 bulk 0

Initial min path
io_oeb[36]

Initial max path
io_oeb[36]

Initial sim path
io_oeb[36]

Min path
io_oeb[36]

Max path
io_oeb[36]

Sim path
io_oeb[36]


> gn io_oeb[37]
Net io_oeb[37]: 97
 connections: gate 0 source 0 drain 0 bulk 0

Initial min path
io_oeb[37]

Initial max path
io_oeb[37]

Initial sim path
io_oeb[37]

Min path
io_oeb[37]

Max path
io_oeb[37]

Sim path
io_oeb[37]


> gn io_in[0]
Net io_in[0]: 29
 connections: gate 0 source 0 drain 0 bulk 0
 base definition io_in[*]
  default min unknown
  default sim unknown
  default max unknown
 defined as  input min@0.0 max@1.8 =>  min@0.0 max@1.8 input


> gn io_in[1]
Net io_in[1]: 40
 connections: gate 0 source 0 drain 0 bulk 0
 base definition io_in[*]
  default min unknown
  default sim unknown
  default max unknown
 defined as  input min@0.0 max@1.8 =>  min@0.0 max@1.8 input


> gn io_in[2]
Net io_in[2]: 51
 connections: gate 0 source 0 drain 0 bulk 0
 base definition io_in[*]
  default min unknown
  default sim unknown
  default max unknown
 defined as  input min@0.0 max@1.8 =>  min@0.0 max@1.8 input


> gn io_in[3]
Net io_in[3]: 60
 connections: gate 0 source 0 drain 0 bulk 0
 base definition io_in[*]
  default min unknown
  default sim unknown
  default max unknown
 defined as  input min@0.0 max@1.8 =>  min@0.0 max@1.8 input


> gn io_in[4]
Net io_in[4]: 61
 connections: gate 0 source 0 drain 0 bulk 0
 base definition io_in[*]
  default min unknown
  default sim unknown
  default max unknown
 defined as  input min@0.0 max@1.8 =>  min@0.0 max@1.8 input


> gn io_in[5]
Net io_in[5]: 62
 connections: gate 0 source 0 drain 0 bulk 0
 base definition io_in[*]
  default min unknown
  default sim unknown
  default max unknown
 defined as  input min@0.0 max@1.8 =>  min@0.0 max@1.8 input


> gn io_in[6]
Net io_in[6]: 63
 connections: gate 0 source 0 drain 0 bulk 0
 base definition io_in[*]
  default min unknown
  default sim unknown
  default max unknown
 defined as  input min@0.0 max@1.8 =>  min@0.0 max@1.8 input


> gn io_in[7]
Net io_in[7]: 64
 connections: gate 0 source 0 drain 0 bulk 0
 base definition io_in[*]
  default min unknown
  default sim unknown
  default max unknown
 defined as  input min@0.0 max@1.8 =>  min@0.0 max@1.8 input


> gn io_in[8]
Net io_in[8]: 65
 connections: gate 0 source 0 drain 0 bulk 0
 base definition io_in[*]
  default min unknown
  default sim unknown
  default max unknown
 defined as  input min@0.0 max@1.8 =>  min@0.0 max@1.8 input


> gn io_in[9]
Net io_in[9]: 66
 connections: gate 0 source 0 drain 0 bulk 0
 base definition io_in[*]
  default min unknown
  default sim unknown
  default max unknown
 defined as  input min@0.0 max@1.8 =>  min@0.0 max@1.8 input


> gn io_in[10]
Net io_in[10]: 30
 connections: gate 0 source 0 drain 0 bulk 0
 base definition io_in[*]
  default min unknown
  default sim unknown
  default max unknown
 defined as  input min@0.0 max@1.8 =>  min@0.0 max@1.8 input


> gn io_in[11]
Net io_in[11]: 31
 connections: gate 0 source 0 drain 0 bulk 0
 base definition io_in[*]
  default min unknown
  default sim unknown
  default max unknown
 defined as  input min@0.0 max@1.8 =>  min@0.0 max@1.8 input


> gn io_in[12]
Net io_in[12]: 32
 connections: gate 0 source 0 drain 0 bulk 0
 base definition io_in[*]
  default min unknown
  default sim unknown
  default max unknown
 defined as  input min@0.0 max@1.8 =>  min@0.0 max@1.8 input


> gn io_in[13]
Net io_in[13]: 33
 connections: gate 0 source 0 drain 0 bulk 0
 base definition io_in[*]
  default min unknown
  default sim unknown
  default max unknown
 defined as  input min@0.0 max@1.8 =>  min@0.0 max@1.8 input


> gn io_in[14]
Net io_in[14]: 34
 connections: gate 0 source 0 drain 0 bulk 0
 base definition io_in[*]
  default min unknown
  default sim unknown
  default max unknown
 defined as  input min@0.0 max@1.8 =>  min@0.0 max@1.8 input


> gn io_in[15]
Net io_in[15]: 35
 connections: gate 0 source 0 drain 0 bulk 0
 base definition io_in[*]
  default min unknown
  default sim unknown
  default max unknown
 defined as  input min@0.0 max@1.8 =>  min@0.0 max@1.8 input


> gn io_in[16]
Net io_in[16]: 36
 connections: gate 0 source 0 drain 0 bulk 0
 base definition io_in[*]
  default min unknown
  default sim unknown
  default max unknown
 defined as  input min@0.0 max@1.8 =>  min@0.0 max@1.8 input


> gn io_in[17]
Net io_in[17]: 37
 connections: gate 0 source 0 drain 0 bulk 0
 base definition io_in[*]
  default min unknown
  default sim unknown
  default max unknown
 defined as  input min@0.0 max@1.8 =>  min@0.0 max@1.8 input


> gn io_in[18]
Net io_in[18]: 38
 connections: gate 0 source 0 drain 0 bulk 0
 base definition io_in[*]
  default min unknown
  default sim unknown
  default max unknown
 defined as  input min@0.0 max@1.8 =>  min@0.0 max@1.8 input


> gn io_in[19]
Net io_in[19]: 39
 connections: gate 0 source 0 drain 0 bulk 0
 base definition io_in[*]
  default min unknown
  default sim unknown
  default max unknown
 defined as  input min@0.0 max@1.8 =>  min@0.0 max@1.8 input


> gn io_in[20]
Net io_in[20]: 41
 connections: gate 0 source 0 drain 0 bulk 0
 base definition io_in[*]
  default min unknown
  default sim unknown
  default max unknown
 defined as  input min@0.0 max@1.8 =>  min@0.0 max@1.8 input


> gn io_in[21]
Net io_in[21]: 42
 connections: gate 0 source 0 drain 0 bulk 0
 base definition io_in[*]
  default min unknown
  default sim unknown
  default max unknown
 defined as  input min@0.0 max@1.8 =>  min@0.0 max@1.8 input


> gn io_in[22]
Net io_in[22]: 43
 connections: gate 0 source 0 drain 0 bulk 0
 base definition io_in[*]
  default min unknown
  default sim unknown
  default max unknown
 defined as  input min@0.0 max@1.8 =>  min@0.0 max@1.8 input


> gn io_in[23]
Net io_in[23]: 44
 connections: gate 0 source 0 drain 0 bulk 0
 base definition io_in[*]
  default min unknown
  default sim unknown
  default max unknown
 defined as  input min@0.0 max@1.8 =>  min@0.0 max@1.8 input


> gn io_in[24]
Net io_in[24]: 45
 connections: gate 0 source 0 drain 0 bulk 0
 base definition io_in[*]
  default min unknown
  default sim unknown
  default max unknown
 defined as  input min@0.0 max@1.8 =>  min@0.0 max@1.8 input


> gn io_in[25]
Net io_in[25]: 46
 connections: gate 0 source 0 drain 0 bulk 0
 base definition io_in[*]
  default min unknown
  default sim unknown
  default max unknown
 defined as  input min@0.0 max@1.8 =>  min@0.0 max@1.8 input


> gn io_in[26]
Net io_in[26]: 47
 connections: gate 0 source 0 drain 0 bulk 0
 base definition io_in[*]
  default min unknown
  default sim unknown
  default max unknown
 defined as  input min@0.0 max@1.8 =>  min@0.0 max@1.8 input


> gn io_in[27]
Net io_in[27]: 48
 connections: gate 0 source 0 drain 0 bulk 0
 base definition io_in[*]
  default min unknown
  default sim unknown
  default max unknown
 defined as  input min@0.0 max@1.8 =>  min@0.0 max@1.8 input


> gn io_in[28]
Net io_in[28]: 49
 connections: gate 0 source 0 drain 0 bulk 0
 base definition io_in[*]
  default min unknown
  default sim unknown
  default max unknown
 defined as  input min@0.0 max@1.8 =>  min@0.0 max@1.8 input


> gn io_in[29]
Net io_in[29]: 50
 connections: gate 0 source 0 drain 0 bulk 0
 base definition io_in[*]
  default min unknown
  default sim unknown
  default max unknown
 defined as  input min@0.0 max@1.8 =>  min@0.0 max@1.8 input


> gn io_in[30]
Net io_in[30]: 52
 connections: gate 0 source 0 drain 0 bulk 0
 base definition io_in[*]
  default min unknown
  default sim unknown
  default max unknown
 defined as  input min@0.0 max@1.8 =>  min@0.0 max@1.8 input


> gn io_in[31]
Net io_in[31]: 53
 connections: gate 0 source 0 drain 0 bulk 0
 base definition io_in[*]
  default min unknown
  default sim unknown
  default max unknown
 defined as  input min@0.0 max@1.8 =>  min@0.0 max@1.8 input


> gn io_in[32]
Net io_in[32]: 54
 connections: gate 0 source 0 drain 0 bulk 0
 base definition io_in[*]
  default min unknown
  default sim unknown
  default max unknown
 defined as  input min@0.0 max@1.8 =>  min@0.0 max@1.8 input


> gn io_in[33]
Net io_in[33]: 55
 connections: gate 0 source 0 drain 0 bulk 0
 base definition io_in[*]
  default min unknown
  default sim unknown
  default max unknown
 defined as  input min@0.0 max@1.8 =>  min@0.0 max@1.8 input


> gn io_in[34]
Net io_in[34]: 56
 connections: gate 0 source 0 drain 0 bulk 0
 base definition io_in[*]
  default min unknown
  default sim unknown
  default max unknown
 defined as  input min@0.0 max@1.8 =>  min@0.0 max@1.8 input


> gn io_in[35]
Net io_in[35]: 57
 connections: gate 0 source 0 drain 0 bulk 0
 base definition io_in[*]
  default min unknown
  default sim unknown
  default max unknown
 defined as  input min@0.0 max@1.8 =>  min@0.0 max@1.8 input


> gn io_in[36]
Net io_in[36]: 58
 connections: gate 0 source 0 drain 0 bulk 0
 base definition io_in[*]
  default min unknown
  default sim unknown
  default max unknown
 defined as  input min@0.0 max@1.8 =>  min@0.0 max@1.8 input


> gn io_in[37]
Net io_in[37]: 59
 connections: gate 0 source 0 drain 0 bulk 0
 base definition io_in[*]
  default min unknown
  default sim unknown
  default max unknown
 defined as  input min@0.0 max@1.8 =>  min@0.0 max@1.8 input


> gn analog_io[0]
Net analog_io[0]: 0
 connections: gate 0 source 0 drain 0 bulk 0


> gn analog_io[1]
Net analog_io[1]: 11
 connections: gate 0 source 0 drain 0 bulk 0


> gn analog_io[2]
Net analog_io[2]: 21
 connections: gate 0 source 0 drain 0 bulk 0


> gn analog_io[3]
Net analog_io[3]: 22
 connections: gate 0 source 0 drain 0 bulk 0


> gn analog_io[4]
Net analog_io[4]: 23
 connections: gate 0 source 0 drain 0 bulk 0


> gn analog_io[5]
Net analog_io[5]: 24
 connections: gate 0 source 0 drain 0 bulk 0


> gn analog_io[6]
Net analog_io[6]: 25
 connections: gate 0 source 0 drain 0 bulk 0


> gn analog_io[7]
Net analog_io[7]: 26
 connections: gate 0 source 0 drain 0 bulk 0


> gn analog_io[8]
Net analog_io[8]: 27
 connections: gate 0 source 0 drain 0 bulk 0


> gn analog_io[9]
Net analog_io[9]: 28
 connections: gate 0 source 0 drain 0 bulk 0


> gn analog_io[10]
Net analog_io[10]: 1
 connections: gate 0 source 0 drain 0 bulk 0


> gn analog_io[11]
Net analog_io[11]: 2
 connections: gate 0 source 0 drain 0 bulk 0


> gn analog_io[12]
Net analog_io[12]: 3
 connections: gate 0 source 0 drain 0 bulk 0


> gn analog_io[13]
Net analog_io[13]: 4
 connections: gate 0 source 0 drain 0 bulk 0


> gn analog_io[14]
Net analog_io[14]: 5
 connections: gate 0 source 0 drain 0 bulk 0


> gn analog_io[15]
Net analog_io[15]: 6
 connections: gate 0 source 0 drain 0 bulk 0


> gn analog_io[16]
Net analog_io[16]: 7
 connections: gate 0 source 0 drain 0 bulk 0


> gn analog_io[17]
Net analog_io[17]: 8
 connections: gate 0 source 0 drain 0 bulk 0


> gn analog_io[18]
Net analog_io[18]: 9
 connections: gate 0 source 0 drain 0 bulk 0


> gn analog_io[19]
Net analog_io[19]: 10
 connections: gate 0 source 0 drain 0 bulk 0


> gn analog_io[20]
Net analog_io[20]: 12
 connections: gate 0 source 0 drain 0 bulk 0


> gn analog_io[21]
Net analog_io[21]: 13
 connections: gate 0 source 0 drain 0 bulk 0


> gn analog_io[22]
Net analog_io[22]: 14
 connections: gate 0 source 0 drain 0 bulk 0


> gn analog_io[23]
Net analog_io[23]: 15
 connections: gate 0 source 0 drain 0 bulk 0


> gn analog_io[24]
Net analog_io[24]: 16
 connections: gate 0 source 0 drain 0 bulk 0


> gn analog_io[25]
Net analog_io[25]: 17
 connections: gate 0 source 0 drain 0 bulk 0


> gn analog_io[26]
Net analog_io[26]: 18
 connections: gate 0 source 0 drain 0 bulk 0


> gn analog_io[27]
Net analog_io[27]: 19
 connections: gate 0 source 0 drain 0 bulk 0


> gn analog_io[28]
Net analog_io[28]: 20
 connections: gate 0 source 0 drain 0 bulk 0


> q
Runtime: 0:00:02 (hh:mm:ss)
