
TOP SOURCE: user_project_wrapper
SOURCE FILE(S): /opt/pdks/sky130A/libs.ref/sky130_fd_sc_hd/spice/sky130_ef_sc_hd__decap_12.spice
 /opt/pdks/sky130A/libs.ref/sky130_fd_sc_hd/spice/sky130_ef_sc_hd__decap_20_12.spice
 /opt/pdks/sky130A/libs.ref/sky130_fd_sc_hd/spice/sky130_ef_sc_hd__decap_40_12.spice
 /opt/pdks/sky130A/libs.ref/sky130_fd_sc_hd/spice/sky130_ef_sc_hd__decap_60_12.spice
 /opt/pdks/sky130A/libs.ref/sky130_fd_sc_hd/spice/sky130_ef_sc_hd__decap_80_12.spice
 /opt/pdks/sky130A/libs.ref/sky130_fd_sc_hd/spice/sky130_fd_sc_hd.spice
 /tmp/tmpvbyuj49e/repo/verilog/gl/ucb_top.v
 /tmp/tmpvbyuj49e/repo/verilog/gl/user_project_wrapper.nl.v
TOP LAYOUT: user_project_wrapper
LAYOUT FILE: /tmp/tmpvbyuj49e/repo/gds/user_project_wrapper.gds
EXTRACT_FLATGLOB: 
EXTRACT_ABSTRACT: *__fill_*
 *__fakediode_*
 *__tapvpwrvgnd_*
 *__buf_*
 *__clkbuf_*
 *__decap_*
LVS_FLATTEN: 
LVS_NOFLATTEN: ucb_top
LVS_IGNORE: 
WORK_ROOT   : /tmp/tmpvbyuj49e/repo/precheck_results/12_MAY_2026___09_35_03/tmp
LOG_ROOT    : /tmp/tmpvbyuj49e/repo/precheck_results/12_MAY_2026___09_35_03/logs
SIGNOFF_ROOT: /tmp/tmpvbyuj49e/repo/precheck_results/12_MAY_2026___09_35_03/outputs/reports
 
Running hierarchical comparison between verilog and layout...
Creating /tmp/tmpvbyuj49e/repo/precheck_results/12_MAY_2026___09_35_03/tmp/verilog.cells from the following files...
	/tmp/tmpvbyuj49e/repo/verilog/gl/ucb_top.v
	/tmp/tmpvbyuj49e/repo/verilog/gl/user_project_wrapper.nl.v
[INFO] Changing from /tmp/tmpvbyuj49e/repo/gds/user_project_wrapper.gds
	to /tmp/tmpvbyuj49e/repo/precheck_results/12_MAY_2026___09_35_03/tmp/layout.txt
Hierarchy check for user_project_wrapper passed.
 
Running LVS...
TOP SOURCE: user_project_wrapper
SOURCE FILE(S): /opt/pdks/sky130A/libs.ref/sky130_fd_sc_hd/spice/sky130_ef_sc_hd__decap_12.spice
 /opt/pdks/sky130A/libs.ref/sky130_fd_sc_hd/spice/sky130_ef_sc_hd__decap_20_12.spice
 /opt/pdks/sky130A/libs.ref/sky130_fd_sc_hd/spice/sky130_ef_sc_hd__decap_40_12.spice
 /opt/pdks/sky130A/libs.ref/sky130_fd_sc_hd/spice/sky130_ef_sc_hd__decap_60_12.spice
 /opt/pdks/sky130A/libs.ref/sky130_fd_sc_hd/spice/sky130_ef_sc_hd__decap_80_12.spice
 /opt/pdks/sky130A/libs.ref/sky130_fd_sc_hd/spice/sky130_fd_sc_hd.spice
 /tmp/tmpvbyuj49e/repo/verilog/gl/ucb_top.v
 /tmp/tmpvbyuj49e/repo/verilog/gl/user_project_wrapper.nl.v
TOP LAYOUT: user_project_wrapper
LAYOUT FILE: /tmp/tmpvbyuj49e/repo/gds/user_project_wrapper.gds
EXTRACT_FLATGLOB: 
EXTRACT_ABSTRACT: *__fill_*
 *__fakediode_*
 *__tapvpwrvgnd_*
 *__buf_*
 *__clkbuf_*
 *__decap_*
LVS_FLATTEN: 
LVS_NOFLATTEN: ucb_top
LVS_IGNORE: 
WORK_ROOT   : /tmp/tmpvbyuj49e/repo/precheck_results/12_MAY_2026___09_35_03/tmp
LOG_ROOT    : /tmp/tmpvbyuj49e/repo/precheck_results/12_MAY_2026___09_35_03/logs
SIGNOFF_ROOT: /tmp/tmpvbyuj49e/repo/precheck_results/12_MAY_2026___09_35_03/outputs/reports
 
Running extract...
TOP LAYOUT: user_project_wrapper
LAYOUT FILE: /tmp/tmpvbyuj49e/repo/gds/user_project_wrapper.gds
EXTRACT_FLATGLOB: 
EXTRACT_ABSTRACT: *__fill_*
 *__fakediode_*
 *__tapvpwrvgnd_*
 *__buf_*
 *__clkbuf_*
 *__decap_*
WORK_ROOT   : /tmp/tmpvbyuj49e/repo/precheck_results/12_MAY_2026___09_35_03/tmp
LOG_ROOT    : /tmp/tmpvbyuj49e/repo/precheck_results/12_MAY_2026___09_35_03/logs
SIGNOFF_ROOT: /tmp/tmpvbyuj49e/repo/precheck_results/12_MAY_2026___09_35_03/outputs/reports
LOG FILE: /tmp/tmpvbyuj49e/repo/precheck_results/12_MAY_2026___09_35_03/logs/ext.log
Adding subcutout style to tech file.
/opt/pdks/sky130A/libs.tech/magic/sky130A.tech: version 1.0.493
Extracting to /tmp/tmpvbyuj49e/repo/precheck_results/12_MAY_2026___09_35_03/tmp/ext
 

Magic 8.3 revision 471 - Compiled on Wed Apr 22 16:23:58 UTC 2026.
Starting magic under Tcl interpreter
Using the terminal as the console.
Using NULL graphics device.
Processing system .magicrc file
Sourcing design magicrc.well for technology sky130A ...
2 Magic internal units = 1 Lambda
Loading tech file /tmp/tmpvbyuj49e/repo/precheck_results/12_MAY_2026___09_35_03/tmp/sky130A.tech
Input style sky130(): scaleFactor=2, multiplier=2
The following types are not handled by extraction and will be treated as non-electrical types:
    ubm 
Scaled tech values by 2 / 1 to match internal grid scaling
Loading "/tmp/tmpvbyuj49e/repo/precheck_results/12_MAY_2026___09_35_03/tmp/ext/abstract.tcl" from command line.
Abstracting
CIF input style is now "sky130()"
Abstracting /tmp/tmpvbyuj49e/repo/gds/user_project_wrapper.gds
Warning: Calma reading is not undoable!  I hope that's OK.
Library written using GDS-II Release 3.0
Library name: user_project_wrapper
Reading "BV_sky130_ef_sc_hd__decap_40_12".
Reading "BV_sky130_fd_sc_hd__decap_3".
Reading "BV_sky130_fd_sc_hd__fill_1".
Reading "BV_sky130_fd_sc_hd__tapvpwrvgnd_1".
Reading "BV_sky130_fd_sc_hd__fill_4".
Reading "BV_sky130_fd_sc_hd__fill_2".
Reading "BV_sky130_fd_sc_hd__fill_8".
Reading "BV_sky130_fd_sc_hd__dlygate4sd3_1".
Reading "BV_sky130_fd_sc_hd__dfrtp_1".
Reading "BV_sky130_fd_sc_hd__diode_2".
Reading "BV_sky130_fd_sc_hd__clkbuf_1".
Reading "BV_sky130_fd_sc_hd__and2_1".
Reading "BV_sky130_fd_sc_hd__buf_1".
Reading "BV_sky130_fd_sc_hd__xnor2_1".
Reading "BV_sky130_fd_sc_hd__or2_1".
Reading "BV_sky130_fd_sc_hd__nand2_1".
Reading "BV_sky130_fd_sc_hd__mux2_1".
Reading "BV_sky130_fd_sc_hd__dlymetal6s2s_1".
Reading "BV_sky130_fd_sc_hd__clkbuf_4".
Reading "BV_sky130_fd_sc_hd__buf_2".
Reading "BV_sky130_fd_sc_hd__nor2_1".
Reading "BV_sky130_fd_sc_hd__nor3_1".
Reading "BV_sky130_fd_sc_hd__a21bo_1".
Reading "BV_sky130_fd_sc_hd__o21a_1".
Reading "BV_sky130_fd_sc_hd__a21o_1".
Reading "BV_sky130_fd_sc_hd__o21ai_1".
Reading "BV_sky130_fd_sc_hd__or3_1".
Reading "BV_sky130_fd_sc_hd__nand2b_1".
Reading "BV_sky130_fd_sc_hd__xnor2_2".
Reading "BV_sky130_fd_sc_hd__clkbuf_2".
Reading "BV_sky130_fd_sc_hd__nand3_1".
Reading "BV_sky130_fd_sc_hd__clkbuf_8".
Reading "BV_sky130_fd_sc_hd__nor2_2".
Reading "BV_sky130_fd_sc_hd__inv_8".
Reading "BV_sky130_fd_sc_hd__dfrtp_2".
Reading "BV_sky130_fd_sc_hd__inv_6".
Reading "BV_sky130_fd_sc_hd__clkinv_2".
Reading "BV_sky130_fd_sc_hd__bufinv_16".
Reading "BV_sky130_fd_sc_hd__clkinvlp_4".
Reading "BV_sky130_fd_sc_hd__clkinv_4".
Reading "BV_sky130_fd_sc_hd__buf_8".
Reading "BV_sky130_fd_sc_hd__a22o_1".
Reading "BV_sky130_fd_sc_hd__a221o_1".
Reading "BV_sky130_fd_sc_hd__or4_1".
Reading "BV_sky130_fd_sc_hd__o22ai_4".
Reading "BV_sky130_fd_sc_hd__o21ai_4".
Reading "BV_sky130_fd_sc_hd__or4_2".
Reading "BV_sky130_fd_sc_hd__a2bb2o_1".
Reading "BV_sky130_fd_sc_hd__a2111o_1".
Reading "BV_sky130_fd_sc_hd__o22a_4".
Reading "BV_sky130_fd_sc_hd__o22a_2".
Reading "BV_sky130_fd_sc_hd__clkinv_8".
Reading "BV_sky130_fd_sc_hd__o22a_1".
Reading "BV_sky130_fd_sc_hd__nor4_1".
Reading "BV_sky130_fd_sc_hd__clkbuf_16".
Reading "BV_sky130_fd_sc_hd__a2bb2o_2".
Reading "BV_sky130_fd_sc_hd__nand2_4".
Reading "BV_sky130_fd_sc_hd__xor2_1".
Reading "BV_sky130_fd_sc_hd__o2bb2a_1".
Reading "BV_sky130_fd_sc_hd__buf_4".
Reading "BV_sky130_fd_sc_hd__or3b_1".
Reading "BV_sky130_fd_sc_hd__and3_1".
Reading "BV_sky130_fd_sc_hd__a21oi_1".
Reading "BV_sky130_fd_sc_hd__a221oi_1".
Reading "BV_sky130_fd_sc_hd__nand2_2".
Reading "BV_sky130_fd_sc_hd__o221a_1".
Reading "BV_sky130_fd_sc_hd__buf_6".
Reading "BV_sky130_fd_sc_hd__or3_2".
Reading "BV_sky130_fd_sc_hd__a21oi_2".
Reading "BV_sky130_fd_sc_hd__and2_4".
Reading "BV_sky130_fd_sc_hd__o21ai_2".
Reading "BV_sky130_fd_sc_hd__buf_12".
Reading "BV_sky130_fd_sc_hd__a211o_1".
Reading "BV_sky130_fd_sc_hd__inv_2".
Reading "BV_sky130_fd_sc_hd__o21ba_1".
Reading "BV_sky130_fd_sc_hd__nand4b_1".
Reading "BV_sky130_fd_sc_hd__a41o_1".
Reading "BV_sky130_fd_sc_hd__and2b_1".
Reading "BV_sky130_fd_sc_hd__a32o_1".
Reading "BV_sky130_fd_sc_hd__o31a_1".
Reading "BV_sky130_fd_sc_hd__a21boi_1".
Reading "BV_sky130_fd_sc_hd__and3b_1".
Reading "BV_sky130_fd_sc_hd__dfxtp_1".
Reading "BV_sky130_fd_sc_hd__o211a_1".
Reading "BV_sky130_fd_sc_hd__nor2_4".
Reading "BV_sky130_fd_sc_hd__a31oi_2".
Reading "BV_sky130_fd_sc_hd__or3b_4".
Reading "BV_sky130_fd_sc_hd__nor2_8".
Reading "BV_sky130_fd_sc_hd__or3_4".
Reading "BV_sky130_fd_sc_hd__or2_4".
Reading "BV_sky130_fd_sc_hd__or4bb_4".
Reading "BV_sky130_fd_sc_hd__a21boi_2".
Reading "BV_sky130_fd_sc_hd__or4b_4".
Reading "BV_sky130_fd_sc_hd__or4_4".
Reading "BV_sky130_fd_sc_hd__a31o_1".
Reading "BV_sky130_fd_sc_hd__or2_2".
Reading "BV_sky130_fd_sc_hd__nor4b_2".
Reading "BV_sky130_fd_sc_hd__nor4b_1".
Reading "BV_sky130_fd_sc_hd__xor2_2".
Reading "BV_sky130_fd_sc_hd__and2b_4".
Reading "BV_sky130_fd_sc_hd__and4bb_2".
Reading "BV_sky130_fd_sc_hd__and4b_1".
Reading "BV_sky130_fd_sc_hd__and2_2".
Reading "BV_sky130_fd_sc_hd__and4bb_1".
Reading "BV_sky130_fd_sc_hd__o2bb2a_2".
Reading "BV_sky130_fd_sc_hd__dfstp_1".
Reading "BV_sky130_fd_sc_hd__and4b_4".
Reading "BV_sky130_fd_sc_hd__and4b_2".
Reading "BV_sky130_fd_sc_hd__and3_2".
Reading "BV_sky130_fd_sc_hd__dfrtp_4".
Reading "BV_sky130_fd_sc_hd__and4_1".
Reading "BV_sky130_fd_sc_hd__and4bb_4".
Reading "BV_sky130_fd_sc_hd__o21bai_1".
Reading "BV_sky130_fd_sc_hd__nand2b_2".
Reading "BV_sky130_fd_sc_hd__xor2_4".
Reading "BV_sky130_fd_sc_hd__o32a_1".
Reading "BV_sky130_fd_sc_hd__o31ai_1".
Reading "BV_sky130_fd_sc_hd__o2bb2a_4".
Reading "BV_sky130_fd_sc_hd__or4b_1".
Reading "ucb_top".
    5000 uses
    10000 uses
    15000 uses
    20000 uses
    25000 uses
    30000 uses
    35000 uses
    40000 uses
Reading "sky130_fd_sc_hd__conb_1".
Reading "user_project_wrapper".
CIF file read warning: CIF style sky130(): units rescaled by factor of 5 / 1

TIME: read GDS: 00:00:11 


TIME: create subcut: 00:00:00 

Abstracting BV_sky130_ef_sc_hd__decap_40_12
instance count:0 port count:5
Abstracting BV_sky130_fd_sc_hd__buf_1
instance count:0 port count:9
Abstracting BV_sky130_fd_sc_hd__buf_12
instance count:0 port count:12
Full size -38 -48 1510 592
Setting deletion window size to 800. Estimate 0 steps.
Step 1/0: deleting 0 objects at -38 -48 762 752
Step 2/0: deleting 0 objects at 762 -48 1562 752
Deleting 0 final objects
Deleting scnmos
Deleting scpmoshvt
Deleting ndiff
Deleting pdiff
Deleting ndiffc
Deleting pdiffc
Deleting poly
Deleting polycont
Deleting viali
Generating LEF output BV_sky130_fd_sc_hd__buf_12.lef for cell BV_sky130_fd_sc_hd__buf_12:
Diagnostic:  Write LEF header for cell BV_sky130_fd_sc_hd__buf_12
Diagnostic:  Writing LEF output for cell BV_sky130_fd_sc_hd__buf_12
Diagnostic:  Scale value is 0.005000
Abstracting BV_sky130_fd_sc_hd__buf_2
instance count:0 port count:9
Abstracting BV_sky130_fd_sc_hd__buf_4
instance count:0 port count:9
Abstracting BV_sky130_fd_sc_hd__buf_6
instance count:0 port count:10
Abstracting BV_sky130_fd_sc_hd__buf_8
instance count:0 port count:11
Full size -38 -48 1142 592
Setting deletion window size to 800. Estimate 0 steps.
Step 1/0: deleting 0 objects at -38 -48 762 752
Step 2/0: deleting 0 objects at 762 -48 1562 752
Deleting 0 final objects
Deleting scnmos
Deleting scpmoshvt
Deleting ndiff
Deleting pdiff
Deleting ndiffc
Deleting pdiffc
Deleting poly
Deleting polycont
Deleting viali
Generating LEF output BV_sky130_fd_sc_hd__buf_8.lef for cell BV_sky130_fd_sc_hd__buf_8:
Diagnostic:  Write LEF header for cell BV_sky130_fd_sc_hd__buf_8
Diagnostic:  Writing LEF output for cell BV_sky130_fd_sc_hd__buf_8
Diagnostic:  Scale value is 0.005000
Abstracting BV_sky130_fd_sc_hd__clkbuf_1
instance count:0 port count:9
Abstracting BV_sky130_fd_sc_hd__clkbuf_16
instance count:0 port count:15
Full size -38 -48 1878 592
Setting deletion window size to 800. Estimate 0 steps.
Step 1/0: deleting 0 objects at -38 -48 762 752
Step 2/0: deleting 0 objects at 762 -48 1562 752
Step 3/0: deleting 0 objects at 1562 -48 2362 752
Deleting 0 final objects
Deleting scnmos
Deleting scpmoshvt
Deleting ndiff
Deleting pdiff
Deleting ndiffc
Deleting pdiffc
Deleting poly
Deleting polycont
Deleting viali
Generating LEF output BV_sky130_fd_sc_hd__clkbuf_16.lef for cell BV_sky130_fd_sc_hd__clkbuf_16:
Diagnostic:  Write LEF header for cell BV_sky130_fd_sc_hd__clkbuf_16
Diagnostic:  Writing LEF output for cell BV_sky130_fd_sc_hd__clkbuf_16
Diagnostic:  Scale value is 0.005000
Abstracting BV_sky130_fd_sc_hd__clkbuf_2
instance count:0 port count:13
Full size -38 -48 406 592
Setting deletion window size to 800. Estimate 0 steps.
Step 1/0: deleting 0 objects at -38 -48 762 752
Deleting 0 final objects
Deleting scnmos
Deleting scpmoshvt
Deleting ndiff
Deleting pdiff
Deleting ndiffc
Deleting pdiffc
Deleting poly
Deleting polycont
Deleting viali
Generating LEF output BV_sky130_fd_sc_hd__clkbuf_2.lef for cell BV_sky130_fd_sc_hd__clkbuf_2:
Diagnostic:  Write LEF header for cell BV_sky130_fd_sc_hd__clkbuf_2
Diagnostic:  Writing LEF output for cell BV_sky130_fd_sc_hd__clkbuf_2
Diagnostic:  Scale value is 0.005000
Abstracting BV_sky130_fd_sc_hd__clkbuf_4
instance count:0 port count:10
Abstracting BV_sky130_fd_sc_hd__clkbuf_8
instance count:0 port count:13
Full size -38 -48 1050 592
Setting deletion window size to 800. Estimate 0 steps.
Step 1/0: deleting 0 objects at -38 -48 762 752
Step 2/0: deleting 0 objects at 762 -48 1562 752
Deleting 0 final objects
Deleting scnmos
Deleting scpmoshvt
Deleting ndiff
Deleting pdiff
Deleting ndiffc
Deleting pdiffc
Deleting poly
Deleting polycont
Deleting viali
Generating LEF output BV_sky130_fd_sc_hd__clkbuf_8.lef for cell BV_sky130_fd_sc_hd__clkbuf_8:
Diagnostic:  Write LEF header for cell BV_sky130_fd_sc_hd__clkbuf_8
Diagnostic:  Writing LEF output for cell BV_sky130_fd_sc_hd__clkbuf_8
Diagnostic:  Scale value is 0.005000
Abstracting BV_sky130_fd_sc_hd__decap_3
instance count:0 port count:5
Abstracting BV_sky130_fd_sc_hd__fill_1
instance count:0 port count:5
Abstracting BV_sky130_fd_sc_hd__fill_2
instance count:0 port count:5
Abstracting BV_sky130_fd_sc_hd__fill_4
instance count:0 port count:5
Abstracting BV_sky130_fd_sc_hd__fill_8
instance count:0 port count:5
Abstracting BV_sky130_fd_sc_hd__tapvpwrvgnd_1
instance count:0 port count:3

TIME: create abstract: 00:00:00 

Using technology "sky130A", version 1.0.493

Magic 8.3 revision 471 - Compiled on Wed Apr 22 16:23:58 UTC 2026.
Starting magic under Tcl interpreter
Using the terminal as the console.
Using NULL graphics device.
Processing system .magicrc file
Sourcing design magicrc.well for technology sky130A ...
2 Magic internal units = 1 Lambda
Loading tech file /tmp/tmpvbyuj49e/repo/precheck_results/12_MAY_2026___09_35_03/tmp/sky130A.tech
Input style sky130(): scaleFactor=2, multiplier=2
The following types are not handled by extraction and will be treated as non-electrical types:
    ubm 
Scaled tech values by 2 / 1 to match internal grid scaling
Loading "/tmp/tmpvbyuj49e/repo/precheck_results/12_MAY_2026___09_35_03/tmp/ext/extract.tcl" from command line.
Extracting with top ports unique (digital)
CIF input style is now "sky130()"
Using abstracted BV_sky130_fd_sc_hd__buf_12
Reading LEF data from file /tmp/tmpvbyuj49e/repo/precheck_results/12_MAY_2026___09_35_03/tmp/ext/BV_sky130_fd_sc_hd__buf_12.lef.
This action cannot be undone.
LEF read: Processed 179 lines.
Using abstracted BV_sky130_fd_sc_hd__buf_8
Reading LEF data from file /tmp/tmpvbyuj49e/repo/precheck_results/12_MAY_2026___09_35_03/tmp/ext/BV_sky130_fd_sc_hd__buf_8.lef.
This action cannot be undone.
LEF read: Processed 152 lines.
Using abstracted BV_sky130_fd_sc_hd__clkbuf_16
Reading LEF data from file /tmp/tmpvbyuj49e/repo/precheck_results/12_MAY_2026___09_35_03/tmp/ext/BV_sky130_fd_sc_hd__clkbuf_16.lef.
This action cannot be undone.
LEF read: Processed 179 lines.
Using abstracted BV_sky130_fd_sc_hd__clkbuf_2
Reading LEF data from file /tmp/tmpvbyuj49e/repo/precheck_results/12_MAY_2026___09_35_03/tmp/ext/BV_sky130_fd_sc_hd__clkbuf_2.lef.
This action cannot be undone.
LEF read: Processed 107 lines.
Using abstracted BV_sky130_fd_sc_hd__clkbuf_8
Reading LEF data from file /tmp/tmpvbyuj49e/repo/precheck_results/12_MAY_2026___09_35_03/tmp/ext/BV_sky130_fd_sc_hd__clkbuf_8.lef.
This action cannot be undone.
LEF read: Processed 143 lines.
Flattening 

Extracting /tmp/tmpvbyuj49e/repo/gds/user_project_wrapper.gds
Warning: Calma reading is not undoable!  I hope that's OK.
Library written using GDS-II Release 3.0
Library name: user_project_wrapper
Reading "BV_sky130_ef_sc_hd__decap_40_12".
Reading "BV_sky130_fd_sc_hd__decap_3".
Reading "BV_sky130_fd_sc_hd__fill_1".
Reading "BV_sky130_fd_sc_hd__tapvpwrvgnd_1".
Reading "BV_sky130_fd_sc_hd__fill_4".
Reading "BV_sky130_fd_sc_hd__fill_2".
Reading "BV_sky130_fd_sc_hd__fill_8".
Reading "BV_sky130_fd_sc_hd__dlygate4sd3_1".
Reading "BV_sky130_fd_sc_hd__dfrtp_1".
Reading "BV_sky130_fd_sc_hd__diode_2".
Reading "BV_sky130_fd_sc_hd__clkbuf_1".
Reading "BV_sky130_fd_sc_hd__and2_1".
Reading "BV_sky130_fd_sc_hd__buf_1".
Reading "BV_sky130_fd_sc_hd__xnor2_1".
Reading "BV_sky130_fd_sc_hd__or2_1".
Reading "BV_sky130_fd_sc_hd__nand2_1".
Reading "BV_sky130_fd_sc_hd__mux2_1".
Reading "BV_sky130_fd_sc_hd__dlymetal6s2s_1".
Reading "BV_sky130_fd_sc_hd__clkbuf_4".
Reading "BV_sky130_fd_sc_hd__buf_2".
Reading "BV_sky130_fd_sc_hd__nor2_1".
Reading "BV_sky130_fd_sc_hd__nor3_1".
Reading "BV_sky130_fd_sc_hd__a21bo_1".
Reading "BV_sky130_fd_sc_hd__o21a_1".
Reading "BV_sky130_fd_sc_hd__a21o_1".
Reading "BV_sky130_fd_sc_hd__o21ai_1".
Reading "BV_sky130_fd_sc_hd__or3_1".
Reading "BV_sky130_fd_sc_hd__nand2b_1".
Reading "BV_sky130_fd_sc_hd__xnor2_2".
Reading "BV_sky130_fd_sc_hd__clkbuf_2".
Warning:  cell BV_sky130_fd_sc_hd__clkbuf_2 already existed before reading GDS!
Using pre-existing cell definition
Reading "BV_sky130_fd_sc_hd__nand3_1".
Reading "BV_sky130_fd_sc_hd__clkbuf_8".
Warning:  cell BV_sky130_fd_sc_hd__clkbuf_8 already existed before reading GDS!
Using pre-existing cell definition
Reading "BV_sky130_fd_sc_hd__nor2_2".
Reading "BV_sky130_fd_sc_hd__inv_8".
Reading "BV_sky130_fd_sc_hd__dfrtp_2".
Reading "BV_sky130_fd_sc_hd__inv_6".
Reading "BV_sky130_fd_sc_hd__clkinv_2".
Reading "BV_sky130_fd_sc_hd__bufinv_16".
Reading "BV_sky130_fd_sc_hd__clkinvlp_4".
Reading "BV_sky130_fd_sc_hd__clkinv_4".
Reading "BV_sky130_fd_sc_hd__buf_8".
Warning:  cell BV_sky130_fd_sc_hd__buf_8 already existed before reading GDS!
Using pre-existing cell definition
Reading "BV_sky130_fd_sc_hd__a22o_1".
Reading "BV_sky130_fd_sc_hd__a221o_1".
Reading "BV_sky130_fd_sc_hd__or4_1".
Reading "BV_sky130_fd_sc_hd__o22ai_4".
Reading "BV_sky130_fd_sc_hd__o21ai_4".
Reading "BV_sky130_fd_sc_hd__or4_2".
Reading "BV_sky130_fd_sc_hd__a2bb2o_1".
Reading "BV_sky130_fd_sc_hd__a2111o_1".
Reading "BV_sky130_fd_sc_hd__o22a_4".
Reading "BV_sky130_fd_sc_hd__o22a_2".
Reading "BV_sky130_fd_sc_hd__clkinv_8".
Reading "BV_sky130_fd_sc_hd__o22a_1".
Reading "BV_sky130_fd_sc_hd__nor4_1".
Reading "BV_sky130_fd_sc_hd__clkbuf_16".
Warning:  cell BV_sky130_fd_sc_hd__clkbuf_16 already existed before reading GDS!
Using pre-existing cell definition
Reading "BV_sky130_fd_sc_hd__a2bb2o_2".
Reading "BV_sky130_fd_sc_hd__nand2_4".
Reading "BV_sky130_fd_sc_hd__xor2_1".
Reading "BV_sky130_fd_sc_hd__o2bb2a_1".
Reading "BV_sky130_fd_sc_hd__buf_4".
Reading "BV_sky130_fd_sc_hd__or3b_1".
Reading "BV_sky130_fd_sc_hd__and3_1".
Reading "BV_sky130_fd_sc_hd__a21oi_1".
Reading "BV_sky130_fd_sc_hd__a221oi_1".
Reading "BV_sky130_fd_sc_hd__nand2_2".
Reading "BV_sky130_fd_sc_hd__o221a_1".
Reading "BV_sky130_fd_sc_hd__buf_6".
Reading "BV_sky130_fd_sc_hd__or3_2".
Reading "BV_sky130_fd_sc_hd__a21oi_2".
Reading "BV_sky130_fd_sc_hd__and2_4".
Reading "BV_sky130_fd_sc_hd__o21ai_2".
Reading "BV_sky130_fd_sc_hd__buf_12".
Warning:  cell BV_sky130_fd_sc_hd__buf_12 already existed before reading GDS!
Using pre-existing cell definition
Reading "BV_sky130_fd_sc_hd__a211o_1".
Reading "BV_sky130_fd_sc_hd__inv_2".
Reading "BV_sky130_fd_sc_hd__o21ba_1".
Reading "BV_sky130_fd_sc_hd__nand4b_1".
Reading "BV_sky130_fd_sc_hd__a41o_1".
Reading "BV_sky130_fd_sc_hd__and2b_1".
Reading "BV_sky130_fd_sc_hd__a32o_1".
Reading "BV_sky130_fd_sc_hd__o31a_1".
Reading "BV_sky130_fd_sc_hd__a21boi_1".
Reading "BV_sky130_fd_sc_hd__and3b_1".
Reading "BV_sky130_fd_sc_hd__dfxtp_1".
Reading "BV_sky130_fd_sc_hd__o211a_1".
Reading "BV_sky130_fd_sc_hd__nor2_4".
Reading "BV_sky130_fd_sc_hd__a31oi_2".
Reading "BV_sky130_fd_sc_hd__or3b_4".
Reading "BV_sky130_fd_sc_hd__nor2_8".
Reading "BV_sky130_fd_sc_hd__or3_4".
Reading "BV_sky130_fd_sc_hd__or2_4".
Reading "BV_sky130_fd_sc_hd__or4bb_4".
Reading "BV_sky130_fd_sc_hd__a21boi_2".
Reading "BV_sky130_fd_sc_hd__or4b_4".
Reading "BV_sky130_fd_sc_hd__or4_4".
Reading "BV_sky130_fd_sc_hd__a31o_1".
Reading "BV_sky130_fd_sc_hd__or2_2".
Reading "BV_sky130_fd_sc_hd__nor4b_2".
Reading "BV_sky130_fd_sc_hd__nor4b_1".
Reading "BV_sky130_fd_sc_hd__xor2_2".
Reading "BV_sky130_fd_sc_hd__and2b_4".
Reading "BV_sky130_fd_sc_hd__and4bb_2".
Reading "BV_sky130_fd_sc_hd__and4b_1".
Reading "BV_sky130_fd_sc_hd__and2_2".
Reading "BV_sky130_fd_sc_hd__and4bb_1".
Reading "BV_sky130_fd_sc_hd__o2bb2a_2".
Reading "BV_sky130_fd_sc_hd__dfstp_1".
Reading "BV_sky130_fd_sc_hd__and4b_4".
Reading "BV_sky130_fd_sc_hd__and4b_2".
Reading "BV_sky130_fd_sc_hd__and3_2".
Reading "BV_sky130_fd_sc_hd__dfrtp_4".
Reading "BV_sky130_fd_sc_hd__and4_1".
Reading "BV_sky130_fd_sc_hd__and4bb_4".
Reading "BV_sky130_fd_sc_hd__o21bai_1".
Reading "BV_sky130_fd_sc_hd__nand2b_2".
Reading "BV_sky130_fd_sc_hd__xor2_4".
Reading "BV_sky130_fd_sc_hd__o32a_1".
Reading "BV_sky130_fd_sc_hd__o31ai_1".
Reading "BV_sky130_fd_sc_hd__o2bb2a_4".
Reading "BV_sky130_fd_sc_hd__or4b_1".
Reading "ucb_top".
    5000 uses
    10000 uses
    15000 uses
    20000 uses
    25000 uses
    30000 uses
    35000 uses
    40000 uses
Reading "sky130_fd_sc_hd__conb_1".
Reading "user_project_wrapper".
CIF file read warning: CIF style sky130(): units rescaled by factor of 5 / 1

TIME: read GDS: 00:00:11 


TIME: add subcut: 00:00:00 

Abstracting BV_sky130_ef_sc_hd__decap_40_12
Abstracting BV_sky130_fd_sc_hd__buf_1
Abstracting BV_sky130_fd_sc_hd__buf_12
Abstracting BV_sky130_fd_sc_hd__buf_2
Abstracting BV_sky130_fd_sc_hd__buf_4
Abstracting BV_sky130_fd_sc_hd__buf_6
Abstracting BV_sky130_fd_sc_hd__buf_8
Abstracting BV_sky130_fd_sc_hd__clkbuf_1
Abstracting BV_sky130_fd_sc_hd__clkbuf_16
Abstracting BV_sky130_fd_sc_hd__clkbuf_2
Abstracting BV_sky130_fd_sc_hd__clkbuf_4
Abstracting BV_sky130_fd_sc_hd__clkbuf_8
Abstracting BV_sky130_fd_sc_hd__decap_3
Abstracting BV_sky130_fd_sc_hd__fill_1
Abstracting BV_sky130_fd_sc_hd__fill_2
Abstracting BV_sky130_fd_sc_hd__fill_4
Abstracting BV_sky130_fd_sc_hd__fill_8
Abstracting BV_sky130_fd_sc_hd__tapvpwrvgnd_1

TIME: set abstract: 00:00:00 

Processing sky130_fd_sc_hd__conb_1
Processing BV_sky130_fd_sc_hd__diode_2
Processing BV_sky130_fd_sc_hd__dlygate4sd3_1
Processing BV_sky130_fd_sc_hd__mux2_1
Processing BV_sky130_fd_sc_hd__dfrtp_1
Processing BV_sky130_fd_sc_hd__xor2_1
Processing BV_sky130_fd_sc_hd__clkinvlp_4
Processing BV_sky130_fd_sc_hd__bufinv_16
Processing BV_sky130_fd_sc_hd__inv_8
Processing BV_sky130_fd_sc_hd__clkinv_4
Processing BV_sky130_fd_sc_hd__inv_6
Processing BV_sky130_fd_sc_hd__dlymetal6s2s_1
Processing BV_sky130_fd_sc_hd__clkinv_8
Processing BV_sky130_fd_sc_hd__clkinv_2
Processing BV_sky130_fd_sc_hd__and3_1
Processing BV_sky130_fd_sc_hd__a22o_1
Processing BV_sky130_fd_sc_hd__a221o_1
Processing BV_sky130_fd_sc_hd__a2111o_1
Processing BV_sky130_fd_sc_hd__or4_1
Processing BV_sky130_fd_sc_hd__nor2_1
Processing BV_sky130_fd_sc_hd__or2_1
Processing BV_sky130_fd_sc_hd__o21a_1
Processing BV_sky130_fd_sc_hd__or4b_1
Processing BV_sky130_fd_sc_hd__a211o_1
Processing BV_sky130_fd_sc_hd__or4_2
Processing BV_sky130_fd_sc_hd__nor4_1
Processing BV_sky130_fd_sc_hd__a21oi_1
Processing BV_sky130_fd_sc_hd__and2_1
Processing BV_sky130_fd_sc_hd__nand2_1
Processing BV_sky130_fd_sc_hd__xnor2_1
Processing BV_sky130_fd_sc_hd__nor3_1
Processing BV_sky130_fd_sc_hd__o22a_1
Processing BV_sky130_fd_sc_hd__or3b_1
Processing BV_sky130_fd_sc_hd__o22ai_4
Processing BV_sky130_fd_sc_hd__o2bb2a_4
Processing BV_sky130_fd_sc_hd__o22a_4
Processing BV_sky130_fd_sc_hd__or3_1
Processing BV_sky130_fd_sc_hd__o31ai_1
Processing BV_sky130_fd_sc_hd__dfrtp_2
Processing BV_sky130_fd_sc_hd__o22a_2
Processing BV_sky130_fd_sc_hd__o32a_1
Processing BV_sky130_fd_sc_hd__a31o_1
Processing BV_sky130_fd_sc_hd__and2b_1
Processing BV_sky130_fd_sc_hd__and2_4
Processing BV_sky130_fd_sc_hd__and4_1
Processing BV_sky130_fd_sc_hd__nand2_4
Processing BV_sky130_fd_sc_hd__and3_2
Processing BV_sky130_fd_sc_hd__xor2_2
Processing BV_sky130_fd_sc_hd__xor2_4
Processing BV_sky130_fd_sc_hd__a2bb2o_1
Processing BV_sky130_fd_sc_hd__o21ai_1
Processing BV_sky130_fd_sc_hd__and2_2
Processing BV_sky130_fd_sc_hd__inv_2
Processing BV_sky130_fd_sc_hd__o21ba_1
Processing BV_sky130_fd_sc_hd__xnor2_2
Processing BV_sky130_fd_sc_hd__nand2b_2
Processing BV_sky130_fd_sc_hd__dfxtp_1
Processing BV_sky130_fd_sc_hd__a21o_1
Processing BV_sky130_fd_sc_hd__nand2b_1
Processing BV_sky130_fd_sc_hd__a21oi_2
Processing BV_sky130_fd_sc_hd__o21bai_1
Processing BV_sky130_fd_sc_hd__or4_4
Processing BV_sky130_fd_sc_hd__o31a_1
Processing BV_sky130_fd_sc_hd__o2bb2a_1
Processing BV_sky130_fd_sc_hd__and3b_1
Processing BV_sky130_fd_sc_hd__and4bb_1
Processing BV_sky130_fd_sc_hd__nor4b_1
Processing BV_sky130_fd_sc_hd__and4bb_4
Processing BV_sky130_fd_sc_hd__dfrtp_4
Processing BV_sky130_fd_sc_hd__a2bb2o_2
Processing BV_sky130_fd_sc_hd__and4b_2
Processing BV_sky130_fd_sc_hd__and4b_4
Processing BV_sky130_fd_sc_hd__and4b_1
Processing BV_sky130_fd_sc_hd__dfstp_1
Processing BV_sky130_fd_sc_hd__o2bb2a_2
Processing BV_sky130_fd_sc_hd__nor2_2
Processing BV_sky130_fd_sc_hd__and4bb_2
Processing BV_sky130_fd_sc_hd__and2b_4
Processing BV_sky130_fd_sc_hd__o21ai_2
Processing BV_sky130_fd_sc_hd__nor4b_2
Processing BV_sky130_fd_sc_hd__nor2_4
Processing BV_sky130_fd_sc_hd__nor2_8
Processing BV_sky130_fd_sc_hd__or4b_4
Processing BV_sky130_fd_sc_hd__or2_2
Processing BV_sky130_fd_sc_hd__or2_4
Processing BV_sky130_fd_sc_hd__or4bb_4
Processing BV_sky130_fd_sc_hd__a21bo_1
Processing BV_sky130_fd_sc_hd__or3b_4
Processing BV_sky130_fd_sc_hd__or3_4
Processing BV_sky130_fd_sc_hd__a21boi_2
Processing BV_sky130_fd_sc_hd__a31oi_2
Processing BV_sky130_fd_sc_hd__o211a_1
Processing BV_sky130_fd_sc_hd__a21boi_1
Processing BV_sky130_fd_sc_hd__a32o_1
Processing BV_sky130_fd_sc_hd__a41o_1
Processing BV_sky130_fd_sc_hd__nand4b_1
Processing BV_sky130_fd_sc_hd__nand3_1
Processing BV_sky130_fd_sc_hd__o221a_1
Processing BV_sky130_fd_sc_hd__or3_2
Processing BV_sky130_fd_sc_hd__o21ai_4
Processing BV_sky130_fd_sc_hd__nand2_2
Processing BV_sky130_fd_sc_hd__a221oi_1
Processing ucb_top
Processing user_project_wrapper
The following types are not handled by extraction and will be treated as non-electrical types:
    ubm 
Extraction style is now "ngspice()"
Extracting sky130_fd_sc_hd__conb_1 into sky130_fd_sc_hd__conb_1.ext:
Extracting BV_sky130_fd_sc_hd__decap_3 into BV_sky130_fd_sc_hd__decap_3.ext:
Device scnmos does not have a compatible substrate node!
BV_sky130_fd_sc_hd__decap_3: 1 warning
Extracting BV_sky130_fd_sc_hd__fill_2 into BV_sky130_fd_sc_hd__fill_2.ext:
Extracting BV_sky130_fd_sc_hd__tapvpwrvgnd_1 into BV_sky130_fd_sc_hd__tapvpwrvgnd_1.ext:
Extracting BV_sky130_ef_sc_hd__decap_40_12 into BV_sky130_ef_sc_hd__decap_40_12.ext:
Device scnmos does not have a compatible substrate node!
BV_sky130_ef_sc_hd__decap_40_12: 1 warning
Extracting BV_sky130_fd_sc_hd__fill_1 into BV_sky130_fd_sc_hd__fill_1.ext:
Extracting BV_sky130_fd_sc_hd__buf_2 into BV_sky130_fd_sc_hd__buf_2.ext:
Device scnmos does not have a compatible substrate node!
Device scnmos does not have a compatible substrate node!
Device scnmos does not have a compatible substrate node!
Extracting BV_sky130_fd_sc_hd__fill_4 into BV_sky130_fd_sc_hd__fill_4.ext:
Extracting BV_sky130_fd_sc_hd__diode_2 into BV_sky130_fd_sc_hd__diode_2.ext:
BV_sky130_fd_sc_hd__diode_2: 1 warning
Extracting BV_sky130_fd_sc_hd__fill_8 into BV_sky130_fd_sc_hd__fill_8.ext:
Extracting BV_sky130_fd_sc_hd__dlygate4sd3_1 into BV_sky130_fd_sc_hd__dlygate4sd3_1.ext:
Extracting BV_sky130_fd_sc_hd__mux2_1 into BV_sky130_fd_sc_hd__mux2_1.ext:
Extracting BV_sky130_fd_sc_hd__dfrtp_1 into BV_sky130_fd_sc_hd__dfrtp_1.ext:
Extracting BV_sky130_fd_sc_hd__xor2_1 into BV_sky130_fd_sc_hd__xor2_1.ext:
Extracting BV_sky130_fd_sc_hd__clkbuf_8 into BV_sky130_fd_sc_hd__clkbuf_8.ext:
Extracting BV_sky130_fd_sc_hd__clkinvlp_4 into BV_sky130_fd_sc_hd__clkinvlp_4.ext:
Extracting BV_sky130_fd_sc_hd__buf_1 into BV_sky130_fd_sc_hd__buf_1.ext:
Device scnmos does not have a compatible substrate node!
Device scnmos does not have a compatible substrate node!
Extracting BV_sky130_fd_sc_hd__clkbuf_2 into BV_sky130_fd_sc_hd__clkbuf_2.ext:
Extracting BV_sky130_fd_sc_hd__clkbuf_4 into BV_sky130_fd_sc_hd__clkbuf_4.ext:
Device scnmos does not have a compatible substrate node!
Device scnmos does not have a compatible substrate node!
Device scnmos does not have a compatible substrate node!
Device scnmos does not have a compatible substrate node!
Device scnmos does not have a compatible substrate node!
Extracting BV_sky130_fd_sc_hd__bufinv_16 into BV_sky130_fd_sc_hd__bufinv_16.ext:
Extracting BV_sky130_fd_sc_hd__inv_8 into BV_sky130_fd_sc_hd__inv_8.ext:
Extracting BV_sky130_fd_sc_hd__clkinv_4 into BV_sky130_fd_sc_hd__clkinv_4.ext:
Extracting BV_sky130_fd_sc_hd__inv_6 into BV_sky130_fd_sc_hd__inv_6.ext:
Extracting BV_sky130_fd_sc_hd__dlymetal6s2s_1 into BV_sky130_fd_sc_hd__dlymetal6s2s_1.ext:
Extracting BV_sky130_fd_sc_hd__clkinv_8 into BV_sky130_fd_sc_hd__clkinv_8.ext:
Extracting BV_sky130_fd_sc_hd__clkinv_2 into BV_sky130_fd_sc_hd__clkinv_2.ext:
Extracting BV_sky130_fd_sc_hd__and3_1 into BV_sky130_fd_sc_hd__and3_1.ext:
Extracting BV_sky130_fd_sc_hd__a22o_1 into BV_sky130_fd_sc_hd__a22o_1.ext:
Extracting BV_sky130_fd_sc_hd__a221o_1 into BV_sky130_fd_sc_hd__a221o_1.ext:
Extracting BV_sky130_fd_sc_hd__a2111o_1 into BV_sky130_fd_sc_hd__a2111o_1.ext:
Extracting BV_sky130_fd_sc_hd__buf_8 into BV_sky130_fd_sc_hd__buf_8.ext:
Extracting BV_sky130_fd_sc_hd__or4_1 into BV_sky130_fd_sc_hd__or4_1.ext:
Extracting BV_sky130_fd_sc_hd__buf_4 into BV_sky130_fd_sc_hd__buf_4.ext:
Device scnmos does not have a compatible substrate node!
Device scnmos does not have a compatible substrate node!
Device scnmos does not have a compatible substrate node!
Device scnmos does not have a compatible substrate node!
Device scnmos does not have a compatible substrate node!
Extracting BV_sky130_fd_sc_hd__nor2_1 into BV_sky130_fd_sc_hd__nor2_1.ext:
Extracting BV_sky130_fd_sc_hd__or2_1 into BV_sky130_fd_sc_hd__or2_1.ext:
Extracting BV_sky130_fd_sc_hd__o21a_1 into BV_sky130_fd_sc_hd__o21a_1.ext:
Extracting BV_sky130_fd_sc_hd__or4b_1 into BV_sky130_fd_sc_hd__or4b_1.ext:
Extracting BV_sky130_fd_sc_hd__a211o_1 into BV_sky130_fd_sc_hd__a211o_1.ext:
Extracting BV_sky130_fd_sc_hd__or4_2 into BV_sky130_fd_sc_hd__or4_2.ext:
Extracting BV_sky130_fd_sc_hd__nor4_1 into BV_sky130_fd_sc_hd__nor4_1.ext:
Extracting BV_sky130_fd_sc_hd__a21oi_1 into BV_sky130_fd_sc_hd__a21oi_1.ext:
Extracting BV_sky130_fd_sc_hd__and2_1 into BV_sky130_fd_sc_hd__and2_1.ext:
Extracting BV_sky130_fd_sc_hd__nand2_1 into BV_sky130_fd_sc_hd__nand2_1.ext:
Extracting BV_sky130_fd_sc_hd__xnor2_1 into BV_sky130_fd_sc_hd__xnor2_1.ext:
Extracting BV_sky130_fd_sc_hd__nor3_1 into BV_sky130_fd_sc_hd__nor3_1.ext:
Extracting BV_sky130_fd_sc_hd__clkbuf_1 into BV_sky130_fd_sc_hd__clkbuf_1.ext:
Device scnmos does not have a compatible substrate node!
Device scnmos does not have a compatible substrate node!
Extracting BV_sky130_fd_sc_hd__clkbuf_16 into BV_sky130_fd_sc_hd__clkbuf_16.ext:
Extracting BV_sky130_fd_sc_hd__buf_6 into BV_sky130_fd_sc_hd__buf_6.ext:
Device scnmos does not have a compatible substrate node!
Device scnmos does not have a compatible substrate node!
Device scnmos does not have a compatible substrate node!
Device scnmos does not have a compatible substrate node!
Device scnmos does not have a compatible substrate node!
Device scnmos does not have a compatible substrate node!
Device scnmos does not have a compatible substrate node!
Device scnmos does not have a compatible substrate node!
Extracting BV_sky130_fd_sc_hd__o22a_1 into BV_sky130_fd_sc_hd__o22a_1.ext:
Extracting BV_sky130_fd_sc_hd__or3b_1 into BV_sky130_fd_sc_hd__or3b_1.ext:
Extracting BV_sky130_fd_sc_hd__o22ai_4 into BV_sky130_fd_sc_hd__o22ai_4.ext:
Extracting BV_sky130_fd_sc_hd__o2bb2a_4 into BV_sky130_fd_sc_hd__o2bb2a_4.ext:
Extracting BV_sky130_fd_sc_hd__o22a_4 into BV_sky130_fd_sc_hd__o22a_4.ext:
Extracting BV_sky130_fd_sc_hd__or3_1 into BV_sky130_fd_sc_hd__or3_1.ext:
Extracting BV_sky130_fd_sc_hd__o31ai_1 into BV_sky130_fd_sc_hd__o31ai_1.ext:
Extracting BV_sky130_fd_sc_hd__dfrtp_2 into BV_sky130_fd_sc_hd__dfrtp_2.ext:
Extracting BV_sky130_fd_sc_hd__o22a_2 into BV_sky130_fd_sc_hd__o22a_2.ext:
Extracting BV_sky130_fd_sc_hd__o32a_1 into BV_sky130_fd_sc_hd__o32a_1.ext:
Extracting BV_sky130_fd_sc_hd__a31o_1 into BV_sky130_fd_sc_hd__a31o_1.ext:
Extracting BV_sky130_fd_sc_hd__and2b_1 into BV_sky130_fd_sc_hd__and2b_1.ext:
Extracting BV_sky130_fd_sc_hd__and2_4 into BV_sky130_fd_sc_hd__and2_4.ext:
Extracting BV_sky130_fd_sc_hd__and4_1 into BV_sky130_fd_sc_hd__and4_1.ext:
Extracting BV_sky130_fd_sc_hd__nand2_4 into BV_sky130_fd_sc_hd__nand2_4.ext:
Extracting BV_sky130_fd_sc_hd__and3_2 into BV_sky130_fd_sc_hd__and3_2.ext:
Extracting BV_sky130_fd_sc_hd__xor2_2 into BV_sky130_fd_sc_hd__xor2_2.ext:
Extracting BV_sky130_fd_sc_hd__xor2_4 into BV_sky130_fd_sc_hd__xor2_4.ext:
Extracting BV_sky130_fd_sc_hd__a2bb2o_1 into BV_sky130_fd_sc_hd__a2bb2o_1.ext:
Extracting BV_sky130_fd_sc_hd__o21ai_1 into BV_sky130_fd_sc_hd__o21ai_1.ext:
Extracting BV_sky130_fd_sc_hd__and2_2 into BV_sky130_fd_sc_hd__and2_2.ext:
Extracting BV_sky130_fd_sc_hd__inv_2 into BV_sky130_fd_sc_hd__inv_2.ext:
Extracting BV_sky130_fd_sc_hd__o21ba_1 into BV_sky130_fd_sc_hd__o21ba_1.ext:
Extracting BV_sky130_fd_sc_hd__xnor2_2 into BV_sky130_fd_sc_hd__xnor2_2.ext:
Extracting BV_sky130_fd_sc_hd__nand2b_2 into BV_sky130_fd_sc_hd__nand2b_2.ext:
Extracting BV_sky130_fd_sc_hd__dfxtp_1 into BV_sky130_fd_sc_hd__dfxtp_1.ext:
Extracting BV_sky130_fd_sc_hd__a21o_1 into BV_sky130_fd_sc_hd__a21o_1.ext:
Extracting BV_sky130_fd_sc_hd__nand2b_1 into BV_sky130_fd_sc_hd__nand2b_1.ext:
Extracting BV_sky130_fd_sc_hd__a21oi_2 into BV_sky130_fd_sc_hd__a21oi_2.ext:
Extracting BV_sky130_fd_sc_hd__o21bai_1 into BV_sky130_fd_sc_hd__o21bai_1.ext:
Extracting BV_sky130_fd_sc_hd__or4_4 into BV_sky130_fd_sc_hd__or4_4.ext:
Extracting BV_sky130_fd_sc_hd__o31a_1 into BV_sky130_fd_sc_hd__o31a_1.ext:
Extracting BV_sky130_fd_sc_hd__o2bb2a_1 into BV_sky130_fd_sc_hd__o2bb2a_1.ext:
Extracting BV_sky130_fd_sc_hd__and3b_1 into BV_sky130_fd_sc_hd__and3b_1.ext:
Extracting BV_sky130_fd_sc_hd__and4bb_1 into BV_sky130_fd_sc_hd__and4bb_1.ext:
Extracting BV_sky130_fd_sc_hd__nor4b_1 into BV_sky130_fd_sc_hd__nor4b_1.ext:
Extracting BV_sky130_fd_sc_hd__and4bb_4 into BV_sky130_fd_sc_hd__and4bb_4.ext:
Extracting BV_sky130_fd_sc_hd__dfrtp_4 into BV_sky130_fd_sc_hd__dfrtp_4.ext:
Extracting BV_sky130_fd_sc_hd__a2bb2o_2 into BV_sky130_fd_sc_hd__a2bb2o_2.ext:
Extracting BV_sky130_fd_sc_hd__and4b_2 into BV_sky130_fd_sc_hd__and4b_2.ext:
Extracting BV_sky130_fd_sc_hd__and4b_4 into BV_sky130_fd_sc_hd__and4b_4.ext:
Extracting BV_sky130_fd_sc_hd__and4b_1 into BV_sky130_fd_sc_hd__and4b_1.ext:
Extracting BV_sky130_fd_sc_hd__dfstp_1 into BV_sky130_fd_sc_hd__dfstp_1.ext:
Extracting BV_sky130_fd_sc_hd__o2bb2a_2 into BV_sky130_fd_sc_hd__o2bb2a_2.ext:
Extracting BV_sky130_fd_sc_hd__nor2_2 into BV_sky130_fd_sc_hd__nor2_2.ext:
Extracting BV_sky130_fd_sc_hd__and4bb_2 into BV_sky130_fd_sc_hd__and4bb_2.ext:
Extracting BV_sky130_fd_sc_hd__and2b_4 into BV_sky130_fd_sc_hd__and2b_4.ext:
Extracting BV_sky130_fd_sc_hd__o21ai_2 into BV_sky130_fd_sc_hd__o21ai_2.ext:
Extracting BV_sky130_fd_sc_hd__nor4b_2 into BV_sky130_fd_sc_hd__nor4b_2.ext:
Extracting BV_sky130_fd_sc_hd__nor2_4 into BV_sky130_fd_sc_hd__nor2_4.ext:
Extracting BV_sky130_fd_sc_hd__nor2_8 into BV_sky130_fd_sc_hd__nor2_8.ext:
Extracting BV_sky130_fd_sc_hd__or4b_4 into BV_sky130_fd_sc_hd__or4b_4.ext:
Extracting BV_sky130_fd_sc_hd__buf_12 into BV_sky130_fd_sc_hd__buf_12.ext:
Extracting BV_sky130_fd_sc_hd__or2_2 into BV_sky130_fd_sc_hd__or2_2.ext:
Extracting BV_sky130_fd_sc_hd__or2_4 into BV_sky130_fd_sc_hd__or2_4.ext:
Extracting BV_sky130_fd_sc_hd__or4bb_4 into BV_sky130_fd_sc_hd__or4bb_4.ext:
Extracting BV_sky130_fd_sc_hd__a21bo_1 into BV_sky130_fd_sc_hd__a21bo_1.ext:
Extracting BV_sky130_fd_sc_hd__or3b_4 into BV_sky130_fd_sc_hd__or3b_4.ext:
Extracting BV_sky130_fd_sc_hd__or3_4 into BV_sky130_fd_sc_hd__or3_4.ext:
Extracting BV_sky130_fd_sc_hd__a21boi_2 into BV_sky130_fd_sc_hd__a21boi_2.ext:
Extracting BV_sky130_fd_sc_hd__a31oi_2 into BV_sky130_fd_sc_hd__a31oi_2.ext:
Extracting BV_sky130_fd_sc_hd__o211a_1 into BV_sky130_fd_sc_hd__o211a_1.ext:
Extracting BV_sky130_fd_sc_hd__a21boi_1 into BV_sky130_fd_sc_hd__a21boi_1.ext:
Extracting BV_sky130_fd_sc_hd__a32o_1 into BV_sky130_fd_sc_hd__a32o_1.ext:
Extracting BV_sky130_fd_sc_hd__a41o_1 into BV_sky130_fd_sc_hd__a41o_1.ext:
Extracting BV_sky130_fd_sc_hd__nand4b_1 into BV_sky130_fd_sc_hd__nand4b_1.ext:
Extracting BV_sky130_fd_sc_hd__nand3_1 into BV_sky130_fd_sc_hd__nand3_1.ext:
Extracting BV_sky130_fd_sc_hd__o221a_1 into BV_sky130_fd_sc_hd__o221a_1.ext:
Extracting BV_sky130_fd_sc_hd__or3_2 into BV_sky130_fd_sc_hd__or3_2.ext:
Extracting BV_sky130_fd_sc_hd__o21ai_4 into BV_sky130_fd_sc_hd__o21ai_4.ext:
Extracting BV_sky130_fd_sc_hd__nand2_2 into BV_sky130_fd_sc_hd__nand2_2.ext:
Extracting BV_sky130_fd_sc_hd__a221oi_1 into BV_sky130_fd_sc_hd__a221oi_1.ext:
Extracting ucb_top into ucb_top.ext:
ucb_top: 100288 errors
Extracting user_project_wrapper into user_project_wrapper.ext:
Warning:  Ports "la_data_out[0]" and "io_out[6]" are electrically shorted.
Warning:  Ports "io_oeb[9]" and "io_oeb[8]" are electrically shorted.
Warning:  Ports "io_oeb[9]" and "io_oeb[7]" are electrically shorted.
Warning:  Ports "io_oeb[9]" and "io_oeb[37]" are electrically shorted.
Warning:  Ports "io_oeb[9]" and "io_oeb[36]" are electrically shorted.
Warning:  Ports "io_oeb[9]" and "io_oeb[35]" are electrically shorted.
Warning:  Ports "io_oeb[9]" and "io_oeb[34]" are electrically shorted.
Warning:  Ports "io_oeb[9]" and "io_oeb[33]" are electrically shorted.
Warning:  Ports "io_oeb[9]" and "io_oeb[32]" are electrically shorted.
Warning:  Ports "io_oeb[9]" and "io_oeb[31]" are electrically shorted.
Warning:  Ports "io_oeb[9]" and "io_oeb[30]" are electrically shorted.
Warning:  Ports "io_oeb[9]" and "io_oeb[29]" are electrically shorted.
Warning:  Ports "io_oeb[9]" and "io_oeb[28]" are electrically shorted.
Warning:  Ports "io_oeb[9]" and "io_oeb[27]" are electrically shorted.
Warning:  Ports "io_oeb[9]" and "io_oeb[26]" are electrically shorted.
Warning:  Ports "io_oeb[9]" and "io_oeb[25]" are electrically shorted.
Warning:  Ports "io_oeb[9]" and "io_oeb[24]" are electrically shorted.
Warning:  Ports "io_oeb[9]" and "io_oeb[23]" are electrically shorted.
Warning:  Ports "io_oeb[9]" and "io_oeb[22]" are electrically shorted.
Warning:  Ports "io_oeb[9]" and "io_oeb[21]" are electrically shorted.
Warning:  Ports "io_oeb[9]" and "io_oeb[20]" are electrically shorted.
Warning:  Ports "io_oeb[9]" and "io_oeb[19]" are electrically shorted.
Warning:  Ports "io_oeb[9]" and "io_oeb[18]" are electrically shorted.
Warning:  Ports "io_oeb[9]" and "io_oeb[17]" are electrically shorted.
Warning:  Ports "io_oeb[9]" and "io_oeb[16]" are electrically shorted.
Warning:  Ports "io_oeb[9]" and "io_oeb[15]" are electrically shorted.
Warning:  Ports "io_oeb[9]" and "io_oeb[14]" are electrically shorted.
Warning:  Ports "io_oeb[9]" and "io_oeb[13]" are electrically shorted.
Warning:  Ports "io_oeb[9]" and "io_oeb[12]" are electrically shorted.
Warning:  Ports "io_oeb[9]" and "io_oeb[11]" are electrically shorted.
Warning:  Ports "io_oeb[9]" and "io_oeb[10]" are electrically shorted.
Warning:  Ports "wbs_dat_o[9]" and "wbs_dat_o[8]" are electrically shorted.
Warning:  Ports "wbs_dat_o[9]" and "wbs_dat_o[7]" are electrically shorted.
Warning:  Ports "wbs_dat_o[9]" and "wbs_dat_o[6]" are electrically shorted.
Warning:  Ports "wbs_dat_o[9]" and "wbs_dat_o[5]" are electrically shorted.
Warning:  Ports "wbs_dat_o[9]" and "wbs_dat_o[4]" are electrically shorted.
Warning:  Ports "wbs_dat_o[9]" and "wbs_dat_o[3]" are electrically shorted.
Warning:  Ports "wbs_dat_o[9]" and "wbs_dat_o[31]" are electrically shorted.
Warning:  Ports "wbs_dat_o[9]" and "wbs_dat_o[30]" are electrically shorted.
Warning:  Ports "wbs_dat_o[9]" and "wbs_dat_o[2]" are electrically shorted.
Warning:  Ports "wbs_dat_o[9]" and "wbs_dat_o[29]" are electrically shorted.
Warning:  Ports "wbs_dat_o[9]" and "wbs_dat_o[28]" are electrically shorted.
Warning:  Ports "wbs_dat_o[9]" and "wbs_dat_o[27]" are electrically shorted.
Warning:  Ports "wbs_dat_o[9]" and "wbs_dat_o[26]" are electrically shorted.
Warning:  Ports "wbs_dat_o[9]" and "wbs_dat_o[25]" are electrically shorted.
Warning:  Ports "wbs_dat_o[9]" and "wbs_dat_o[24]" are electrically shorted.
Warning:  Ports "wbs_dat_o[9]" and "wbs_dat_o[23]" are electrically shorted.
Warning:  Ports "wbs_dat_o[9]" and "wbs_dat_o[22]" are electrically shorted.
Warning:  Ports "wbs_dat_o[9]" and "wbs_dat_o[21]" are electrically shorted.
Warning:  Ports "wbs_dat_o[9]" and "wbs_dat_o[20]" are electrically shorted.
Warning:  Ports "wbs_dat_o[9]" and "wbs_dat_o[1]" are electrically shorted.
Warning:  Ports "wbs_dat_o[9]" and "wbs_dat_o[19]" are electrically shorted.
Warning:  Ports "wbs_dat_o[9]" and "wbs_dat_o[18]" are electrically shorted.
Warning:  Ports "wbs_dat_o[9]" and "wbs_dat_o[17]" are electrically shorted.
Warning:  Ports "wbs_dat_o[9]" and "wbs_dat_o[16]" are electrically shorted.
Warning:  Ports "wbs_dat_o[9]" and "wbs_dat_o[15]" are electrically shorted.
Warning:  Ports "wbs_dat_o[9]" and "wbs_dat_o[14]" are electrically shorted.
Warning:  Ports "wbs_dat_o[9]" and "wbs_dat_o[13]" are electrically shorted.
Warning:  Ports "wbs_dat_o[9]" and "wbs_dat_o[12]" are electrically shorted.
Warning:  Ports "wbs_dat_o[9]" and "wbs_dat_o[11]" are electrically shorted.
Warning:  Ports "wbs_dat_o[9]" and "wbs_dat_o[10]" are electrically shorted.
Warning:  Ports "wbs_dat_o[9]" and "wbs_dat_o[0]" are electrically shorted.
Warning:  Ports "wbs_dat_o[9]" and "wbs_ack_o" are electrically shorted.
Warning:  Ports "wbs_dat_o[9]" and "user_irq[2]" are electrically shorted.
Warning:  Ports "wbs_dat_o[9]" and "user_irq[1]" are electrically shorted.
Warning:  Ports "wbs_dat_o[9]" and "user_irq[0]" are electrically shorted.
Warning:  Ports "wbs_dat_o[9]" and "la_data_out[9]" are electrically shorted.
Warning:  Ports "wbs_dat_o[9]" and "la_data_out[99]" are electrically shorted.
Warning:  Ports "wbs_dat_o[9]" and "la_data_out[98]" are electrically shorted.
Warning:  Ports "wbs_dat_o[9]" and "la_data_out[97]" are electrically shorted.
Warning:  Ports "wbs_dat_o[9]" and "la_data_out[96]" are electrically shorted.
Warning:  Ports "wbs_dat_o[9]" and "la_data_out[95]" are electrically shorted.
Warning:  Ports "wbs_dat_o[9]" and "la_data_out[94]" are electrically shorted.
Warning:  Ports "wbs_dat_o[9]" and "la_data_out[93]" are electrically shorted.
Warning:  Ports "wbs_dat_o[9]" and "la_data_out[92]" are electrically shorted.
Warning:  Ports "wbs_dat_o[9]" and "la_data_out[91]" are electrically shorted.
Warning:  Ports "wbs_dat_o[9]" and "la_data_out[90]" are electrically shorted.
Warning:  Ports "wbs_dat_o[9]" and "la_data_out[8]" are electrically shorted.
Warning:  Ports "wbs_dat_o[9]" and "la_data_out[89]" are electrically shorted.
Warning:  Ports "wbs_dat_o[9]" and "la_data_out[88]" are electrically shorted.
Warning:  Ports "wbs_dat_o[9]" and "la_data_out[87]" are electrically shorted.
Warning:  Ports "wbs_dat_o[9]" and "la_data_out[86]" are electrically shorted.
Warning:  Ports "wbs_dat_o[9]" and "la_data_out[85]" are electrically shorted.
Warning:  Ports "wbs_dat_o[9]" and "la_data_out[84]" are electrically shorted.
Warning:  Ports "wbs_dat_o[9]" and "la_data_out[83]" are electrically shorted.
Warning:  Ports "wbs_dat_o[9]" and "la_data_out[82]" are electrically shorted.
Warning:  Ports "wbs_dat_o[9]" and "la_data_out[81]" are electrically shorted.
Warning:  Ports "wbs_dat_o[9]" and "la_data_out[80]" are electrically shorted.
Warning:  Ports "wbs_dat_o[9]" and "la_data_out[7]" are electrically shorted.
Warning:  Ports "wbs_dat_o[9]" and "la_data_out[79]" are electrically shorted.
Warning:  Ports "wbs_dat_o[9]" and "la_data_out[78]" are electrically shorted.
Warning:  Ports "wbs_dat_o[9]" and "la_data_out[77]" are electrically shorted.
Warning:  Ports "wbs_dat_o[9]" and "la_data_out[76]" are electrically shorted.
Warning:  Ports "wbs_dat_o[9]" and "la_data_out[75]" are electrically shorted.
Warning:  Ports "wbs_dat_o[9]" and "la_data_out[74]" are electrically shorted.
Warning:  Ports "wbs_dat_o[9]" and "la_data_out[73]" are electrically shorted.
Warning:  Ports "wbs_dat_o[9]" and "la_data_out[72]" are electrically shorted.
Warning:  Ports "wbs_dat_o[9]" and "la_data_out[71]" are electrically shorted.
Warning:  Ports "wbs_dat_o[9]" and "la_data_out[70]" are electrically shorted.
Warning:  Ports "wbs_dat_o[9]" and "la_data_out[6]" are electrically shorted.
Warning:  Ports "wbs_dat_o[9]" and "la_data_out[69]" are electrically shorted.
Warning:  Ports "wbs_dat_o[9]" and "la_data_out[68]" are electrically shorted.
Warning:  Ports "wbs_dat_o[9]" and "la_data_out[67]" are electrically shorted.
Warning:  Ports "wbs_dat_o[9]" and "la_data_out[66]" are electrically shorted.
Warning:  Ports "wbs_dat_o[9]" and "la_data_out[65]" are electrically shorted.
Warning:  Ports "wbs_dat_o[9]" and "la_data_out[64]" are electrically shorted.
Warning:  Ports "wbs_dat_o[9]" and "la_data_out[63]" are electrically shorted.
Warning:  Ports "wbs_dat_o[9]" and "la_data_out[62]" are electrically shorted.
Warning:  Ports "wbs_dat_o[9]" and "la_data_out[61]" are electrically shorted.
Warning:  Ports "wbs_dat_o[9]" and "la_data_out[60]" are electrically shorted.
Warning:  Ports "wbs_dat_o[9]" and "la_data_out[5]" are electrically shorted.
Warning:  Ports "wbs_dat_o[9]" and "la_data_out[59]" are electrically shorted.
Warning:  Ports "wbs_dat_o[9]" and "la_data_out[58]" are electrically shorted.
Warning:  Ports "wbs_dat_o[9]" and "la_data_out[57]" are electrically shorted.
Warning:  Ports "wbs_dat_o[9]" and "la_data_out[56]" are electrically shorted.
Warning:  Ports "wbs_dat_o[9]" and "la_data_out[55]" are electrically shorted.
Warning:  Ports "wbs_dat_o[9]" and "la_data_out[54]" are electrically shorted.
Warning:  Ports "wbs_dat_o[9]" and "la_data_out[53]" are electrically shorted.
Warning:  Ports "wbs_dat_o[9]" and "la_data_out[52]" are electrically shorted.
Warning:  Ports "wbs_dat_o[9]" and "la_data_out[51]" are electrically shorted.
Warning:  Ports "wbs_dat_o[9]" and "la_data_out[50]" are electrically shorted.
Warning:  Ports "wbs_dat_o[9]" and "la_data_out[4]" are electrically shorted.
Warning:  Ports "wbs_dat_o[9]" and "la_data_out[49]" are electrically shorted.
Warning:  Ports "wbs_dat_o[9]" and "la_data_out[48]" are electrically shorted.
Warning:  Ports "wbs_dat_o[9]" and "la_data_out[47]" are electrically shorted.
Warning:  Ports "wbs_dat_o[9]" and "la_data_out[46]" are electrically shorted.
Warning:  Ports "wbs_dat_o[9]" and "la_data_out[45]" are electrically shorted.
Warning:  Ports "wbs_dat_o[9]" and "la_data_out[44]" are electrically shorted.
Warning:  Ports "wbs_dat_o[9]" and "la_data_out[43]" are electrically shorted.
Warning:  Ports "wbs_dat_o[9]" and "la_data_out[42]" are electrically shorted.
Warning:  Ports "wbs_dat_o[9]" and "la_data_out[41]" are electrically shorted.
Warning:  Ports "wbs_dat_o[9]" and "la_data_out[40]" are electrically shorted.
Warning:  Ports "wbs_dat_o[9]" and "la_data_out[3]" are electrically shorted.
Warning:  Ports "wbs_dat_o[9]" and "la_data_out[39]" are electrically shorted.
Warning:  Ports "wbs_dat_o[9]" and "la_data_out[38]" are electrically shorted.
Warning:  Ports "wbs_dat_o[9]" and "la_data_out[37]" are electrically shorted.
Warning:  Ports "wbs_dat_o[9]" and "la_data_out[36]" are electrically shorted.
Warning:  Ports "wbs_dat_o[9]" and "la_data_out[35]" are electrically shorted.
Warning:  Ports "wbs_dat_o[9]" and "la_data_out[34]" are electrically shorted.
Warning:  Ports "wbs_dat_o[9]" and "la_data_out[33]" are electrically shorted.
Warning:  Ports "wbs_dat_o[9]" and "la_data_out[32]" are electrically shorted.
Warning:  Ports "wbs_dat_o[9]" and "la_data_out[31]" are electrically shorted.
Warning:  Ports "wbs_dat_o[9]" and "la_data_out[30]" are electrically shorted.
Warning:  Ports "wbs_dat_o[9]" and "la_data_out[2]" are electrically shorted.
Warning:  Ports "wbs_dat_o[9]" and "la_data_out[29]" are electrically shorted.
Warning:  Ports "wbs_dat_o[9]" and "la_data_out[28]" are electrically shorted.
Warning:  Ports "wbs_dat_o[9]" and "la_data_out[27]" are electrically shorted.
Warning:  Ports "wbs_dat_o[9]" and "la_data_out[26]" are electrically shorted.
Warning:  Ports "wbs_dat_o[9]" and "la_data_out[25]" are electrically shorted.
Warning:  Ports "wbs_dat_o[9]" and "la_data_out[24]" are electrically shorted.
Warning:  Ports "wbs_dat_o[9]" and "la_data_out[23]" are electrically shorted.
Warning:  Ports "wbs_dat_o[9]" and "la_data_out[22]" are electrically shorted.
Warning:  Ports "wbs_dat_o[9]" and "la_data_out[21]" are electrically shorted.
Warning:  Ports "wbs_dat_o[9]" and "la_data_out[20]" are electrically shorted.
Warning:  Ports "wbs_dat_o[9]" and "la_data_out[1]" are electrically shorted.
Warning:  Ports "wbs_dat_o[9]" and "la_data_out[19]" are electrically shorted.
Warning:  Ports "wbs_dat_o[9]" and "la_data_out[18]" are electrically shorted.
Warning:  Ports "wbs_dat_o[9]" and "la_data_out[17]" are electrically shorted.
Warning:  Ports "wbs_dat_o[9]" and "la_data_out[16]" are electrically shorted.
Warning:  Ports "wbs_dat_o[9]" and "la_data_out[15]" are electrically shorted.
Warning:  Ports "wbs_dat_o[9]" and "la_data_out[14]" are electrically shorted.
Warning:  Ports "wbs_dat_o[9]" and "la_data_out[13]" are electrically shorted.
Warning:  Ports "wbs_dat_o[9]" and "la_data_out[12]" are electrically shorted.
Warning:  Ports "wbs_dat_o[9]" and "la_data_out[127]" are electrically shorted.
Warning:  Ports "wbs_dat_o[9]" and "la_data_out[126]" are electrically shorted.
Warning:  Ports "wbs_dat_o[9]" and "la_data_out[125]" are electrically shorted.
Warning:  Ports "wbs_dat_o[9]" and "la_data_out[124]" are electrically shorted.
Warning:  Ports "wbs_dat_o[9]" and "la_data_out[123]" are electrically shorted.
Warning:  Ports "wbs_dat_o[9]" and "la_data_out[122]" are electrically shorted.
Warning:  Ports "wbs_dat_o[9]" and "la_data_out[121]" are electrically shorted.
Warning:  Ports "wbs_dat_o[9]" and "la_data_out[120]" are electrically shorted.
Warning:  Ports "wbs_dat_o[9]" and "la_data_out[11]" are electrically shorted.
Warning:  Ports "wbs_dat_o[9]" and "la_data_out[119]" are electrically shorted.
Warning:  Ports "wbs_dat_o[9]" and "la_data_out[118]" are electrically shorted.
Warning:  Ports "wbs_dat_o[9]" and "la_data_out[117]" are electrically shorted.
Warning:  Ports "wbs_dat_o[9]" and "la_data_out[116]" are electrically shorted.
Warning:  Ports "wbs_dat_o[9]" and "la_data_out[115]" are electrically shorted.
Warning:  Ports "wbs_dat_o[9]" and "la_data_out[114]" are electrically shorted.
Warning:  Ports "wbs_dat_o[9]" and "la_data_out[113]" are electrically shorted.
Warning:  Ports "wbs_dat_o[9]" and "la_data_out[112]" are electrically shorted.
Warning:  Ports "wbs_dat_o[9]" and "la_data_out[111]" are electrically shorted.
Warning:  Ports "wbs_dat_o[9]" and "la_data_out[110]" are electrically shorted.
Warning:  Ports "wbs_dat_o[9]" and "la_data_out[10]" are electrically shorted.
Warning:  Ports "wbs_dat_o[9]" and "la_data_out[109]" are electrically shorted.
Warning:  Ports "wbs_dat_o[9]" and "la_data_out[108]" are electrically shorted.
Warning:  Ports "wbs_dat_o[9]" and "la_data_out[107]" are electrically shorted.
Warning:  Ports "wbs_dat_o[9]" and "la_data_out[106]" are electrically shorted.
Warning:  Ports "wbs_dat_o[9]" and "la_data_out[105]" are electrically shorted.
Warning:  Ports "wbs_dat_o[9]" and "la_data_out[104]" are electrically shorted.
Warning:  Ports "wbs_dat_o[9]" and "la_data_out[103]" are electrically shorted.
Warning:  Ports "wbs_dat_o[9]" and "la_data_out[102]" are electrically shorted.
Warning:  Ports "wbs_dat_o[9]" and "la_data_out[101]" are electrically shorted.
Warning:  Ports "wbs_dat_o[9]" and "la_data_out[100]" are electrically shorted.
Warning:  Ports "wbs_dat_o[9]" and "io_out[9]" are electrically shorted.
Warning:  Ports "wbs_dat_o[9]" and "io_out[8]" are electrically shorted.
Warning:  Ports "wbs_dat_o[9]" and "io_out[7]" are electrically shorted.
Warning:  Ports "wbs_dat_o[9]" and "io_out[37]" are electrically shorted.
Warning:  Ports "wbs_dat_o[9]" and "io_out[36]" are electrically shorted.
Warning:  Ports "wbs_dat_o[9]" and "io_out[35]" are electrically shorted.
Warning:  Ports "wbs_dat_o[9]" and "io_out[34]" are electrically shorted.
Warning:  Ports "wbs_dat_o[9]" and "io_out[33]" are electrically shorted.
Warning:  Ports "wbs_dat_o[9]" and "io_out[32]" are electrically shorted.
Warning:  Ports "wbs_dat_o[9]" and "io_out[31]" are electrically shorted.
Warning:  Ports "wbs_dat_o[9]" and "io_out[30]" are electrically shorted.
Warning:  Ports "wbs_dat_o[9]" and "io_out[29]" are electrically shorted.
Warning:  Ports "wbs_dat_o[9]" and "io_out[28]" are electrically shorted.
Warning:  Ports "wbs_dat_o[9]" and "io_out[27]" are electrically shorted.
Warning:  Ports "wbs_dat_o[9]" and "io_out[26]" are electrically shorted.
Warning:  Ports "wbs_dat_o[9]" and "io_out[25]" are electrically shorted.
Warning:  Ports "wbs_dat_o[9]" and "io_out[24]" are electrically shorted.
Warning:  Ports "wbs_dat_o[9]" and "io_out[23]" are electrically shorted.
Warning:  Ports "wbs_dat_o[9]" and "io_out[22]" are electrically shorted.
Warning:  Ports "wbs_dat_o[9]" and "io_out[21]" are electrically shorted.
Warning:  Ports "wbs_dat_o[9]" and "io_out[20]" are electrically shorted.
Warning:  Ports "wbs_dat_o[9]" and "io_out[19]" are electrically shorted.
Warning:  Ports "wbs_dat_o[9]" and "io_out[18]" are electrically shorted.
Warning:  Ports "wbs_dat_o[9]" and "io_out[17]" are electrically shorted.
Warning:  Ports "wbs_dat_o[9]" and "io_out[16]" are electrically shorted.
Warning:  Ports "wbs_dat_o[9]" and "io_out[15]" are electrically shorted.
Warning:  Ports "wbs_dat_o[9]" and "io_out[14]" are electrically shorted.
Warning:  Ports "wbs_dat_o[9]" and "io_out[13]" are electrically shorted.
Warning:  Ports "wbs_dat_o[9]" and "io_out[12]" are electrically shorted.
Warning:  Ports "wbs_dat_o[9]" and "io_out[11]" are electrically shorted.
Warning:  Ports "wbs_dat_o[9]" and "io_out[10]" are electrically shorted.
Warning:  Ports "wbs_dat_o[9]" and "io_oeb[6]" are electrically shorted.
Warning:  Ports "wbs_dat_o[9]" and "io_oeb[5]" are electrically shorted.
Warning:  Ports "wbs_dat_o[9]" and "io_oeb[4]" are electrically shorted.
Warning:  Ports "wbs_dat_o[9]" and "io_oeb[3]" are electrically shorted.
Warning:  Ports "wbs_dat_o[9]" and "io_oeb[2]" are electrically shorted.
Warning:  Ports "wbs_dat_o[9]" and "io_oeb[1]" are electrically shorted.
Warning:  Ports "wbs_dat_o[9]" and "io_oeb[0]" are electrically shorted.
Total of 100288 errors (check feedback entries).
Total of 3 warnings.

TIME: extract: 00:01:25 

Devs merged: 0
Devs merged: 0
Devs merged: 0
Devs merged: 0
Devs merged: 0
Devs merged: 0
Devs merged: 0
Devs merged: 0
Devs merged: 0
Devs merged: 0
Devs merged: 0
Devs merged: 0
Devs merged: 0
Devs merged: 0
Devs merged: 0
Devs merged: 0
Devs merged: 12
Devs merged: 12
Devs merged: 12
Devs merged: 12
Devs merged: 40
Devs merged: 40
Devs merged: 40
Devs merged: 84
Devs merged: 87
Devs merged: 87
Devs merged: 89
Devs merged: 95
Devs merged: 95
Devs merged: 95
Devs merged: 101
Devs merged: 101
Devs merged: 101
Devs merged: 101
Devs merged: 107
Devs merged: 110
Devs merged: 118
Devs merged: 142
Devs merged: 152
Devs merged: 164
Devs merged: 164
Devs merged: 164
Devs merged: 164
Devs merged: 194
Devs merged: 196
Devs merged: 196
Devs merged: 210
Devs merged: 212
Devs merged: 216
Devs merged: 222
Devs merged: 224
Devs merged: 242
Devs merged: 242
Devs merged: 248
Devs merged: 254
Devs merged: 254
Devs merged: 260
Devs merged: 274
Devs merged: 276
Devs merged: 276
Devs merged: 278
Devs merged: 278
Devs merged: 278
Devs merged: 278
Devs merged: 294
Devs merged: 298
Devs merged: 298
Devs merged: 298
Devs merged: 298
Devs merged: 308
Devs merged: 308
Devs merged: 308
Devs merged: 308
Devs merged: 310
Devs merged: 310
Devs merged: 310
Devs merged: 314
Devs merged: 320
Devs merged: 324
Devs merged: 324
Devs merged: 334
Devs merged: 334
Devs merged: 340
Devs merged: 340
Devs merged: 346
Devs merged: 352
Devs merged: 354
Devs merged: 356
Devs merged: 362
Devs merged: 362
Devs merged: 380
Devs merged: 380
Devs merged: 382
Devs merged: 384
Devs merged: 384
Devs merged: 388
Devs merged: 396
Devs merged: 396
Devs merged: 404
Devs merged: 406
Devs merged: 406
Devs merged: 406
Devs merged: 406
Devs merged: 406
exttospice finished.

TIME: netlist: 00:00:05 

Using technology "sky130A", version 1.0.493
Creating layout hierarchy in /tmp/tmpvbyuj49e/repo/precheck_results/12_MAY_2026___09_35_03/tmp/ext/user_project_wrapper.hier...
 
Netgen 1.5.272 compiled on Wed Apr 22 16:24:02 UTC 2026
Warning: netgen command 'format' use fully-qualified name '::netgen::format'
Warning: netgen command 'global' use fully-qualified name '::netgen::global'
Reading layout /tmp/tmpvbyuj49e/repo/precheck_results/12_MAY_2026___09_35_03/tmp/ext/user_project_wrapper.gds.spice...
Call to undefined subcircuit sky130_fd_pr__res_generic_po
Creating placeholder cell definition.
Call to undefined subcircuit sky130_fd_pr__pfet_01v8_hvt
Creating placeholder cell definition.
Call to undefined subcircuit sky130_fd_pr__nfet_01v8
Creating placeholder cell definition.
Call to undefined subcircuit sky130_fd_pr__diode_pw2nd_05v5
Creating placeholder cell definition.
Call to undefined subcircuit sky130_fd_pr__special_nfet_01v8
Creating placeholder cell definition.
Reading source /opt/pdks/sky130A/libs.ref/sky130_fd_sc_hd/spice/sky130_ef_sc_hd__decap_12.spice...
Call to undefined subcircuit sky130_fd_pr__pfet_01v8_hvt
Creating placeholder cell definition.
Call to undefined subcircuit sky130_fd_pr__nfet_01v8
Creating placeholder cell definition.
Reading source /opt/pdks/sky130A/libs.ref/sky130_fd_sc_hd/spice/sky130_ef_sc_hd__decap_20_12.spice...
Reading source /opt/pdks/sky130A/libs.ref/sky130_fd_sc_hd/spice/sky130_ef_sc_hd__decap_40_12.spice...
Reading source /opt/pdks/sky130A/libs.ref/sky130_fd_sc_hd/spice/sky130_ef_sc_hd__decap_60_12.spice...
Reading source /opt/pdks/sky130A/libs.ref/sky130_fd_sc_hd/spice/sky130_ef_sc_hd__decap_80_12.spice...
Reading source /opt/pdks/sky130A/libs.ref/sky130_fd_sc_hd/spice/sky130_fd_sc_hd.spice...
Call to undefined subcircuit sky130_fd_pr__res_generic_po
Creating placeholder cell definition.
Call to undefined subcircuit sky130_fd_pr__special_nfet_01v8
Creating placeholder cell definition.
Call to undefined subcircuit sky130_fd_pr__diode_pw2nd_05v5
Creating placeholder cell definition.
Call to undefined subcircuit sky130_fd_pr__special_pfet_01v8_hvt
Creating placeholder cell definition.
Call to undefined subcircuit sky130_fd_sc_hd__nand2_2
Creating placeholder cell definition.
Call to undefined subcircuit sky130_fd_sc_hd__nor2_2
Creating placeholder cell definition.
Reading source /tmp/tmpvbyuj49e/repo/verilog/gl/ucb_top.v...
Warning:  A case-insensitive file has been read and so the	verilog file must be treated case-insensitive to match.
Note:  Implicit pin Y in instance clkload0 of sky130_fd_sc_hd__clkinvlp_4 in cell ucb_top
Note:  Implicit pin X in instance clkload1 of sky130_fd_sc_hd__clkbuf_8 in cell ucb_top
Note:  Implicit pin Y in instance clkload2 of sky130_fd_sc_hd__clkinv_2 in cell ucb_top
Note:  Implicit pin X in instance clkload3 of sky130_fd_sc_hd__clkbuf_8 in cell ucb_top
Note:  Implicit pin Y in instance clkload4 of sky130_fd_sc_hd__clkinvlp_4 in cell ucb_top
Note:  Implicit pin Y in instance clkload5 of sky130_fd_sc_hd__inv_6 in cell ucb_top
Note:  Implicit pin X in instance clkload6 of sky130_fd_sc_hd__clkbuf_8 in cell ucb_top
Note:  Implicit pin X in instance clkload7 of sky130_fd_sc_hd__clkbuf_8 in cell ucb_top
Note:  Implicit pin Y in instance clkload8 of sky130_fd_sc_hd__clkinvlp_4 in cell ucb_top
Note:  Implicit pin X in instance clkload9 of sky130_fd_sc_hd__clkbuf_8 in cell ucb_top
Note:  Implicit pin Y in instance clkload10 of sky130_fd_sc_hd__clkinv_2 in cell ucb_top
Note:  Implicit pin X in instance clkload11 of sky130_fd_sc_hd__clkbuf_4 in cell ucb_top
Note:  Implicit pin Y in instance clkload12 of sky130_fd_sc_hd__clkinv_2 in cell ucb_top
Note:  Implicit pin X in instance clkload13 of sky130_fd_sc_hd__clkbuf_8 in cell ucb_top
Note:  Implicit pin Y in instance clkload14 of sky130_fd_sc_hd__clkinvlp_4 in cell ucb_top
Note:  Implicit pin X in instance clkload15 of sky130_fd_sc_hd__clkbuf_8 in cell ucb_top
Note:  Implicit pin Y in instance clkload16 of sky130_fd_sc_hd__inv_6 in cell ucb_top
Note:  Implicit pin Y in instance clkload17 of sky130_fd_sc_hd__inv_6 in cell ucb_top
Note:  Implicit pin Y in instance clkload18 of sky130_fd_sc_hd__inv_6 in cell ucb_top
Note:  Implicit pin Y in instance clkload19 of sky130_fd_sc_hd__clkinvlp_4 in cell ucb_top
Note:  Implicit pin X in instance clkload20 of sky130_fd_sc_hd__clkbuf_8 in cell ucb_top
Note:  Implicit pin Y in instance clkload21 of sky130_fd_sc_hd__clkinvlp_4 in cell ucb_top
Note:  Implicit pin Y in instance clkload22 of sky130_fd_sc_hd__clkinv_2 in cell ucb_top
Note:  Implicit pin Y in instance clkload23 of sky130_fd_sc_hd__bufinv_16 in cell ucb_top
Note:  Implicit pin Y in instance clkload24 of sky130_fd_sc_hd__clkinv_4 in cell ucb_top
Note:  Implicit pin Y in instance clkload25 of sky130_fd_sc_hd__clkinv_2 in cell ucb_top
Note:  Implicit pin Y in instance clkload26 of sky130_fd_sc_hd__inv_6 in cell ucb_top
Note:  Implicit pin Y in instance clkload27 of sky130_fd_sc_hd__clkinv_4 in cell ucb_top
Note:  Implicit pin Y in instance clkload28 of sky130_fd_sc_hd__clkinvlp_4 in cell ucb_top
Note:  Implicit pin Y in instance clkload29 of sky130_fd_sc_hd__clkinv_8 in cell ucb_top
Note:  Implicit pin Y in instance clkload30 of sky130_fd_sc_hd__inv_6 in cell ucb_top
Note:  Implicit pin Y in instance clkload31 of sky130_fd_sc_hd__clkinv_2 in cell ucb_top
Note:  Implicit pin Y in instance clkload32 of sky130_fd_sc_hd__inv_8 in cell ucb_top
Note:  Implicit pin Y in instance clkload33 of sky130_fd_sc_hd__clkinv_4 in cell ucb_top
Note:  Implicit pin Y in instance clkload34 of sky130_fd_sc_hd__inv_6 in cell ucb_top
Note:  Implicit pin Y in instance clkload35 of sky130_fd_sc_hd__inv_8 in cell ucb_top
Note:  Implicit pin Y in instance clkload36 of sky130_fd_sc_hd__inv_6 in cell ucb_top
Note:  Implicit pin X in instance clkload37 of sky130_fd_sc_hd__clkbuf_8 in cell ucb_top
Note:  Implicit pin X in instance clkload38 of sky130_fd_sc_hd__clkbuf_4 in cell ucb_top
Note:  Implicit pin Y in instance clkload39 of sky130_fd_sc_hd__inv_8 in cell ucb_top
Note:  Implicit pin Y in instance clkload40 of sky130_fd_sc_hd__inv_6 in cell ucb_top
Note:  Implicit pin Y in instance clkload41 of sky130_fd_sc_hd__bufinv_16 in cell ucb_top
Note:  Implicit pin Y in instance clkload42 of sky130_fd_sc_hd__clkinv_8 in cell ucb_top
Note:  Implicit pin Y in instance clkload43 of sky130_fd_sc_hd__clkinvlp_4 in cell ucb_top
Note:  Implicit pin Y in instance clkload44 of sky130_fd_sc_hd__bufinv_16 in cell ucb_top
Note:  Implicit pin Y in instance clkload45 of sky130_fd_sc_hd__clkinv_2 in cell ucb_top
Note:  Implicit pin Y in instance clkload46 of sky130_fd_sc_hd__clkinvlp_4 in cell ucb_top
Note:  Implicit pin Y in instance clkload47 of sky130_fd_sc_hd__clkinvlp_4 in cell ucb_top
Note:  Implicit pin Y in instance clkload48 of sky130_fd_sc_hd__bufinv_16 in cell ucb_top
Note:  Implicit pin Y in instance clkload49 of sky130_fd_sc_hd__clkinvlp_4 in cell ucb_top
Note:  Implicit pin X in instance clkload50 of sky130_fd_sc_hd__clkbuf_4 in cell ucb_top
Note:  Implicit pin Y in instance clkload51 of sky130_fd_sc_hd__clkinv_2 in cell ucb_top
Note:  Implicit pin X in instance clkload52 of sky130_fd_sc_hd__clkbuf_8 in cell ucb_top
Note:  Implicit pin Y in instance clkload53 of sky130_fd_sc_hd__bufinv_16 in cell ucb_top
Note:  Implicit pin Y in instance clkload54 of sky130_fd_sc_hd__clkinv_4 in cell ucb_top
Note:  Implicit pin X in instance clkload55 of sky130_fd_sc_hd__clkbuf_8 in cell ucb_top
Note:  Implicit pin Y in instance clkload56 of sky130_fd_sc_hd__inv_6 in cell ucb_top
Note:  Implicit pin X in instance clkload57 of sky130_fd_sc_hd__clkbuf_4 in cell ucb_top
Note:  Implicit pin Y in instance clkload58 of sky130_fd_sc_hd__clkinv_2 in cell ucb_top
Note:  Implicit pin Y in instance clkload59 of sky130_fd_sc_hd__inv_6 in cell ucb_top
Note:  Implicit pin Y in instance clkload60 of sky130_fd_sc_hd__clkinv_2 in cell ucb_top
Note:  Implicit pin Y in instance clkload61 of sky130_fd_sc_hd__bufinv_16 in cell ucb_top
Note:  Implicit pin Y in instance clkload62 of sky130_fd_sc_hd__inv_6 in cell ucb_top
Note:  Implicit pin Y in instance clkload63 of sky130_fd_sc_hd__clkinv_4 in cell ucb_top
Note:  Implicit pin Y in instance clkload64 of sky130_fd_sc_hd__bufinv_16 in cell ucb_top
Note:  Implicit pin X in instance clkload65 of sky130_fd_sc_hd__clkbuf_4 in cell ucb_top
Note:  Implicit pin Y in instance clkload66 of sky130_fd_sc_hd__clkinvlp_4 in cell ucb_top
Note:  Implicit pin Y in instance clkload67 of sky130_fd_sc_hd__clkinv_2 in cell ucb_top
Note:  Implicit pin Y in instance clkload68 of sky130_fd_sc_hd__clkinvlp_4 in cell ucb_top
Note:  Implicit pin Y in instance clkload69 of sky130_fd_sc_hd__inv_6 in cell ucb_top
Note:  Implicit pin X in instance clkload70 of sky130_fd_sc_hd__clkbuf_4 in cell ucb_top
Note:  Implicit pin Y in instance clkload71 of sky130_fd_sc_hd__clkinvlp_4 in cell ucb_top
Note:  Implicit pin Y in instance clkload72 of sky130_fd_sc_hd__inv_6 in cell ucb_top
Note:  Implicit pin X in instance clkload73 of sky130_fd_sc_hd__clkbuf_4 in cell ucb_top
Note:  Implicit pin Y in instance clkload74 of sky130_fd_sc_hd__clkinvlp_4 in cell ucb_top
Note:  Implicit pin Y in instance clkload75 of sky130_fd_sc_hd__clkinv_2 in cell ucb_top
Note:  Implicit pin Y in instance clkload76 of sky130_fd_sc_hd__bufinv_16 in cell ucb_top
Note:  Implicit pin Y in instance clkload77 of sky130_fd_sc_hd__bufinv_16 in cell ucb_top
Note:  Implicit pin X in instance clkload78 of sky130_fd_sc_hd__clkbuf_8 in cell ucb_top
Note:  Implicit pin Y in instance clkload79 of sky130_fd_sc_hd__clkinv_2 in cell ucb_top
Note:  Implicit pin Y in instance clkload80 of sky130_fd_sc_hd__clkinv_2 in cell ucb_top
Note:  Implicit pin X in instance clkload81 of sky130_fd_sc_hd__clkbuf_4 in cell ucb_top
Note:  Implicit pin Y in instance clkload82 of sky130_fd_sc_hd__bufinv_16 in cell ucb_top
Note:  Implicit pin Y in instance clkload83 of sky130_fd_sc_hd__clkinv_2 in cell ucb_top
Note:  Implicit pin Y in instance clkload84 of sky130_fd_sc_hd__inv_6 in cell ucb_top
Note:  Implicit pin Y in instance clkload85 of sky130_fd_sc_hd__inv_6 in cell ucb_top
Note:  Implicit pin Y in instance clkload86 of sky130_fd_sc_hd__inv_6 in cell ucb_top
Note:  Implicit pin Y in instance clkload87 of sky130_fd_sc_hd__inv_8 in cell ucb_top
Note:  Implicit pin Y in instance clkload88 of sky130_fd_sc_hd__clkinvlp_4 in cell ucb_top
Note:  Implicit pin Y in instance clkload89 of sky130_fd_sc_hd__inv_6 in cell ucb_top
Note:  Implicit pin Y in instance clkload90 of sky130_fd_sc_hd__bufinv_16 in cell ucb_top
Note:  Implicit pin Y in instance clkload91 of sky130_fd_sc_hd__clkinv_4 in cell ucb_top
Note:  Implicit pin Y in instance clkload92 of sky130_fd_sc_hd__bufinv_16 in cell ucb_top
Note:  Implicit pin Y in instance clkload93 of sky130_fd_sc_hd__inv_6 in cell ucb_top
Note:  Implicit pin Y in instance clkload94 of sky130_fd_sc_hd__inv_6 in cell ucb_top
Note:  Implicit pin Y in instance clkload95 of sky130_fd_sc_hd__inv_8 in cell ucb_top
Note:  Implicit pin Y in instance clkload96 of sky130_fd_sc_hd__inv_8 in cell ucb_top
Note:  Implicit pin Y in instance clkload97 of sky130_fd_sc_hd__inv_6 in cell ucb_top
Note:  Implicit pin Y in instance clkload98 of sky130_fd_sc_hd__inv_6 in cell ucb_top
Note:  Implicit pin Y in instance clkload99 of sky130_fd_sc_hd__bufinv_16 in cell ucb_top
Note:  Implicit pin Y in instance clkload100 of sky130_fd_sc_hd__clkinv_2 in cell ucb_top
Note:  Implicit pin Y in instance clkload101 of sky130_fd_sc_hd__clkinv_4 in cell ucb_top
Note:  Implicit pin X in instance clkload102 of sky130_fd_sc_hd__clkbuf_8 in cell ucb_top
Note:  Implicit pin Y in instance clkload103 of sky130_fd_sc_hd__bufinv_16 in cell ucb_top
Note:  Implicit pin X in instance clkload104 of sky130_fd_sc_hd__clkbuf_8 in cell ucb_top
Note:  Implicit pin Y in instance clkload105 of sky130_fd_sc_hd__clkinvlp_4 in cell ucb_top
Note:  Implicit pin Y in instance clkload106 of sky130_fd_sc_hd__inv_6 in cell ucb_top
Note:  Implicit pin X in instance clkload107 of sky130_fd_sc_hd__clkbuf_4 in cell ucb_top
Note:  Implicit pin X in instance clkload108 of sky130_fd_sc_hd__clkbuf_8 in cell ucb_top
Note:  Implicit pin Y in instance clkload109 of sky130_fd_sc_hd__clkinv_2 in cell ucb_top
Note:  Implicit pin X in instance clkload110 of sky130_fd_sc_hd__clkbuf_4 in cell ucb_top
Note:  Implicit pin Y in instance clkload111 of sky130_fd_sc_hd__inv_6 in cell ucb_top
Note:  Implicit pin Y in instance clkload112 of sky130_fd_sc_hd__clkinvlp_4 in cell ucb_top
Note:  Implicit pin Y in instance clkload113 of sky130_fd_sc_hd__clkinv_2 in cell ucb_top
Note:  Implicit pin X in instance clkload114 of sky130_fd_sc_hd__clkbuf_8 in cell ucb_top
Note:  Implicit pin Y in instance clkload115 of sky130_fd_sc_hd__bufinv_16 in cell ucb_top
Note:  Implicit pin X in instance clkload116 of sky130_fd_sc_hd__clkbuf_4 in cell ucb_top
Note:  Implicit pin Y in instance clkload117 of sky130_fd_sc_hd__bufinv_16 in cell ucb_top
Note:  Implicit pin Y in instance clkload118 of sky130_fd_sc_hd__bufinv_16 in cell ucb_top
Note:  Implicit pin Y in instance clkload119 of sky130_fd_sc_hd__inv_8 in cell ucb_top
Note:  Implicit pin Y in instance clkload120 of sky130_fd_sc_hd__clkinv_4 in cell ucb_top
Note:  Implicit pin Y in instance clkload121 of sky130_fd_sc_hd__inv_6 in cell ucb_top
Note:  Implicit pin Y in instance clkload122 of sky130_fd_sc_hd__clkinv_2 in cell ucb_top
Note:  Implicit pin Y in instance clkload123 of sky130_fd_sc_hd__inv_6 in cell ucb_top
Note:  Implicit pin Y in instance clkload124 of sky130_fd_sc_hd__clkinv_2 in cell ucb_top
Note:  Implicit pin Y in instance clkload125 of sky130_fd_sc_hd__inv_6 in cell ucb_top
Note:  Implicit pin Y in instance clkload126 of sky130_fd_sc_hd__inv_6 in cell ucb_top
Note:  Implicit pin Y in instance clkload127 of sky130_fd_sc_hd__clkinv_2 in cell ucb_top
Note:  Implicit pin X in instance clkload128 of sky130_fd_sc_hd__clkbuf_4 in cell ucb_top
Note:  Implicit pin Y in instance clkload129 of sky130_fd_sc_hd__clkinvlp_4 in cell ucb_top
Note:  Implicit pin Y in instance clkload130 of sky130_fd_sc_hd__clkinv_8 in cell ucb_top
Note:  Implicit pin Y in instance clkload131 of sky130_fd_sc_hd__inv_6 in cell ucb_top
Note:  Implicit pin Y in instance clkload132 of sky130_fd_sc_hd__clkinv_4 in cell ucb_top
Note:  Implicit pin Y in instance clkload133 of sky130_fd_sc_hd__clkinv_2 in cell ucb_top
Note:  Implicit pin Y in instance clkload134 of sky130_fd_sc_hd__clkinv_4 in cell ucb_top
Note:  Implicit pin Y in instance clkload135 of sky130_fd_sc_hd__clkinv_4 in cell ucb_top
Note:  Implicit pin X in instance clkload136 of sky130_fd_sc_hd__clkbuf_8 in cell ucb_top
Note:  Implicit pin X in instance clkload137 of sky130_fd_sc_hd__clkbuf_4 in cell ucb_top
Note:  Implicit pin X in instance clkload138 of sky130_fd_sc_hd__clkbuf_4 in cell ucb_top
Note:  Implicit pin Y in instance clkload139 of sky130_fd_sc_hd__clkinv_8 in cell ucb_top
Note:  Implicit pin Y in instance clkload140 of sky130_fd_sc_hd__clkinvlp_4 in cell ucb_top
Note:  Implicit pin Y in instance clkload141 of sky130_fd_sc_hd__inv_6 in cell ucb_top
Note:  Implicit pin Y in instance clkload142 of sky130_fd_sc_hd__clkinvlp_4 in cell ucb_top
Note:  Implicit pin Y in instance clkload143 of sky130_fd_sc_hd__clkinvlp_4 in cell ucb_top
Note:  Implicit pin Y in instance clkload144 of sky130_fd_sc_hd__clkinv_8 in cell ucb_top
Note:  Implicit pin Y in instance clkload145 of sky130_fd_sc_hd__clkinv_8 in cell ucb_top
Note:  Implicit pin Y in instance clkload146 of sky130_fd_sc_hd__clkinvlp_4 in cell ucb_top
Note:  Implicit pin Y in instance clkload147 of sky130_fd_sc_hd__clkinv_4 in cell ucb_top
Note:  Implicit pin Y in instance clkload148 of sky130_fd_sc_hd__clkinv_4 in cell ucb_top
Note:  Implicit pin Y in instance clkload149 of sky130_fd_sc_hd__inv_6 in cell ucb_top
Note:  Implicit pin Y in instance clkload150 of sky130_fd_sc_hd__inv_8 in cell ucb_top
Note:  Implicit pin Y in instance clkload151 of sky130_fd_sc_hd__inv_8 in cell ucb_top
Note:  Implicit pin X in instance clkload152 of sky130_fd_sc_hd__clkbuf_4 in cell ucb_top
Note:  Implicit pin Y in instance clkload153 of sky130_fd_sc_hd__clkinvlp_4 in cell ucb_top
Note:  Implicit pin X in instance clkload154 of sky130_fd_sc_hd__clkbuf_8 in cell ucb_top
Note:  Implicit pin Y in instance clkload155 of sky130_fd_sc_hd__bufinv_16 in cell ucb_top
Note:  Implicit pin Y in instance clkload156 of sky130_fd_sc_hd__inv_8 in cell ucb_top
Note:  Implicit pin Y in instance clkload157 of sky130_fd_sc_hd__inv_6 in cell ucb_top
Note:  Implicit pin Y in instance clkload158 of sky130_fd_sc_hd__inv_8 in cell ucb_top
Note:  Implicit pin Y in instance clkload159 of sky130_fd_sc_hd__inv_6 in cell ucb_top
Note:  Implicit pin Y in instance clkload160 of sky130_fd_sc_hd__clkinv_8 in cell ucb_top
Note:  Implicit pin Y in instance clkload161 of sky130_fd_sc_hd__clkinvlp_4 in cell ucb_top
Note:  Implicit pin Y in instance clkload162 of sky130_fd_sc_hd__inv_8 in cell ucb_top
Note:  Implicit pin Y in instance clkload163 of sky130_fd_sc_hd__clkinvlp_4 in cell ucb_top
Note:  Implicit pin Y in instance clkload164 of sky130_fd_sc_hd__inv_6 in cell ucb_top
Note:  Implicit pin Y in instance clkload165 of sky130_fd_sc_hd__bufinv_16 in cell ucb_top
Note:  Implicit pin Y in instance clkload166 of sky130_fd_sc_hd__inv_6 in cell ucb_top
Note:  Implicit pin Y in instance clkload167 of sky130_fd_sc_hd__clkinv_4 in cell ucb_top
Note:  Implicit pin X in instance clkload168 of sky130_fd_sc_hd__clkbuf_4 in cell ucb_top
Note:  Implicit pin Y in instance clkload169 of sky130_fd_sc_hd__clkinv_2 in cell ucb_top
Note:  Implicit pin Y in instance clkload170 of sky130_fd_sc_hd__bufinv_16 in cell ucb_top
Note:  Implicit pin Y in instance clkload171 of sky130_fd_sc_hd__inv_6 in cell ucb_top
Note:  Implicit pin Y in instance clkload172 of sky130_fd_sc_hd__clkinv_4 in cell ucb_top
Note:  Implicit pin Y in instance clkload173 of sky130_fd_sc_hd__inv_6 in cell ucb_top
Note:  Implicit pin Y in instance clkload174 of sky130_fd_sc_hd__bufinv_16 in cell ucb_top
Note:  Implicit pin Y in instance clkload175 of sky130_fd_sc_hd__inv_6 in cell ucb_top
Note:  Implicit pin X in instance clkload176 of sky130_fd_sc_hd__clkbuf_8 in cell ucb_top
Note:  Implicit pin Y in instance clkload177 of sky130_fd_sc_hd__clkinvlp_4 in cell ucb_top
Note:  Implicit pin X in instance clkload178 of sky130_fd_sc_hd__clkbuf_4 in cell ucb_top
Note:  Implicit pin Y in instance clkload179 of sky130_fd_sc_hd__inv_6 in cell ucb_top
Note:  Implicit pin Y in instance clkload180 of sky130_fd_sc_hd__bufinv_16 in cell ucb_top
Note:  Implicit pin Y in instance clkload181 of sky130_fd_sc_hd__clkinvlp_4 in cell ucb_top
Note:  Implicit pin Y in instance clkload182 of sky130_fd_sc_hd__inv_6 in cell ucb_top
Note:  Implicit pin Y in instance clkload183 of sky130_fd_sc_hd__clkinvlp_4 in cell ucb_top
Note:  Implicit pin Y in instance clkload184 of sky130_fd_sc_hd__bufinv_16 in cell ucb_top
Note:  Implicit pin X in instance clkload185 of sky130_fd_sc_hd__clkbuf_8 in cell ucb_top
Note:  Implicit pin X in instance clkload186 of sky130_fd_sc_hd__clkbuf_4 in cell ucb_top
Note:  Implicit pin Y in instance clkload187 of sky130_fd_sc_hd__clkinv_2 in cell ucb_top
Note:  Implicit pin Y in instance clkload188 of sky130_fd_sc_hd__clkinv_4 in cell ucb_top
Note:  Implicit pin X in instance clkload189 of sky130_fd_sc_hd__clkbuf_8 in cell ucb_top
Note:  Implicit pin Y in instance clkload190 of sky130_fd_sc_hd__clkinvlp_4 in cell ucb_top
Note:  Implicit pin Y in instance clkload191 of sky130_fd_sc_hd__inv_6 in cell ucb_top
Note:  Implicit pin Y in instance clkload192 of sky130_fd_sc_hd__clkinv_2 in cell ucb_top
Note:  Implicit pin X in instance clkload193 of sky130_fd_sc_hd__clkbuf_8 in cell ucb_top
Note:  Implicit pin X in instance clkload194 of sky130_fd_sc_hd__clkbuf_8 in cell ucb_top
Note:  Implicit pin Y in instance clkload195 of sky130_fd_sc_hd__clkinv_4 in cell ucb_top
Note:  Implicit pin X in instance clkload196 of sky130_fd_sc_hd__clkbuf_8 in cell ucb_top
Note:  Implicit pin X in instance clkload197 of sky130_fd_sc_hd__clkbuf_4 in cell ucb_top
Note:  Implicit pin Y in instance clkload198 of sky130_fd_sc_hd__clkinv_4 in cell ucb_top
Note:  Implicit pin Y in instance clkload199 of sky130_fd_sc_hd__clkinvlp_4 in cell ucb_top
Note:  Implicit pin Y in instance clkload200 of sky130_fd_sc_hd__clkinvlp_4 in cell ucb_top
Note:  Implicit pin Y in instance clkload201 of sky130_fd_sc_hd__inv_8 in cell ucb_top
Note:  Implicit pin X in instance clkload202 of sky130_fd_sc_hd__clkbuf_4 in cell ucb_top
Note:  Implicit pin Y in instance clkload203 of sky130_fd_sc_hd__bufinv_16 in cell ucb_top
Note:  Implicit pin Y in instance clkload204 of sky130_fd_sc_hd__bufinv_16 in cell ucb_top
Note:  Implicit pin Y in instance clkload205 of sky130_fd_sc_hd__clkinv_4 in cell ucb_top
Note:  Implicit pin Y in instance clkload206 of sky130_fd_sc_hd__inv_6 in cell ucb_top
Note:  Implicit pin X in instance clkload207 of sky130_fd_sc_hd__clkbuf_4 in cell ucb_top
Note:  Implicit pin Y in instance clkload208 of sky130_fd_sc_hd__inv_6 in cell ucb_top
Note:  Implicit pin Y in instance clkload209 of sky130_fd_sc_hd__inv_6 in cell ucb_top
Note:  Implicit pin Y in instance clkload210 of sky130_fd_sc_hd__clkinv_2 in cell ucb_top
Note:  Implicit pin X in instance clkload211 of sky130_fd_sc_hd__clkbuf_4 in cell ucb_top
Note:  Implicit pin Y in instance clkload212 of sky130_fd_sc_hd__bufinv_16 in cell ucb_top
Note:  Implicit pin Y in instance clkload213 of sky130_fd_sc_hd__clkinv_4 in cell ucb_top
Note:  Implicit pin Y in instance clkload214 of sky130_fd_sc_hd__clkinvlp_4 in cell ucb_top
Note:  Implicit pin Y in instance clkload215 of sky130_fd_sc_hd__inv_8 in cell ucb_top
Note:  Implicit pin Y in instance clkload216 of sky130_fd_sc_hd__inv_8 in cell ucb_top
Note:  Implicit pin Y in instance clkload217 of sky130_fd_sc_hd__bufinv_16 in cell ucb_top
Note:  Implicit pin Y in instance clkload218 of sky130_fd_sc_hd__inv_8 in cell ucb_top
Note:  Implicit pin Y in instance clkload219 of sky130_fd_sc_hd__clkinv_8 in cell ucb_top
Note:  Implicit pin Y in instance clkload220 of sky130_fd_sc_hd__clkinv_4 in cell ucb_top
Note:  Implicit pin Y in instance clkload221 of sky130_fd_sc_hd__clkinv_2 in cell ucb_top
Note:  Implicit pin Y in instance clkload222 of sky130_fd_sc_hd__clkinvlp_4 in cell ucb_top
Note:  Implicit pin Y in instance clkload223 of sky130_fd_sc_hd__clkinvlp_4 in cell ucb_top
Note:  Implicit pin Y in instance clkload224 of sky130_fd_sc_hd__clkinvlp_4 in cell ucb_top
Note:  Implicit pin Y in instance clkload225 of sky130_fd_sc_hd__clkinv_4 in cell ucb_top
Note:  Implicit pin Y in instance clkload226 of sky130_fd_sc_hd__clkinv_4 in cell ucb_top
Note:  Implicit pin Y in instance clkload227 of sky130_fd_sc_hd__inv_6 in cell ucb_top
Note:  Implicit pin X in instance clkload228 of sky130_fd_sc_hd__clkbuf_4 in cell ucb_top
Note:  Implicit pin Y in instance clkload229 of sky130_fd_sc_hd__clkinv_4 in cell ucb_top
Note:  Implicit pin Y in instance clkload230 of sky130_fd_sc_hd__bufinv_16 in cell ucb_top
Reading source /tmp/tmpvbyuj49e/repo/verilog/gl/user_project_wrapper.nl.v...
Warning:  A case-insensitive file has been read and so the	verilog file must be treated case-insensitive to match.
Note:  Implicit pin VPWR in instance u_ucb of ucb_top in cell user_project_wrapper
Note:  Implicit pin VGND in instance u_ucb of ucb_top in cell user_project_wrapper
Note:  Implicit pin VGND in instance TIE_ZERO_zero_ of sky130_fd_sc_hd__conb_1 in cell user_project_wrapper
Note:  Implicit pin VNB in instance TIE_ZERO_zero_ of sky130_fd_sc_hd__conb_1 in cell user_project_wrapper
Note:  Implicit pin VPB in instance TIE_ZERO_zero_ of sky130_fd_sc_hd__conb_1 in cell user_project_wrapper
Note:  Implicit pin VPWR in instance TIE_ZERO_zero_ of sky130_fd_sc_hd__conb_1 in cell user_project_wrapper
Note:  Implicit pin HI in instance TIE_ZERO_zero_ of sky130_fd_sc_hd__conb_1 in cell user_project_wrapper
Note:  Implicit pin VGND in instance TIE_ONE_one_ of sky130_fd_sc_hd__conb_1 in cell user_project_wrapper
Note:  Implicit pin VNB in instance TIE_ONE_one_ of sky130_fd_sc_hd__conb_1 in cell user_project_wrapper
Note:  Implicit pin VPB in instance TIE_ONE_one_ of sky130_fd_sc_hd__conb_1 in cell user_project_wrapper
Note:  Implicit pin VPWR in instance TIE_ONE_one_ of sky130_fd_sc_hd__conb_1 in cell user_project_wrapper
Note:  Implicit pin LO in instance TIE_ONE_one_ of sky130_fd_sc_hd__conb_1 in cell user_project_wrapper
Treating empty subcircuits as black-box cells
Generating JSON file result
Will not flatten these subcells: ucb_top

Reading setup file /tmp/tmpvbyuj49e/repo/precheck_results/12_MAY_2026___09_35_03/tmp/sky130A_setup.tcl

No property w found for device r
No property l found for device r
Model sky130_fd_pr__res_generic_po pin 1 == 2
No property value found for device sky130_fd_pr__res_generic_po
No property mult found for device sky130_fd_pr__res_generic_po
Model sky130_fd_pr__res_generic_po pin 1 == 2
No property value found for device sky130_fd_pr__res_generic_po
No property mult found for device sky130_fd_pr__res_generic_po
Model sky130_fd_pr__nfet_01v8 pin 1 == 3
No property mult found for device sky130_fd_pr__nfet_01v8
No property sa found for device sky130_fd_pr__nfet_01v8
No property sb found for device sky130_fd_pr__nfet_01v8
No property sd found for device sky130_fd_pr__nfet_01v8
No property nf found for device sky130_fd_pr__nfet_01v8
No property nrd found for device sky130_fd_pr__nfet_01v8
No property nrs found for device sky130_fd_pr__nfet_01v8
No property area found for device sky130_fd_pr__nfet_01v8
No property perim found for device sky130_fd_pr__nfet_01v8
No property topography found for device sky130_fd_pr__nfet_01v8
Model sky130_fd_pr__nfet_01v8 pin 1 == 3
No property mult found for device sky130_fd_pr__nfet_01v8
No property sa found for device sky130_fd_pr__nfet_01v8
No property sb found for device sky130_fd_pr__nfet_01v8
No property sd found for device sky130_fd_pr__nfet_01v8
No property nf found for device sky130_fd_pr__nfet_01v8
No property nrd found for device sky130_fd_pr__nfet_01v8
No property nrs found for device sky130_fd_pr__nfet_01v8
No property area found for device sky130_fd_pr__nfet_01v8
No property perim found for device sky130_fd_pr__nfet_01v8
No property topography found for device sky130_fd_pr__nfet_01v8
Model sky130_fd_pr__pfet_01v8_hvt pin 1 == 3
No property mult found for device sky130_fd_pr__pfet_01v8_hvt
No property sa found for device sky130_fd_pr__pfet_01v8_hvt
No property sb found for device sky130_fd_pr__pfet_01v8_hvt
No property sd found for device sky130_fd_pr__pfet_01v8_hvt
No property nf found for device sky130_fd_pr__pfet_01v8_hvt
No property nrd found for device sky130_fd_pr__pfet_01v8_hvt
No property nrs found for device sky130_fd_pr__pfet_01v8_hvt
No property area found for device sky130_fd_pr__pfet_01v8_hvt
No property perim found for device sky130_fd_pr__pfet_01v8_hvt
No property topography found for device sky130_fd_pr__pfet_01v8_hvt
Model sky130_fd_pr__pfet_01v8_hvt pin 1 == 3
No property mult found for device sky130_fd_pr__pfet_01v8_hvt
No property sa found for device sky130_fd_pr__pfet_01v8_hvt
No property sb found for device sky130_fd_pr__pfet_01v8_hvt
No property sd found for device sky130_fd_pr__pfet_01v8_hvt
No property nf found for device sky130_fd_pr__pfet_01v8_hvt
No property nrd found for device sky130_fd_pr__pfet_01v8_hvt
No property nrs found for device sky130_fd_pr__pfet_01v8_hvt
No property area found for device sky130_fd_pr__pfet_01v8_hvt
No property perim found for device sky130_fd_pr__pfet_01v8_hvt
No property topography found for device sky130_fd_pr__pfet_01v8_hvt
Model sky130_fd_pr__special_nfet_01v8 pin 1 == 3
No property mult found for device sky130_fd_pr__special_nfet_01v8
No property sa found for device sky130_fd_pr__special_nfet_01v8
No property sb found for device sky130_fd_pr__special_nfet_01v8
No property sd found for device sky130_fd_pr__special_nfet_01v8
No property nf found for device sky130_fd_pr__special_nfet_01v8
No property nrd found for device sky130_fd_pr__special_nfet_01v8
No property nrs found for device sky130_fd_pr__special_nfet_01v8
No property area found for device sky130_fd_pr__special_nfet_01v8
No property perim found for device sky130_fd_pr__special_nfet_01v8
No property topography found for device sky130_fd_pr__special_nfet_01v8
Model sky130_fd_pr__special_nfet_01v8 pin 1 == 3
No property as found for device sky130_fd_pr__special_nfet_01v8
No property ad found for device sky130_fd_pr__special_nfet_01v8
No property ps found for device sky130_fd_pr__special_nfet_01v8
No property pd found for device sky130_fd_pr__special_nfet_01v8
No property mult found for device sky130_fd_pr__special_nfet_01v8
No property sa found for device sky130_fd_pr__special_nfet_01v8
No property sb found for device sky130_fd_pr__special_nfet_01v8
No property sd found for device sky130_fd_pr__special_nfet_01v8
No property nf found for device sky130_fd_pr__special_nfet_01v8
No property nrd found for device sky130_fd_pr__special_nfet_01v8
No property nrs found for device sky130_fd_pr__special_nfet_01v8
No property area found for device sky130_fd_pr__special_nfet_01v8
No property perim found for device sky130_fd_pr__special_nfet_01v8
No property topography found for device sky130_fd_pr__special_nfet_01v8
Model sky130_fd_pr__special_pfet_01v8_hvt pin 1 == 3
No property as found for device sky130_fd_pr__special_pfet_01v8_hvt
No property ad found for device sky130_fd_pr__special_pfet_01v8_hvt
No property ps found for device sky130_fd_pr__special_pfet_01v8_hvt
No property pd found for device sky130_fd_pr__special_pfet_01v8_hvt
No property mult found for device sky130_fd_pr__special_pfet_01v8_hvt
No property sa found for device sky130_fd_pr__special_pfet_01v8_hvt
No property sb found for device sky130_fd_pr__special_pfet_01v8_hvt
No property sd found for device sky130_fd_pr__special_pfet_01v8_hvt
No property nf found for device sky130_fd_pr__special_pfet_01v8_hvt
No property nrd found for device sky130_fd_pr__special_pfet_01v8_hvt
No property nrs found for device sky130_fd_pr__special_pfet_01v8_hvt
No property area found for device sky130_fd_pr__special_pfet_01v8_hvt
No property perim found for device sky130_fd_pr__special_pfet_01v8_hvt
No property topography found for device sky130_fd_pr__special_pfet_01v8_hvt
No property value found for device sky130_fd_pr__diode_pw2nd_05v5
No property mult found for device sky130_fd_pr__diode_pw2nd_05v5
No property value found for device sky130_fd_pr__diode_pw2nd_05v5
No property mult found for device sky130_fd_pr__diode_pw2nd_05v5
Matching pins of sky130_fd_pr__nfet_01v8 in circuits 1 and 2

Subcircuit pins:
Circuit 1: sky130_fd_pr__nfet_01v8                                                |Circuit 2: sky130_fd_pr__nfet_01v8                                                
----------------------------------------------------------------------------------|----------------------------------------------------------------------------------
1                                                                                 |1                                                                                 
2                                                                                 |2                                                                                 
3                                                                                 |3                                                                                 
4                                                                                 |4                                                                                 
---------------------------------------------------------------------------------------------------------------------------------------------------------------------
Cell pin lists are equivalent.
Matching pins of sky130_fd_pr__pfet_01v8_hvt in circuits 1 and 2

Subcircuit pins:
Circuit 1: sky130_fd_pr__pfet_01v8_hvt                                            |Circuit 2: sky130_fd_pr__pfet_01v8_hvt                                            
----------------------------------------------------------------------------------|----------------------------------------------------------------------------------
1                                                                                 |1                                                                                 
2                                                                                 |2                                                                                 
3                                                                                 |3                                                                                 
4                                                                                 |4                                                                                 
---------------------------------------------------------------------------------------------------------------------------------------------------------------------
Cell pin lists are equivalent.
Matching pins of sky130_fd_pr__diode_pw2nd_05v5 in circuits 1 and 2

Subcircuit pins:
Circuit 1: sky130_fd_pr__diode_pw2nd_05v5                                         |Circuit 2: sky130_fd_pr__diode_pw2nd_05v5                                         
----------------------------------------------------------------------------------|----------------------------------------------------------------------------------
1                                                                                 |1                                                                                 
2                                                                                 |2                                                                                 
---------------------------------------------------------------------------------------------------------------------------------------------------------------------
Cell pin lists are equivalent.
Matching pins of sky130_fd_pr__res_generic_po in circuits 1 and 2

Subcircuit pins:
Circuit 1: sky130_fd_pr__res_generic_po                                           |Circuit 2: sky130_fd_pr__res_generic_po                                           
----------------------------------------------------------------------------------|----------------------------------------------------------------------------------
1                                                                                 |1                                                                                 
2                                                                                 |2                                                                                 
---------------------------------------------------------------------------------------------------------------------------------------------------------------------
Cell pin lists are equivalent.
Matching pins of sky130_fd_pr__special_nfet_01v8 in circuits 1 and 2

Subcircuit pins:
Circuit 1: sky130_fd_pr__special_nfet_01v8                                        |Circuit 2: sky130_fd_pr__special_nfet_01v8                                        
----------------------------------------------------------------------------------|----------------------------------------------------------------------------------
1                                                                                 |1                                                                                 
2                                                                                 |2                                                                                 
3                                                                                 |3                                                                                 
4                                                                                 |4                                                                                 
---------------------------------------------------------------------------------------------------------------------------------------------------------------------
Cell pin lists are equivalent.
Device classes sky130_fd_sc_hd__a2111o_1 and BV_sky130_fd_sc_hd__a2111o_1 are equivalent.
Equating BV_sky130_fd_sc_hd__a2111o_1 in circuit 1 and sky130_fd_sc_hd__a2111o_1 in circuit 2
Device classes sky130_fd_sc_hd__fill_1 and BV_sky130_fd_sc_hd__fill_1 are equivalent.
Equating BV_sky130_fd_sc_hd__fill_1 in circuit 1 and sky130_fd_sc_hd__fill_1 in circuit 2
Device classes sky130_fd_sc_hd__fill_2 and BV_sky130_fd_sc_hd__fill_2 are equivalent.
Equating BV_sky130_fd_sc_hd__fill_2 in circuit 1 and sky130_fd_sc_hd__fill_2 in circuit 2
Device classes sky130_fd_sc_hd__fill_4 and BV_sky130_fd_sc_hd__fill_4 are equivalent.
Equating BV_sky130_fd_sc_hd__fill_4 in circuit 1 and sky130_fd_sc_hd__fill_4 in circuit 2
Device classes sky130_fd_sc_hd__fill_8 and BV_sky130_fd_sc_hd__fill_8 are equivalent.
Equating BV_sky130_fd_sc_hd__fill_8 in circuit 1 and sky130_fd_sc_hd__fill_8 in circuit 2
Device classes sky130_fd_sc_hd__tapvpwrvgnd_1 and BV_sky130_fd_sc_hd__tapvpwrvgnd_1 are equivalent.
Equating BV_sky130_fd_sc_hd__tapvpwrvgnd_1 in circuit 1 and sky130_fd_sc_hd__tapvpwrvgnd_1 in circuit 2
Device classes sky130_fd_sc_hd__or4b_1 and BV_sky130_fd_sc_hd__or4b_1 are equivalent.
Equating BV_sky130_fd_sc_hd__or4b_1 in circuit 1 and sky130_fd_sc_hd__or4b_1 in circuit 2
Device classes sky130_fd_sc_hd__or4b_4 and BV_sky130_fd_sc_hd__or4b_4 are equivalent.
Equating BV_sky130_fd_sc_hd__or4b_4 in circuit 1 and sky130_fd_sc_hd__or4b_4 in circuit 2
Device classes sky130_fd_sc_hd__or2_1 and BV_sky130_fd_sc_hd__or2_1 are equivalent.
Equating BV_sky130_fd_sc_hd__or2_1 in circuit 1 and sky130_fd_sc_hd__or2_1 in circuit 2
Device classes sky130_fd_sc_hd__or2_2 and BV_sky130_fd_sc_hd__or2_2 are equivalent.
Equating BV_sky130_fd_sc_hd__or2_2 in circuit 1 and sky130_fd_sc_hd__or2_2 in circuit 2
Device classes sky130_fd_sc_hd__or2_4 and BV_sky130_fd_sc_hd__or2_4 are equivalent.
Equating BV_sky130_fd_sc_hd__or2_4 in circuit 1 and sky130_fd_sc_hd__or2_4 in circuit 2
Device classes sky130_fd_sc_hd__nor2_1 and BV_sky130_fd_sc_hd__nor2_1 are equivalent.
Equating BV_sky130_fd_sc_hd__nor2_1 in circuit 1 and sky130_fd_sc_hd__nor2_1 in circuit 2
Device classes sky130_fd_sc_hd__nor2_2 and BV_sky130_fd_sc_hd__nor2_2 are equivalent.
Equating BV_sky130_fd_sc_hd__nor2_2 in circuit 1 and sky130_fd_sc_hd__nor2_2 in circuit 2
Device classes sky130_fd_sc_hd__nor2_4 and BV_sky130_fd_sc_hd__nor2_4 are equivalent.
Equating BV_sky130_fd_sc_hd__nor2_4 in circuit 1 and sky130_fd_sc_hd__nor2_4 in circuit 2
Device classes sky130_fd_sc_hd__nor2_8 and BV_sky130_fd_sc_hd__nor2_8 are equivalent.
Equating BV_sky130_fd_sc_hd__nor2_8 in circuit 1 and sky130_fd_sc_hd__nor2_8 in circuit 2
Device classes sky130_fd_sc_hd__o22ai_4 and BV_sky130_fd_sc_hd__o22ai_4 are equivalent.
Equating BV_sky130_fd_sc_hd__o22ai_4 in circuit 1 and sky130_fd_sc_hd__o22ai_4 in circuit 2
Device classes sky130_fd_sc_hd__a41o_1 and BV_sky130_fd_sc_hd__a41o_1 are equivalent.
Equating BV_sky130_fd_sc_hd__a41o_1 in circuit 1 and sky130_fd_sc_hd__a41o_1 in circuit 2
Device classes sky130_fd_sc_hd__nand3_1 and BV_sky130_fd_sc_hd__nand3_1 are equivalent.
Equating BV_sky130_fd_sc_hd__nand3_1 in circuit 1 and sky130_fd_sc_hd__nand3_1 in circuit 2
Device classes sky130_fd_sc_hd__and4b_1 and BV_sky130_fd_sc_hd__and4b_1 are equivalent.
Equating BV_sky130_fd_sc_hd__and4b_1 in circuit 1 and sky130_fd_sc_hd__and4b_1 in circuit 2
Device classes sky130_fd_sc_hd__and4b_2 and BV_sky130_fd_sc_hd__and4b_2 are equivalent.
Equating BV_sky130_fd_sc_hd__and4b_2 in circuit 1 and sky130_fd_sc_hd__and4b_2 in circuit 2
Device classes sky130_fd_sc_hd__o21ai_1 and BV_sky130_fd_sc_hd__o21ai_1 are equivalent.
Equating BV_sky130_fd_sc_hd__o21ai_1 in circuit 1 and sky130_fd_sc_hd__o21ai_1 in circuit 2
Device classes sky130_fd_sc_hd__o21ai_2 and BV_sky130_fd_sc_hd__o21ai_2 are equivalent.
Equating BV_sky130_fd_sc_hd__o21ai_2 in circuit 1 and sky130_fd_sc_hd__o21ai_2 in circuit 2
Device classes sky130_fd_sc_hd__and4b_4 and BV_sky130_fd_sc_hd__and4b_4 are equivalent.
Equating BV_sky130_fd_sc_hd__and4b_4 in circuit 1 and sky130_fd_sc_hd__and4b_4 in circuit 2
Device classes sky130_fd_sc_hd__o21ai_4 and BV_sky130_fd_sc_hd__o21ai_4 are equivalent.
Equating BV_sky130_fd_sc_hd__o21ai_4 in circuit 1 and sky130_fd_sc_hd__o21ai_4 in circuit 2
Device classes sky130_fd_sc_hd__a31o_1 and BV_sky130_fd_sc_hd__a31o_1 are equivalent.
Equating BV_sky130_fd_sc_hd__a31o_1 in circuit 1 and sky130_fd_sc_hd__a31o_1 in circuit 2
Device classes sky130_fd_sc_hd__a21o_1 and BV_sky130_fd_sc_hd__a21o_1 are equivalent.
Equating BV_sky130_fd_sc_hd__a21o_1 in circuit 1 and sky130_fd_sc_hd__a21o_1 in circuit 2
Device classes sky130_fd_sc_hd__a21bo_1 and BV_sky130_fd_sc_hd__a21bo_1 are equivalent.
Equating BV_sky130_fd_sc_hd__a21bo_1 in circuit 1 and sky130_fd_sc_hd__a21bo_1 in circuit 2
Device classes sky130_ef_sc_hd__decap_40_12 and BV_sky130_ef_sc_hd__decap_40_12 are equivalent.
Equating BV_sky130_ef_sc_hd__decap_40_12 in circuit 1 and sky130_ef_sc_hd__decap_40_12 in circuit 2
Device classes sky130_fd_sc_hd__xor2_1 and BV_sky130_fd_sc_hd__xor2_1 are equivalent.
Equating BV_sky130_fd_sc_hd__xor2_1 in circuit 1 and sky130_fd_sc_hd__xor2_1 in circuit 2
Device classes sky130_fd_sc_hd__xor2_2 and BV_sky130_fd_sc_hd__xor2_2 are equivalent.
Equating BV_sky130_fd_sc_hd__xor2_2 in circuit 1 and sky130_fd_sc_hd__xor2_2 in circuit 2
Device classes sky130_fd_sc_hd__xor2_4 and BV_sky130_fd_sc_hd__xor2_4 are equivalent.
Equating BV_sky130_fd_sc_hd__xor2_4 in circuit 1 and sky130_fd_sc_hd__xor2_4 in circuit 2
Device classes sky130_fd_sc_hd__decap_3 and BV_sky130_fd_sc_hd__decap_3 are equivalent.
Equating BV_sky130_fd_sc_hd__decap_3 in circuit 1 and sky130_fd_sc_hd__decap_3 in circuit 2
Device classes sky130_fd_sc_hd__or3b_1 and BV_sky130_fd_sc_hd__or3b_1 are equivalent.
Equating BV_sky130_fd_sc_hd__or3b_1 in circuit 1 and sky130_fd_sc_hd__or3b_1 in circuit 2
Device classes sky130_fd_sc_hd__or3b_4 and BV_sky130_fd_sc_hd__or3b_4 are equivalent.
Equating BV_sky130_fd_sc_hd__or3b_4 in circuit 1 and sky130_fd_sc_hd__or3b_4 in circuit 2
Device classes sky130_fd_sc_hd__and4_1 and BV_sky130_fd_sc_hd__and4_1 are equivalent.
Equating BV_sky130_fd_sc_hd__and4_1 in circuit 1 and sky130_fd_sc_hd__and4_1 in circuit 2
Device classes sky130_fd_sc_hd__dfxtp_1 and BV_sky130_fd_sc_hd__dfxtp_1 are equivalent.
Equating BV_sky130_fd_sc_hd__dfxtp_1 in circuit 1 and sky130_fd_sc_hd__dfxtp_1 in circuit 2
Device classes sky130_fd_sc_hd__dlymetal6s2s_1 and BV_sky130_fd_sc_hd__dlymetal6s2s_1 are equivalent.
Equating BV_sky130_fd_sc_hd__dlymetal6s2s_1 in circuit 1 and sky130_fd_sc_hd__dlymetal6s2s_1 in circuit 2
Device classes sky130_fd_sc_hd__nand2_1 and BV_sky130_fd_sc_hd__nand2_1 are equivalent.
Equating BV_sky130_fd_sc_hd__nand2_1 in circuit 1 and sky130_fd_sc_hd__nand2_1 in circuit 2
Device classes sky130_fd_sc_hd__nand2_2 and BV_sky130_fd_sc_hd__nand2_2 are equivalent.
Equating BV_sky130_fd_sc_hd__nand2_2 in circuit 1 and sky130_fd_sc_hd__nand2_2 in circuit 2
Device classes sky130_fd_sc_hd__nand2_4 and BV_sky130_fd_sc_hd__nand2_4 are equivalent.
Equating BV_sky130_fd_sc_hd__nand2_4 in circuit 1 and sky130_fd_sc_hd__nand2_4 in circuit 2
Device classes sky130_fd_sc_hd__and3b_1 and BV_sky130_fd_sc_hd__and3b_1 are equivalent.
Equating BV_sky130_fd_sc_hd__and3b_1 in circuit 1 and sky130_fd_sc_hd__and3b_1 in circuit 2
Device classes sky130_fd_sc_hd__nand2b_1 and BV_sky130_fd_sc_hd__nand2b_1 are equivalent.
Equating BV_sky130_fd_sc_hd__nand2b_1 in circuit 1 and sky130_fd_sc_hd__nand2b_1 in circuit 2
Device classes sky130_fd_sc_hd__nand2b_2 and BV_sky130_fd_sc_hd__nand2b_2 are equivalent.
Equating BV_sky130_fd_sc_hd__nand2b_2 in circuit 1 and sky130_fd_sc_hd__nand2b_2 in circuit 2
Device classes sky130_fd_sc_hd__dfstp_1 and BV_sky130_fd_sc_hd__dfstp_1 are equivalent.
Equating BV_sky130_fd_sc_hd__dfstp_1 in circuit 1 and sky130_fd_sc_hd__dfstp_1 in circuit 2
Device classes sky130_fd_sc_hd__dfrtp_1 and BV_sky130_fd_sc_hd__dfrtp_1 are equivalent.
Equating BV_sky130_fd_sc_hd__dfrtp_1 in circuit 1 and sky130_fd_sc_hd__dfrtp_1 in circuit 2
Device classes sky130_fd_sc_hd__dfrtp_2 and BV_sky130_fd_sc_hd__dfrtp_2 are equivalent.
Equating BV_sky130_fd_sc_hd__dfrtp_2 in circuit 1 and sky130_fd_sc_hd__dfrtp_2 in circuit 2
Device classes sky130_fd_sc_hd__dfrtp_4 and BV_sky130_fd_sc_hd__dfrtp_4 are equivalent.
Equating BV_sky130_fd_sc_hd__dfrtp_4 in circuit 1 and sky130_fd_sc_hd__dfrtp_4 in circuit 2
Device classes sky130_fd_sc_hd__o2bb2a_1 and BV_sky130_fd_sc_hd__o2bb2a_1 are equivalent.
Equating BV_sky130_fd_sc_hd__o2bb2a_1 in circuit 1 and sky130_fd_sc_hd__o2bb2a_1 in circuit 2
Device classes sky130_fd_sc_hd__o2bb2a_2 and BV_sky130_fd_sc_hd__o2bb2a_2 are equivalent.
Equating BV_sky130_fd_sc_hd__o2bb2a_2 in circuit 1 and sky130_fd_sc_hd__o2bb2a_2 in circuit 2
Device classes sky130_fd_sc_hd__and3_1 and BV_sky130_fd_sc_hd__and3_1 are equivalent.
Equating BV_sky130_fd_sc_hd__and3_1 in circuit 1 and sky130_fd_sc_hd__and3_1 in circuit 2
Device classes sky130_fd_sc_hd__o2bb2a_4 and BV_sky130_fd_sc_hd__o2bb2a_4 are equivalent.
Equating BV_sky130_fd_sc_hd__o2bb2a_4 in circuit 1 and sky130_fd_sc_hd__o2bb2a_4 in circuit 2
Device classes sky130_fd_sc_hd__and3_2 and BV_sky130_fd_sc_hd__and3_2 are equivalent.
Equating BV_sky130_fd_sc_hd__and3_2 in circuit 1 and sky130_fd_sc_hd__and3_2 in circuit 2
Device classes sky130_fd_sc_hd__o21ba_1 and BV_sky130_fd_sc_hd__o21ba_1 are equivalent.
Equating BV_sky130_fd_sc_hd__o21ba_1 in circuit 1 and sky130_fd_sc_hd__o21ba_1 in circuit 2
Device classes sky130_fd_sc_hd__and2b_1 and BV_sky130_fd_sc_hd__and2b_1 are equivalent.
Equating BV_sky130_fd_sc_hd__and2b_1 in circuit 1 and sky130_fd_sc_hd__and2b_1 in circuit 2
Device classes sky130_fd_sc_hd__and2b_4 and BV_sky130_fd_sc_hd__and2b_4 are equivalent.
Equating BV_sky130_fd_sc_hd__and2b_4 in circuit 1 and sky130_fd_sc_hd__and2b_4 in circuit 2
Device classes sky130_fd_sc_hd__a221o_1 and BV_sky130_fd_sc_hd__a221o_1 are equivalent.
Equating BV_sky130_fd_sc_hd__a221o_1 in circuit 1 and sky130_fd_sc_hd__a221o_1 in circuit 2
Device classes sky130_fd_sc_hd__dlygate4sd3_1 and BV_sky130_fd_sc_hd__dlygate4sd3_1 are equivalent.
Equating BV_sky130_fd_sc_hd__dlygate4sd3_1 in circuit 1 and sky130_fd_sc_hd__dlygate4sd3_1 in circuit 2
Device classes sky130_fd_sc_hd__a211o_1 and BV_sky130_fd_sc_hd__a211o_1 are equivalent.
Equating BV_sky130_fd_sc_hd__a211o_1 in circuit 1 and sky130_fd_sc_hd__a211o_1 in circuit 2
Device classes sky130_fd_sc_hd__and4bb_1 and BV_sky130_fd_sc_hd__and4bb_1 are equivalent.
Equating BV_sky130_fd_sc_hd__and4bb_1 in circuit 1 and sky130_fd_sc_hd__and4bb_1 in circuit 2
Device classes sky130_fd_sc_hd__and4bb_2 and BV_sky130_fd_sc_hd__and4bb_2 are equivalent.
Equating BV_sky130_fd_sc_hd__and4bb_2 in circuit 1 and sky130_fd_sc_hd__and4bb_2 in circuit 2
Device classes sky130_fd_sc_hd__and4bb_4 and BV_sky130_fd_sc_hd__and4bb_4 are equivalent.
Equating BV_sky130_fd_sc_hd__and4bb_4 in circuit 1 and sky130_fd_sc_hd__and4bb_4 in circuit 2
Device classes sky130_fd_sc_hd__or4bb_4 and BV_sky130_fd_sc_hd__or4bb_4 are equivalent.
Equating BV_sky130_fd_sc_hd__or4bb_4 in circuit 1 and sky130_fd_sc_hd__or4bb_4 in circuit 2
Device classes sky130_fd_sc_hd__mux2_1 and BV_sky130_fd_sc_hd__mux2_1 are equivalent.
Equating BV_sky130_fd_sc_hd__mux2_1 in circuit 1 and sky130_fd_sc_hd__mux2_1 in circuit 2
Device classes sky130_fd_sc_hd__bufinv_16 and BV_sky130_fd_sc_hd__bufinv_16 are equivalent.
Equating BV_sky130_fd_sc_hd__bufinv_16 in circuit 1 and sky130_fd_sc_hd__bufinv_16 in circuit 2
Device classes sky130_fd_sc_hd__and2_1 and BV_sky130_fd_sc_hd__and2_1 are equivalent.
Equating BV_sky130_fd_sc_hd__and2_1 in circuit 1 and sky130_fd_sc_hd__and2_1 in circuit 2
Device classes sky130_fd_sc_hd__and2_2 and BV_sky130_fd_sc_hd__and2_2 are equivalent.
Equating BV_sky130_fd_sc_hd__and2_2 in circuit 1 and sky130_fd_sc_hd__and2_2 in circuit 2
Device classes sky130_fd_sc_hd__and2_4 and BV_sky130_fd_sc_hd__and2_4 are equivalent.
Equating BV_sky130_fd_sc_hd__and2_4 in circuit 1 and sky130_fd_sc_hd__and2_4 in circuit 2
Device classes sky130_fd_sc_hd__or4_1 and BV_sky130_fd_sc_hd__or4_1 are equivalent.
Equating BV_sky130_fd_sc_hd__or4_1 in circuit 1 and sky130_fd_sc_hd__or4_1 in circuit 2
Device classes sky130_fd_sc_hd__or4_2 and BV_sky130_fd_sc_hd__or4_2 are equivalent.
Equating BV_sky130_fd_sc_hd__or4_2 in circuit 1 and sky130_fd_sc_hd__or4_2 in circuit 2
Device classes sky130_fd_sc_hd__or4_4 and BV_sky130_fd_sc_hd__or4_4 are equivalent.
Equating BV_sky130_fd_sc_hd__or4_4 in circuit 1 and sky130_fd_sc_hd__or4_4 in circuit 2
Device classes sky130_fd_sc_hd__buf_1 and BV_sky130_fd_sc_hd__buf_1 are equivalent.
Equating BV_sky130_fd_sc_hd__buf_1 in circuit 1 and sky130_fd_sc_hd__buf_1 in circuit 2
Device classes sky130_fd_sc_hd__buf_2 and BV_sky130_fd_sc_hd__buf_2 are equivalent.
Equating BV_sky130_fd_sc_hd__buf_2 in circuit 1 and sky130_fd_sc_hd__buf_2 in circuit 2
Device classes sky130_fd_sc_hd__nor4_1 and BV_sky130_fd_sc_hd__nor4_1 are equivalent.
Equating BV_sky130_fd_sc_hd__nor4_1 in circuit 1 and sky130_fd_sc_hd__nor4_1 in circuit 2
Device classes sky130_fd_sc_hd__buf_4 and BV_sky130_fd_sc_hd__buf_4 are equivalent.
Equating BV_sky130_fd_sc_hd__buf_4 in circuit 1 and sky130_fd_sc_hd__buf_4 in circuit 2
Device classes sky130_fd_sc_hd__buf_6 and BV_sky130_fd_sc_hd__buf_6 are equivalent.
Equating BV_sky130_fd_sc_hd__buf_6 in circuit 1 and sky130_fd_sc_hd__buf_6 in circuit 2
Device classes sky130_fd_sc_hd__buf_8 and BV_sky130_fd_sc_hd__buf_8 are equivalent.
Equating BV_sky130_fd_sc_hd__buf_8 in circuit 1 and sky130_fd_sc_hd__buf_8 in circuit 2
Device classes sky130_fd_sc_hd__nor4b_1 and BV_sky130_fd_sc_hd__nor4b_1 are equivalent.
Equating BV_sky130_fd_sc_hd__nor4b_1 in circuit 1 and sky130_fd_sc_hd__nor4b_1 in circuit 2
Device classes sky130_fd_sc_hd__nor4b_2 and BV_sky130_fd_sc_hd__nor4b_2 are equivalent.
Equating BV_sky130_fd_sc_hd__nor4b_2 in circuit 1 and sky130_fd_sc_hd__nor4b_2 in circuit 2
Device classes sky130_fd_sc_hd__clkbuf_16 and BV_sky130_fd_sc_hd__clkbuf_16 are equivalent.
Equating BV_sky130_fd_sc_hd__clkbuf_16 in circuit 1 and sky130_fd_sc_hd__clkbuf_16 in circuit 2
Device classes sky130_fd_sc_hd__o21bai_1 and BV_sky130_fd_sc_hd__o21bai_1 are equivalent.
Equating BV_sky130_fd_sc_hd__o21bai_1 in circuit 1 and sky130_fd_sc_hd__o21bai_1 in circuit 2
Device classes sky130_fd_sc_hd__a2bb2o_1 and BV_sky130_fd_sc_hd__a2bb2o_1 are equivalent.
Equating BV_sky130_fd_sc_hd__a2bb2o_1 in circuit 1 and sky130_fd_sc_hd__a2bb2o_1 in circuit 2
Device classes sky130_fd_sc_hd__a2bb2o_2 and BV_sky130_fd_sc_hd__a2bb2o_2 are equivalent.
Equating BV_sky130_fd_sc_hd__a2bb2o_2 in circuit 1 and sky130_fd_sc_hd__a2bb2o_2 in circuit 2
Device classes sky130_fd_sc_hd__o32a_1 and BV_sky130_fd_sc_hd__o32a_1 are equivalent.
Equating BV_sky130_fd_sc_hd__o32a_1 in circuit 1 and sky130_fd_sc_hd__o32a_1 in circuit 2
Device classes sky130_fd_sc_hd__a21oi_1 and BV_sky130_fd_sc_hd__a21oi_1 are equivalent.
Equating BV_sky130_fd_sc_hd__a21oi_1 in circuit 1 and sky130_fd_sc_hd__a21oi_1 in circuit 2
Device classes sky130_fd_sc_hd__a21oi_2 and BV_sky130_fd_sc_hd__a21oi_2 are equivalent.
Equating BV_sky130_fd_sc_hd__a21oi_2 in circuit 1 and sky130_fd_sc_hd__a21oi_2 in circuit 2
Device classes sky130_fd_sc_hd__o22a_1 and BV_sky130_fd_sc_hd__o22a_1 are equivalent.
Equating BV_sky130_fd_sc_hd__o22a_1 in circuit 1 and sky130_fd_sc_hd__o22a_1 in circuit 2
Device classes sky130_fd_sc_hd__o22a_2 and BV_sky130_fd_sc_hd__o22a_2 are equivalent.
Equating BV_sky130_fd_sc_hd__o22a_2 in circuit 1 and sky130_fd_sc_hd__o22a_2 in circuit 2
Device classes sky130_fd_sc_hd__o22a_4 and BV_sky130_fd_sc_hd__o22a_4 are equivalent.
Equating BV_sky130_fd_sc_hd__o22a_4 in circuit 1 and sky130_fd_sc_hd__o22a_4 in circuit 2
Device classes sky130_fd_sc_hd__inv_2 and BV_sky130_fd_sc_hd__inv_2 are equivalent.
Equating BV_sky130_fd_sc_hd__inv_2 in circuit 1 and sky130_fd_sc_hd__inv_2 in circuit 2
Device classes sky130_fd_sc_hd__inv_6 and BV_sky130_fd_sc_hd__inv_6 are equivalent.
Equating BV_sky130_fd_sc_hd__inv_6 in circuit 1 and sky130_fd_sc_hd__inv_6 in circuit 2
Device classes sky130_fd_sc_hd__inv_8 and BV_sky130_fd_sc_hd__inv_8 are equivalent.
Equating BV_sky130_fd_sc_hd__inv_8 in circuit 1 and sky130_fd_sc_hd__inv_8 in circuit 2
Device classes sky130_fd_sc_hd__buf_12 and BV_sky130_fd_sc_hd__buf_12 are equivalent.
Equating BV_sky130_fd_sc_hd__buf_12 in circuit 1 and sky130_fd_sc_hd__buf_12 in circuit 2
Device classes sky130_fd_sc_hd__clkinvlp_4 and BV_sky130_fd_sc_hd__clkinvlp_4 are equivalent.
Equating BV_sky130_fd_sc_hd__clkinvlp_4 in circuit 1 and sky130_fd_sc_hd__clkinvlp_4 in circuit 2
Device classes sky130_fd_sc_hd__clkbuf_1 and BV_sky130_fd_sc_hd__clkbuf_1 are equivalent.
Equating BV_sky130_fd_sc_hd__clkbuf_1 in circuit 1 and sky130_fd_sc_hd__clkbuf_1 in circuit 2
Device classes sky130_fd_sc_hd__clkbuf_2 and BV_sky130_fd_sc_hd__clkbuf_2 are equivalent.
Equating BV_sky130_fd_sc_hd__clkbuf_2 in circuit 1 and sky130_fd_sc_hd__clkbuf_2 in circuit 2
Device classes sky130_fd_sc_hd__clkbuf_4 and BV_sky130_fd_sc_hd__clkbuf_4 are equivalent.
Equating BV_sky130_fd_sc_hd__clkbuf_4 in circuit 1 and sky130_fd_sc_hd__clkbuf_4 in circuit 2
Device classes sky130_fd_sc_hd__clkbuf_8 and BV_sky130_fd_sc_hd__clkbuf_8 are equivalent.
Equating BV_sky130_fd_sc_hd__clkbuf_8 in circuit 1 and sky130_fd_sc_hd__clkbuf_8 in circuit 2
Device classes sky130_fd_sc_hd__or3_1 and BV_sky130_fd_sc_hd__or3_1 are equivalent.
Equating BV_sky130_fd_sc_hd__or3_1 in circuit 1 and sky130_fd_sc_hd__or3_1 in circuit 2
Device classes sky130_fd_sc_hd__or3_2 and BV_sky130_fd_sc_hd__or3_2 are equivalent.
Equating BV_sky130_fd_sc_hd__or3_2 in circuit 1 and sky130_fd_sc_hd__or3_2 in circuit 2
Device classes sky130_fd_sc_hd__xnor2_1 and BV_sky130_fd_sc_hd__xnor2_1 are equivalent.
Equating BV_sky130_fd_sc_hd__xnor2_1 in circuit 1 and sky130_fd_sc_hd__xnor2_1 in circuit 2
Device classes sky130_fd_sc_hd__xnor2_2 and BV_sky130_fd_sc_hd__xnor2_2 are equivalent.
Equating BV_sky130_fd_sc_hd__xnor2_2 in circuit 1 and sky130_fd_sc_hd__xnor2_2 in circuit 2
Device classes sky130_fd_sc_hd__or3_4 and BV_sky130_fd_sc_hd__or3_4 are equivalent.
Equating BV_sky130_fd_sc_hd__or3_4 in circuit 1 and sky130_fd_sc_hd__or3_4 in circuit 2
Device classes sky130_fd_sc_hd__nor3_1 and BV_sky130_fd_sc_hd__nor3_1 are equivalent.
Equating BV_sky130_fd_sc_hd__nor3_1 in circuit 1 and sky130_fd_sc_hd__nor3_1 in circuit 2
Device classes sky130_fd_sc_hd__o31ai_1 and BV_sky130_fd_sc_hd__o31ai_1 are equivalent.
Equating BV_sky130_fd_sc_hd__o31ai_1 in circuit 1 and sky130_fd_sc_hd__o31ai_1 in circuit 2
Device classes sky130_fd_sc_hd__o221a_1 and BV_sky130_fd_sc_hd__o221a_1 are equivalent.
Equating BV_sky130_fd_sc_hd__o221a_1 in circuit 1 and sky130_fd_sc_hd__o221a_1 in circuit 2
Device classes sky130_fd_sc_hd__a31oi_2 and BV_sky130_fd_sc_hd__a31oi_2 are equivalent.
Equating BV_sky130_fd_sc_hd__a31oi_2 in circuit 1 and sky130_fd_sc_hd__a31oi_2 in circuit 2
Device classes sky130_fd_sc_hd__a32o_1 and BV_sky130_fd_sc_hd__a32o_1 are equivalent.
Equating BV_sky130_fd_sc_hd__a32o_1 in circuit 1 and sky130_fd_sc_hd__a32o_1 in circuit 2
Device classes sky130_fd_sc_hd__o211a_1 and BV_sky130_fd_sc_hd__o211a_1 are equivalent.
Equating BV_sky130_fd_sc_hd__o211a_1 in circuit 1 and sky130_fd_sc_hd__o211a_1 in circuit 2
Device classes sky130_fd_sc_hd__a21boi_1 and BV_sky130_fd_sc_hd__a21boi_1 are equivalent.
Equating BV_sky130_fd_sc_hd__a21boi_1 in circuit 1 and sky130_fd_sc_hd__a21boi_1 in circuit 2
Device classes sky130_fd_sc_hd__a21boi_2 and BV_sky130_fd_sc_hd__a21boi_2 are equivalent.
Equating BV_sky130_fd_sc_hd__a21boi_2 in circuit 1 and sky130_fd_sc_hd__a21boi_2 in circuit 2
Device classes sky130_fd_sc_hd__a22o_1 and BV_sky130_fd_sc_hd__a22o_1 are equivalent.
Equating BV_sky130_fd_sc_hd__a22o_1 in circuit 1 and sky130_fd_sc_hd__a22o_1 in circuit 2
Device classes sky130_fd_sc_hd__diode_2 and BV_sky130_fd_sc_hd__diode_2 are equivalent.
Equating BV_sky130_fd_sc_hd__diode_2 in circuit 1 and sky130_fd_sc_hd__diode_2 in circuit 2
Device classes sky130_fd_sc_hd__o31a_1 and BV_sky130_fd_sc_hd__o31a_1 are equivalent.
Equating BV_sky130_fd_sc_hd__o31a_1 in circuit 1 and sky130_fd_sc_hd__o31a_1 in circuit 2
Device classes sky130_fd_sc_hd__nand4b_1 and BV_sky130_fd_sc_hd__nand4b_1 are equivalent.
Equating BV_sky130_fd_sc_hd__nand4b_1 in circuit 1 and sky130_fd_sc_hd__nand4b_1 in circuit 2
Device classes sky130_fd_sc_hd__o21a_1 and BV_sky130_fd_sc_hd__o21a_1 are equivalent.
Equating BV_sky130_fd_sc_hd__o21a_1 in circuit 1 and sky130_fd_sc_hd__o21a_1 in circuit 2
Device classes sky130_fd_sc_hd__a221oi_1 and BV_sky130_fd_sc_hd__a221oi_1 are equivalent.
Equating BV_sky130_fd_sc_hd__a221oi_1 in circuit 1 and sky130_fd_sc_hd__a221oi_1 in circuit 2
Device classes sky130_fd_sc_hd__clkinv_2 and BV_sky130_fd_sc_hd__clkinv_2 are equivalent.
Equating BV_sky130_fd_sc_hd__clkinv_2 in circuit 1 and sky130_fd_sc_hd__clkinv_2 in circuit 2
Device classes sky130_fd_sc_hd__clkinv_4 and BV_sky130_fd_sc_hd__clkinv_4 are equivalent.
Equating BV_sky130_fd_sc_hd__clkinv_4 in circuit 1 and sky130_fd_sc_hd__clkinv_4 in circuit 2
Device classes sky130_fd_sc_hd__clkinv_8 and BV_sky130_fd_sc_hd__clkinv_8 are equivalent.
Equating BV_sky130_fd_sc_hd__clkinv_8 in circuit 1 and sky130_fd_sc_hd__clkinv_8 in circuit 2
Comparison output logged to file /tmp/tmpvbyuj49e/repo/precheck_results/12_MAY_2026___09_35_03/tmp/lvs.report
Logging to file "/tmp/tmpvbyuj49e/repo/precheck_results/12_MAY_2026___09_35_03/tmp/lvs.report" enabled
Circuit sky130_fd_pr__pfet_01v8_hvt contains no devices.
Circuit sky130_fd_pr__nfet_01v8 contains no devices.
Circuit sky130_fd_pr__diode_pw2nd_05v5 contains no devices.
Circuit sky130_fd_pr__special_nfet_01v8 contains no devices.
Circuit sky130_fd_pr__res_generic_po contains no devices.

Contents of circuit 1:  Circuit: 'BV_sky130_fd_sc_hd__fill_1'
Circuit BV_sky130_fd_sc_hd__fill_1 contains 0 device instances.
Circuit contains 0 nets, and 4 disconnected pins.
Contents of circuit 2:  Circuit: 'sky130_fd_sc_hd__fill_1'
Circuit sky130_fd_sc_hd__fill_1 contains 0 device instances.
Circuit contains 0 nets, and 4 disconnected pins.

Circuit BV_sky130_fd_sc_hd__fill_1 contains no devices.

Contents of circuit 1:  Circuit: 'BV_sky130_fd_sc_hd__fill_2'
Circuit BV_sky130_fd_sc_hd__fill_2 contains 0 device instances.
Circuit contains 0 nets, and 4 disconnected pins.
Contents of circuit 2:  Circuit: 'sky130_fd_sc_hd__fill_2'
Circuit sky130_fd_sc_hd__fill_2 contains 0 device instances.
Circuit contains 0 nets, and 4 disconnected pins.

Circuit BV_sky130_fd_sc_hd__fill_2 contains no devices.

Contents of circuit 1:  Circuit: 'BV_sky130_fd_sc_hd__o21a_1'
Circuit BV_sky130_fd_sc_hd__o21a_1 contains 8 device instances.
  Class: sky130_fd_pr__nfet_01v8 instances:   4
  Class: sky130_fd_pr__pfet_01v8_hvt instances:   4
Circuit contains 11 nets.
Contents of circuit 2:  Circuit: 'sky130_fd_sc_hd__o21a_1'
Circuit sky130_fd_sc_hd__o21a_1 contains 8 device instances.
  Class: sky130_fd_pr__nfet_01v8 instances:   4
  Class: sky130_fd_pr__pfet_01v8_hvt instances:   4
Circuit contains 11 nets.

Circuit 1 contains 8 devices, Circuit 2 contains 8 devices.
Circuit 1 contains 11 nets,    Circuit 2 contains 11 nets.


Contents of circuit 1:  Circuit: 'BV_sky130_fd_sc_hd__diode_2'
Circuit BV_sky130_fd_sc_hd__diode_2 contains 1 device instances.
  Class: sky130_fd_pr__diode_pw2nd_05v5 instances:   1
Circuit contains 2 nets, and 3 disconnected pins.
Contents of circuit 2:  Circuit: 'sky130_fd_sc_hd__diode_2'
Circuit sky130_fd_sc_hd__diode_2 contains 1 device instances.
  Class: sky130_fd_pr__diode_pw2nd_05v5 instances:   1
Circuit contains 2 nets, and 3 disconnected pins.

Circuit 1 contains 1 devices, Circuit 2 contains 1 devices.
Circuit 1 contains 2 nets,    Circuit 2 contains 2 nets.


Contents of circuit 1:  Circuit: 'BV_sky130_fd_sc_hd__mux2_1'
Circuit BV_sky130_fd_sc_hd__mux2_1 contains 12 device instances.
  Class: sky130_fd_pr__nfet_01v8 instances:   6
  Class: sky130_fd_pr__pfet_01v8_hvt instances:   6
Circuit contains 14 nets.
Contents of circuit 2:  Circuit: 'sky130_fd_sc_hd__mux2_1'
Circuit sky130_fd_sc_hd__mux2_1 contains 12 device instances.
  Class: sky130_fd_pr__nfet_01v8 instances:   6
  Class: sky130_fd_pr__pfet_01v8_hvt instances:   6
Circuit contains 14 nets.

Circuit 1 contains 12 devices, Circuit 2 contains 12 devices.
Circuit 1 contains 14 nets,    Circuit 2 contains 14 nets.


Contents of circuit 1:  Circuit: 'BV_sky130_fd_sc_hd__a211o_1'
Circuit BV_sky130_fd_sc_hd__a211o_1 contains 10 device instances.
  Class: sky130_fd_pr__nfet_01v8 instances:   5
  Class: sky130_fd_pr__pfet_01v8_hvt instances:   5
Circuit contains 13 nets.
Contents of circuit 2:  Circuit: 'sky130_fd_sc_hd__a211o_1'
Circuit sky130_fd_sc_hd__a211o_1 contains 10 device instances.
  Class: sky130_fd_pr__nfet_01v8 instances:   5
  Class: sky130_fd_pr__pfet_01v8_hvt instances:   5
Circuit contains 13 nets.

Circuit 1 contains 10 devices, Circuit 2 contains 10 devices.
Circuit 1 contains 13 nets,    Circuit 2 contains 13 nets.


Contents of circuit 1:  Circuit: 'BV_sky130_fd_sc_hd__or4_1'
Circuit BV_sky130_fd_sc_hd__or4_1 contains 10 device instances.
  Class: sky130_fd_pr__nfet_01v8 instances:   5
  Class: sky130_fd_pr__pfet_01v8_hvt instances:   5
Circuit contains 13 nets.
Contents of circuit 2:  Circuit: 'sky130_fd_sc_hd__or4_1'
Circuit sky130_fd_sc_hd__or4_1 contains 10 device instances.
  Class: sky130_fd_pr__nfet_01v8 instances:   5
  Class: sky130_fd_pr__pfet_01v8_hvt instances:   5
Circuit contains 13 nets.

Circuit 1 contains 10 devices, Circuit 2 contains 10 devices.
Circuit 1 contains 13 nets,    Circuit 2 contains 13 nets.


Contents of circuit 1:  Circuit: 'BV_sky130_fd_sc_hd__fill_8'
Circuit BV_sky130_fd_sc_hd__fill_8 contains 0 device instances.
Circuit contains 0 nets, and 4 disconnected pins.
Contents of circuit 2:  Circuit: 'sky130_fd_sc_hd__fill_8'
Circuit sky130_fd_sc_hd__fill_8 contains 0 device instances.
Circuit contains 0 nets, and 4 disconnected pins.

Circuit BV_sky130_fd_sc_hd__fill_8 contains no devices.

Contents of circuit 1:  Circuit: 'BV_sky130_fd_sc_hd__a221o_1'
Circuit BV_sky130_fd_sc_hd__a221o_1 contains 12 device instances.
  Class: sky130_fd_pr__nfet_01v8 instances:   6
  Class: sky130_fd_pr__pfet_01v8_hvt instances:   6
Circuit contains 15 nets.
Contents of circuit 2:  Circuit: 'sky130_fd_sc_hd__a221o_1'
Circuit sky130_fd_sc_hd__a221o_1 contains 12 device instances.
  Class: sky130_fd_pr__nfet_01v8 instances:   6
  Class: sky130_fd_pr__pfet_01v8_hvt instances:   6
Circuit contains 15 nets.

Circuit 1 contains 12 devices, Circuit 2 contains 12 devices.
Circuit 1 contains 15 nets,    Circuit 2 contains 15 nets.


Contents of circuit 1:  Circuit: 'BV_sky130_fd_sc_hd__xor2_1'
Circuit BV_sky130_fd_sc_hd__xor2_1 contains 10 device instances.
  Class: sky130_fd_pr__nfet_01v8 instances:   5
  Class: sky130_fd_pr__pfet_01v8_hvt instances:   5
Circuit contains 11 nets.
Contents of circuit 2:  Circuit: 'sky130_fd_sc_hd__xor2_1'
Circuit sky130_fd_sc_hd__xor2_1 contains 10 device instances.
  Class: sky130_fd_pr__nfet_01v8 instances:   5
  Class: sky130_fd_pr__pfet_01v8_hvt instances:   5
Circuit contains 11 nets.

Circuit 1 contains 10 devices, Circuit 2 contains 10 devices.
Circuit 1 contains 11 nets,    Circuit 2 contains 11 nets.


Contents of circuit 1:  Circuit: 'BV_sky130_fd_sc_hd__a22o_1'
Circuit BV_sky130_fd_sc_hd__a22o_1 contains 10 device instances.
  Class: sky130_fd_pr__nfet_01v8 instances:   5
  Class: sky130_fd_pr__pfet_01v8_hvt instances:   5
Circuit contains 13 nets.
Contents of circuit 2:  Circuit: 'sky130_fd_sc_hd__a22o_1'
Circuit sky130_fd_sc_hd__a22o_1 contains 10 device instances.
  Class: sky130_fd_pr__nfet_01v8 instances:   5
  Class: sky130_fd_pr__pfet_01v8_hvt instances:   5
Circuit contains 13 nets.

Circuit 1 contains 10 devices, Circuit 2 contains 10 devices.
Circuit 1 contains 13 nets,    Circuit 2 contains 13 nets.


Contents of circuit 1:  Circuit: 'BV_sky130_fd_sc_hd__tapvpwrvgnd_1'
Circuit BV_sky130_fd_sc_hd__tapvpwrvgnd_1 contains 0 device instances.
Circuit contains 0 nets, and 2 disconnected pins.
Contents of circuit 2:  Circuit: 'sky130_fd_sc_hd__tapvpwrvgnd_1'
Circuit sky130_fd_sc_hd__tapvpwrvgnd_1 contains 0 device instances.
Circuit contains 0 nets, and 2 disconnected pins.

Circuit BV_sky130_fd_sc_hd__tapvpwrvgnd_1 contains no devices.

Contents of circuit 1:  Circuit: 'BV_sky130_fd_sc_hd__o22a_1'
Circuit BV_sky130_fd_sc_hd__o22a_1 contains 10 device instances.
  Class: sky130_fd_pr__nfet_01v8 instances:   5
  Class: sky130_fd_pr__pfet_01v8_hvt instances:   5
Circuit contains 13 nets.
Contents of circuit 2:  Circuit: 'sky130_fd_sc_hd__o22a_1'
Circuit sky130_fd_sc_hd__o22a_1 contains 10 device instances.
  Class: sky130_fd_pr__nfet_01v8 instances:   5
  Class: sky130_fd_pr__pfet_01v8_hvt instances:   5
Circuit contains 13 nets.

Circuit 1 contains 10 devices, Circuit 2 contains 10 devices.
Circuit 1 contains 13 nets,    Circuit 2 contains 13 nets.


Contents of circuit 1:  Circuit: 'BV_sky130_ef_sc_hd__decap_40_12'
Circuit BV_sky130_ef_sc_hd__decap_40_12 contains 0 device instances.
Circuit contains 0 nets, and 4 disconnected pins.
Contents of circuit 2:  Circuit: 'sky130_ef_sc_hd__decap_40_12'
Circuit sky130_ef_sc_hd__decap_40_12 contains 2 device instances.
  Class: sky130_fd_pr__nfet_01v8 instances:   1
  Class: sky130_fd_pr__pfet_01v8_hvt instances:   1
Circuit contains 4 nets.

Circuit BV_sky130_ef_sc_hd__decap_40_12 contains no devices.

Contents of circuit 1:  Circuit: 'BV_sky130_fd_sc_hd__fill_4'
Circuit BV_sky130_fd_sc_hd__fill_4 contains 0 device instances.
Circuit contains 0 nets, and 4 disconnected pins.
Contents of circuit 2:  Circuit: 'sky130_fd_sc_hd__fill_4'
Circuit sky130_fd_sc_hd__fill_4 contains 0 device instances.
Circuit contains 0 nets, and 4 disconnected pins.

Circuit BV_sky130_fd_sc_hd__fill_4 contains no devices.

Contents of circuit 1:  Circuit: 'BV_sky130_fd_sc_hd__and3_1'
Circuit BV_sky130_fd_sc_hd__and3_1 contains 8 device instances.
  Class: sky130_fd_pr__nfet_01v8 instances:   4
  Class: sky130_fd_pr__pfet_01v8_hvt instances:   4
Circuit contains 11 nets.
Contents of circuit 2:  Circuit: 'sky130_fd_sc_hd__and3_1'
Circuit sky130_fd_sc_hd__and3_1 contains 8 device instances.
  Class: sky130_fd_pr__nfet_01v8 instances:   4
  Class: sky130_fd_pr__pfet_01v8_hvt instances:   4
Circuit contains 11 nets.

Circuit 1 contains 8 devices, Circuit 2 contains 8 devices.
Circuit 1 contains 11 nets,    Circuit 2 contains 11 nets.


Contents of circuit 1:  Circuit: 'BV_sky130_fd_sc_hd__and4_1'
Circuit BV_sky130_fd_sc_hd__and4_1 contains 10 device instances.
  Class: sky130_fd_pr__nfet_01v8 instances:   5
  Class: sky130_fd_pr__pfet_01v8_hvt instances:   5
Circuit contains 13 nets.
Contents of circuit 2:  Circuit: 'sky130_fd_sc_hd__and4_1'
Circuit sky130_fd_sc_hd__and4_1 contains 10 device instances.
  Class: sky130_fd_pr__nfet_01v8 instances:   5
  Class: sky130_fd_pr__pfet_01v8_hvt instances:   5
Circuit contains 13 nets.

Circuit 1 contains 10 devices, Circuit 2 contains 10 devices.
Circuit 1 contains 13 nets,    Circuit 2 contains 13 nets.


Contents of circuit 1:  Circuit: 'BV_sky130_fd_sc_hd__nand2_1'
Circuit BV_sky130_fd_sc_hd__nand2_1 contains 4 device instances.
  Class: sky130_fd_pr__nfet_01v8 instances:   2
  Class: sky130_fd_pr__pfet_01v8_hvt instances:   2
Circuit contains 8 nets.
Contents of circuit 2:  Circuit: 'sky130_fd_sc_hd__nand2_1'
Circuit sky130_fd_sc_hd__nand2_1 contains 4 device instances.
  Class: sky130_fd_pr__nfet_01v8 instances:   2
  Class: sky130_fd_pr__pfet_01v8_hvt instances:   2
Circuit contains 8 nets.

Circuit 1 contains 4 devices, Circuit 2 contains 4 devices.
Circuit 1 contains 8 nets,    Circuit 2 contains 8 nets.


Contents of circuit 1:  Circuit: 'BV_sky130_fd_sc_hd__dlygate4sd3_1'
Circuit BV_sky130_fd_sc_hd__dlygate4sd3_1 contains 8 device instances.
  Class: sky130_fd_pr__nfet_01v8 instances:   4
  Class: sky130_fd_pr__pfet_01v8_hvt instances:   4
Circuit contains 9 nets.
Contents of circuit 2:  Circuit: 'sky130_fd_sc_hd__dlygate4sd3_1'
Circuit sky130_fd_sc_hd__dlygate4sd3_1 contains 8 device instances.
  Class: sky130_fd_pr__nfet_01v8 instances:   4
  Class: sky130_fd_pr__pfet_01v8_hvt instances:   4
Circuit contains 9 nets.

Circuit 1 contains 8 devices, Circuit 2 contains 8 devices.
Circuit 1 contains 9 nets,    Circuit 2 contains 9 nets.


Contents of circuit 1:  Circuit: 'BV_sky130_fd_sc_hd__buf_4'
Circuit BV_sky130_fd_sc_hd__buf_4 contains 0 device instances.
Circuit contains 0 nets, and 6 disconnected pins.
Contents of circuit 2:  Circuit: 'sky130_fd_sc_hd__buf_4'
Circuit sky130_fd_sc_hd__buf_4 contains 10 device instances.
  Class: sky130_fd_pr__nfet_01v8 instances:   5
  Class: sky130_fd_pr__pfet_01v8_hvt instances:   5
Circuit contains 7 nets.

Circuit BV_sky130_fd_sc_hd__buf_4 contains no devices.

Contents of circuit 1:  Circuit: 'BV_sky130_fd_sc_hd__buf_8'
Circuit BV_sky130_fd_sc_hd__buf_8 contains 0 device instances.
Circuit contains 0 nets, and 6 disconnected pins.
Contents of circuit 2:  Circuit: 'sky130_fd_sc_hd__buf_8'
Circuit sky130_fd_sc_hd__buf_8 contains 22 device instances.
  Class: sky130_fd_pr__nfet_01v8 instances:  11
  Class: sky130_fd_pr__pfet_01v8_hvt instances:  11
Circuit contains 7 nets.

Circuit BV_sky130_fd_sc_hd__buf_8 contains no devices.

Contents of circuit 1:  Circuit: 'BV_sky130_fd_sc_hd__buf_6'
Circuit BV_sky130_fd_sc_hd__buf_6 contains 0 device instances.
Circuit contains 0 nets, and 6 disconnected pins.
Contents of circuit 2:  Circuit: 'sky130_fd_sc_hd__buf_6'
Circuit sky130_fd_sc_hd__buf_6 contains 16 device instances.
  Class: sky130_fd_pr__nfet_01v8 instances:   8
  Class: sky130_fd_pr__pfet_01v8_hvt instances:   8
Circuit contains 7 nets.

Circuit BV_sky130_fd_sc_hd__buf_6 contains no devices.

Contents of circuit 1:  Circuit: 'BV_sky130_fd_sc_hd__clkbuf_4'
Circuit BV_sky130_fd_sc_hd__clkbuf_4 contains 0 device instances.
Circuit contains 0 nets, and 6 disconnected pins.
Contents of circuit 2:  Circuit: 'sky130_fd_sc_hd__clkbuf_4'
Circuit sky130_fd_sc_hd__clkbuf_4 contains 10 device instances.
  Class: sky130_fd_pr__nfet_01v8 instances:   5
  Class: sky130_fd_pr__pfet_01v8_hvt instances:   5
Circuit contains 7 nets.

Circuit BV_sky130_fd_sc_hd__clkbuf_4 contains no devices.

Contents of circuit 1:  Circuit: 'BV_sky130_fd_sc_hd__clkbuf_8'
Circuit BV_sky130_fd_sc_hd__clkbuf_8 contains 0 device instances.
Circuit contains 0 nets, and 6 disconnected pins.
Contents of circuit 2:  Circuit: 'sky130_fd_sc_hd__clkbuf_8'
Circuit sky130_fd_sc_hd__clkbuf_8 contains 20 device instances.
  Class: sky130_fd_pr__nfet_01v8 instances:  10
  Class: sky130_fd_pr__pfet_01v8_hvt instances:  10
Circuit contains 7 nets.

Circuit BV_sky130_fd_sc_hd__clkbuf_8 contains no devices.

Contents of circuit 1:  Circuit: 'BV_sky130_fd_sc_hd__dfrtp_1'
Circuit BV_sky130_fd_sc_hd__dfrtp_1 contains 28 device instances.
  Class: sky130_fd_pr__nfet_01v8 instances:  10
  Class: sky130_fd_pr__pfet_01v8_hvt instances:  14
  Class: sky130_fd_pr__special_nfet_01v8 instances:   4
Circuit contains 21 nets.
Contents of circuit 2:  Circuit: 'sky130_fd_sc_hd__dfrtp_1'
Circuit sky130_fd_sc_hd__dfrtp_1 contains 28 device instances.
  Class: sky130_fd_pr__nfet_01v8 instances:  10
  Class: sky130_fd_pr__pfet_01v8_hvt instances:  14
  Class: sky130_fd_pr__special_nfet_01v8 instances:   4
Circuit contains 21 nets.

Circuit 1 contains 28 devices, Circuit 2 contains 28 devices.
Circuit 1 contains 21 nets,    Circuit 2 contains 21 nets.


Contents of circuit 1:  Circuit: 'BV_sky130_fd_sc_hd__a21o_1'
Circuit BV_sky130_fd_sc_hd__a21o_1 contains 8 device instances.
  Class: sky130_fd_pr__nfet_01v8 instances:   4
  Class: sky130_fd_pr__pfet_01v8_hvt instances:   4
Circuit contains 11 nets.
Contents of circuit 2:  Circuit: 'sky130_fd_sc_hd__a21o_1'
Circuit sky130_fd_sc_hd__a21o_1 contains 8 device instances.
  Class: sky130_fd_pr__nfet_01v8 instances:   4
  Class: sky130_fd_pr__pfet_01v8_hvt instances:   4
Circuit contains 11 nets.

Circuit 1 contains 8 devices, Circuit 2 contains 8 devices.
Circuit 1 contains 11 nets,    Circuit 2 contains 11 nets.


Contents of circuit 1:  Circuit: 'BV_sky130_fd_sc_hd__nor2_4'
Circuit BV_sky130_fd_sc_hd__nor2_4 contains 4 device instances.
  Class: sky130_fd_pr__nfet_01v8 instances:   2
  Class: sky130_fd_pr__pfet_01v8_hvt instances:   2
Circuit contains 8 nets.
Contents of circuit 2:  Circuit: 'sky130_fd_sc_hd__nor2_4'
Circuit sky130_fd_sc_hd__nor2_4 contains 16 device instances.
  Class: sky130_fd_pr__nfet_01v8 instances:   8
  Class: sky130_fd_pr__pfet_01v8_hvt instances:   8
Circuit contains 8 nets.

Circuit was modified by parallel/series device merging.
New circuit summary:

Contents of circuit 1:  Circuit: 'BV_sky130_fd_sc_hd__nor2_4'
Circuit BV_sky130_fd_sc_hd__nor2_4 contains 4 device instances.
  Class: sky130_fd_pr__nfet_01v8 instances:   2
  Class: sky130_fd_pr__pfet_01v8_hvt instances:   2
Circuit contains 8 nets.
Contents of circuit 2:  Circuit: 'sky130_fd_sc_hd__nor2_4'
Circuit sky130_fd_sc_hd__nor2_4 contains 4 device instances.
  Class: sky130_fd_pr__nfet_01v8 instances:   2
  Class: sky130_fd_pr__pfet_01v8_hvt instances:   2
Circuit contains 8 nets.

Circuit 1 contains 4 devices, Circuit 2 contains 4 devices.
Circuit 1 contains 8 nets,    Circuit 2 contains 8 nets.


Contents of circuit 1:  Circuit: 'BV_sky130_fd_sc_hd__buf_1'
Circuit BV_sky130_fd_sc_hd__buf_1 contains 0 device instances.
Circuit contains 0 nets, and 6 disconnected pins.
Contents of circuit 2:  Circuit: 'sky130_fd_sc_hd__buf_1'
Circuit sky130_fd_sc_hd__buf_1 contains 4 device instances.
  Class: sky130_fd_pr__nfet_01v8 instances:   2
  Class: sky130_fd_pr__pfet_01v8_hvt instances:   2
Circuit contains 7 nets.

Circuit BV_sky130_fd_sc_hd__buf_1 contains no devices.

Contents of circuit 1:  Circuit: 'BV_sky130_fd_sc_hd__buf_2'
Circuit BV_sky130_fd_sc_hd__buf_2 contains 0 device instances.
Circuit contains 0 nets, and 6 disconnected pins.
Contents of circuit 2:  Circuit: 'sky130_fd_sc_hd__buf_2'
Circuit sky130_fd_sc_hd__buf_2 contains 6 device instances.
  Class: sky130_fd_pr__nfet_01v8 instances:   3
  Class: sky130_fd_pr__pfet_01v8_hvt instances:   3
Circuit contains 7 nets.

Circuit BV_sky130_fd_sc_hd__buf_2 contains no devices.

Contents of circuit 1:  Circuit: 'BV_sky130_fd_sc_hd__clkbuf_2'
Circuit BV_sky130_fd_sc_hd__clkbuf_2 contains 0 device instances.
Circuit contains 0 nets, and 6 disconnected pins.
Contents of circuit 2:  Circuit: 'sky130_fd_sc_hd__clkbuf_2'
Circuit sky130_fd_sc_hd__clkbuf_2 contains 6 device instances.
  Class: sky130_fd_pr__nfet_01v8 instances:   3
  Class: sky130_fd_pr__pfet_01v8_hvt instances:   3
Circuit contains 7 nets.

Circuit BV_sky130_fd_sc_hd__clkbuf_2 contains no devices.

Contents of circuit 1:  Circuit: 'BV_sky130_fd_sc_hd__and2_1'
Circuit BV_sky130_fd_sc_hd__and2_1 contains 6 device instances.
  Class: sky130_fd_pr__nfet_01v8 instances:   3
  Class: sky130_fd_pr__pfet_01v8_hvt instances:   3
Circuit contains 9 nets.
Contents of circuit 2:  Circuit: 'sky130_fd_sc_hd__and2_1'
Circuit sky130_fd_sc_hd__and2_1 contains 6 device instances.
  Class: sky130_fd_pr__nfet_01v8 instances:   3
  Class: sky130_fd_pr__pfet_01v8_hvt instances:   3
Circuit contains 9 nets.

Circuit 1 contains 6 devices, Circuit 2 contains 6 devices.
Circuit 1 contains 9 nets,    Circuit 2 contains 9 nets.


Contents of circuit 1:  Circuit: 'BV_sky130_fd_sc_hd__xnor2_1'
Circuit BV_sky130_fd_sc_hd__xnor2_1 contains 10 device instances.
  Class: sky130_fd_pr__nfet_01v8 instances:   5
  Class: sky130_fd_pr__pfet_01v8_hvt instances:   5
Circuit contains 11 nets.
Contents of circuit 2:  Circuit: 'sky130_fd_sc_hd__xnor2_1'
Circuit sky130_fd_sc_hd__xnor2_1 contains 10 device instances.
  Class: sky130_fd_pr__nfet_01v8 instances:   5
  Class: sky130_fd_pr__pfet_01v8_hvt instances:   5
Circuit contains 11 nets.

Circuit 1 contains 10 devices, Circuit 2 contains 10 devices.
Circuit 1 contains 11 nets,    Circuit 2 contains 11 nets.


Contents of circuit 1:  Circuit: 'BV_sky130_fd_sc_hd__decap_3'
Circuit BV_sky130_fd_sc_hd__decap_3 contains 0 device instances.
Circuit contains 0 nets, and 4 disconnected pins.
Contents of circuit 2:  Circuit: 'sky130_fd_sc_hd__decap_3'
Circuit sky130_fd_sc_hd__decap_3 contains 2 device instances.
  Class: sky130_fd_pr__nfet_01v8 instances:   1
  Class: sky130_fd_pr__pfet_01v8_hvt instances:   1
Circuit contains 4 nets.

Circuit BV_sky130_fd_sc_hd__decap_3 contains no devices.

Contents of circuit 1:  Circuit: 'BV_sky130_fd_sc_hd__or2_1'
Circuit BV_sky130_fd_sc_hd__or2_1 contains 6 device instances.
  Class: sky130_fd_pr__nfet_01v8 instances:   3
  Class: sky130_fd_pr__pfet_01v8_hvt instances:   3
Circuit contains 9 nets.
Contents of circuit 2:  Circuit: 'sky130_fd_sc_hd__or2_1'
Circuit sky130_fd_sc_hd__or2_1 contains 6 device instances.
  Class: sky130_fd_pr__nfet_01v8 instances:   3
  Class: sky130_fd_pr__pfet_01v8_hvt instances:   3
Circuit contains 9 nets.

Circuit 1 contains 6 devices, Circuit 2 contains 6 devices.
Circuit 1 contains 9 nets,    Circuit 2 contains 9 nets.


Contents of circuit 1:  Circuit: 'BV_sky130_fd_sc_hd__nor2_8'
Circuit BV_sky130_fd_sc_hd__nor2_8 contains 4 device instances.
  Class: sky130_fd_pr__nfet_01v8 instances:   2
  Class: sky130_fd_pr__pfet_01v8_hvt instances:   2
Circuit contains 8 nets.
Contents of circuit 2:  Circuit: 'sky130_fd_sc_hd__nor2_8'
Circuit sky130_fd_sc_hd__nor2_8 contains 32 device instances.
  Class: sky130_fd_pr__nfet_01v8 instances:  16
  Class: sky130_fd_pr__pfet_01v8_hvt instances:  16
Circuit contains 8 nets.

Circuit was modified by parallel/series device merging.
New circuit summary:

Contents of circuit 1:  Circuit: 'BV_sky130_fd_sc_hd__nor2_8'
Circuit BV_sky130_fd_sc_hd__nor2_8 contains 4 device instances.
  Class: sky130_fd_pr__nfet_01v8 instances:   2
  Class: sky130_fd_pr__pfet_01v8_hvt instances:   2
Circuit contains 8 nets.
Contents of circuit 2:  Circuit: 'sky130_fd_sc_hd__nor2_8'
Circuit sky130_fd_sc_hd__nor2_8 contains 4 device instances.
  Class: sky130_fd_pr__nfet_01v8 instances:   2
  Class: sky130_fd_pr__pfet_01v8_hvt instances:   2
Circuit contains 8 nets.

Circuit 1 contains 4 devices, Circuit 2 contains 4 devices.
Circuit 1 contains 8 nets,    Circuit 2 contains 8 nets.


Contents of circuit 1:  Circuit: 'BV_sky130_fd_sc_hd__a2111o_1'
Circuit BV_sky130_fd_sc_hd__a2111o_1 contains 12 device instances.
  Class: sky130_fd_pr__nfet_01v8 instances:   6
  Class: sky130_fd_pr__pfet_01v8_hvt instances:   6
Circuit contains 15 nets.
Contents of circuit 2:  Circuit: 'sky130_fd_sc_hd__a2111o_1'
Circuit sky130_fd_sc_hd__a2111o_1 contains 12 device instances.
  Class: sky130_fd_pr__nfet_01v8 instances:   6
  Class: sky130_fd_pr__pfet_01v8_hvt instances:   6
Circuit contains 15 nets.

Circuit 1 contains 12 devices, Circuit 2 contains 12 devices.
Circuit 1 contains 15 nets,    Circuit 2 contains 15 nets.


Contents of circuit 1:  Circuit: 'BV_sky130_fd_sc_hd__clkbuf_1'
Circuit BV_sky130_fd_sc_hd__clkbuf_1 contains 0 device instances.
Circuit contains 0 nets, and 6 disconnected pins.
Contents of circuit 2:  Circuit: 'sky130_fd_sc_hd__clkbuf_1'
Circuit sky130_fd_sc_hd__clkbuf_1 contains 4 device instances.
  Class: sky130_fd_pr__nfet_01v8 instances:   2
  Class: sky130_fd_pr__pfet_01v8_hvt instances:   2
Circuit contains 7 nets.

Circuit BV_sky130_fd_sc_hd__clkbuf_1 contains no devices.

Contents of circuit 1:  Circuit: 'BV_sky130_fd_sc_hd__dlymetal6s2s_1'
Circuit BV_sky130_fd_sc_hd__dlymetal6s2s_1 contains 12 device instances.
  Class: sky130_fd_pr__nfet_01v8 instances:   6
  Class: sky130_fd_pr__pfet_01v8_hvt instances:   6
Circuit contains 11 nets.
Contents of circuit 2:  Circuit: 'sky130_fd_sc_hd__dlymetal6s2s_1'
Circuit sky130_fd_sc_hd__dlymetal6s2s_1 contains 12 device instances.
  Class: sky130_fd_pr__nfet_01v8 instances:   6
  Class: sky130_fd_pr__pfet_01v8_hvt instances:   6
Circuit contains 11 nets.

Circuit 1 contains 12 devices, Circuit 2 contains 12 devices.
Circuit 1 contains 11 nets,    Circuit 2 contains 11 nets.


Contents of circuit 1:  Circuit: 'BV_sky130_fd_sc_hd__bufinv_16'
Circuit BV_sky130_fd_sc_hd__bufinv_16 contains 6 device instances.
  Class: sky130_fd_pr__nfet_01v8 instances:   3
  Class: sky130_fd_pr__pfet_01v8_hvt instances:   3
Circuit contains 8 nets.
Contents of circuit 2:  Circuit: 'sky130_fd_sc_hd__bufinv_16'
Circuit sky130_fd_sc_hd__bufinv_16 contains 50 device instances.
  Class: sky130_fd_pr__nfet_01v8 instances:  25
  Class: sky130_fd_pr__pfet_01v8_hvt instances:  25
Circuit contains 8 nets.

Circuit was modified by parallel/series device merging.
New circuit summary:

Contents of circuit 1:  Circuit: 'BV_sky130_fd_sc_hd__bufinv_16'
Circuit BV_sky130_fd_sc_hd__bufinv_16 contains 6 device instances.
  Class: sky130_fd_pr__nfet_01v8 instances:   3
  Class: sky130_fd_pr__pfet_01v8_hvt instances:   3
Circuit contains 8 nets.
Contents of circuit 2:  Circuit: 'sky130_fd_sc_hd__bufinv_16'
Circuit sky130_fd_sc_hd__bufinv_16 contains 6 device instances.
  Class: sky130_fd_pr__nfet_01v8 instances:   3
  Class: sky130_fd_pr__pfet_01v8_hvt instances:   3
Circuit contains 8 nets.

Circuit 1 contains 6 devices, Circuit 2 contains 6 devices.
Circuit 1 contains 8 nets,    Circuit 2 contains 8 nets.


Contents of circuit 1:  Circuit: 'BV_sky130_fd_sc_hd__clkinvlp_4'
Circuit BV_sky130_fd_sc_hd__clkinvlp_4 contains 5 device instances.
  Class: sky130_fd_pr__nfet_01v8 instances:   4
  Class: sky130_fd_pr__pfet_01v8_hvt instances:   1
Circuit contains 8 nets.
Contents of circuit 2:  Circuit: 'sky130_fd_sc_hd__clkinvlp_4'
Circuit sky130_fd_sc_hd__clkinvlp_4 contains 8 device instances.
  Class: sky130_fd_pr__nfet_01v8 instances:   4
  Class: sky130_fd_pr__pfet_01v8_hvt instances:   4
Circuit contains 8 nets.

Circuit was modified by parallel/series device merging.
New circuit summary:

Contents of circuit 1:  Circuit: 'BV_sky130_fd_sc_hd__clkinvlp_4'
Circuit BV_sky130_fd_sc_hd__clkinvlp_4 contains 5 device instances.
  Class: sky130_fd_pr__nfet_01v8 instances:   4
  Class: sky130_fd_pr__pfet_01v8_hvt instances:   1
Circuit contains 8 nets.
Contents of circuit 2:  Circuit: 'sky130_fd_sc_hd__clkinvlp_4'
Circuit sky130_fd_sc_hd__clkinvlp_4 contains 5 device instances.
  Class: sky130_fd_pr__nfet_01v8 instances:   4
  Class: sky130_fd_pr__pfet_01v8_hvt instances:   1
Circuit contains 8 nets.

Circuit 1 contains 5 devices, Circuit 2 contains 5 devices.
Circuit 1 contains 8 nets,    Circuit 2 contains 8 nets.


Contents of circuit 1:  Circuit: 'BV_sky130_fd_sc_hd__nor2_1'
Circuit BV_sky130_fd_sc_hd__nor2_1 contains 4 device instances.
  Class: sky130_fd_pr__nfet_01v8 instances:   2
  Class: sky130_fd_pr__pfet_01v8_hvt instances:   2
Circuit contains 8 nets.
Contents of circuit 2:  Circuit: 'sky130_fd_sc_hd__nor2_1'
Circuit sky130_fd_sc_hd__nor2_1 contains 4 device instances.
  Class: sky130_fd_pr__nfet_01v8 instances:   2
  Class: sky130_fd_pr__pfet_01v8_hvt instances:   2
Circuit contains 8 nets.

Circuit 1 contains 4 devices, Circuit 2 contains 4 devices.
Circuit 1 contains 8 nets,    Circuit 2 contains 8 nets.


Contents of circuit 1:  Circuit: 'BV_sky130_fd_sc_hd__a2bb2o_2'
Circuit BV_sky130_fd_sc_hd__a2bb2o_2 contains 12 device instances.
  Class: sky130_fd_pr__nfet_01v8 instances:   6
  Class: sky130_fd_pr__pfet_01v8_hvt instances:   6
Circuit contains 14 nets.
Contents of circuit 2:  Circuit: 'sky130_fd_sc_hd__a2bb2o_2'
Circuit sky130_fd_sc_hd__a2bb2o_2 contains 14 device instances.
  Class: sky130_fd_pr__nfet_01v8 instances:   7
  Class: sky130_fd_pr__pfet_01v8_hvt instances:   7
Circuit contains 14 nets.

Circuit was modified by parallel/series device merging.
New circuit summary:

Contents of circuit 1:  Circuit: 'BV_sky130_fd_sc_hd__a2bb2o_2'
Circuit BV_sky130_fd_sc_hd__a2bb2o_2 contains 12 device instances.
  Class: sky130_fd_pr__nfet_01v8 instances:   6
  Class: sky130_fd_pr__pfet_01v8_hvt instances:   6
Circuit contains 14 nets.
Contents of circuit 2:  Circuit: 'sky130_fd_sc_hd__a2bb2o_2'
Circuit sky130_fd_sc_hd__a2bb2o_2 contains 12 device instances.
  Class: sky130_fd_pr__nfet_01v8 instances:   6
  Class: sky130_fd_pr__pfet_01v8_hvt instances:   6
Circuit contains 14 nets.

Circuit 1 contains 12 devices, Circuit 2 contains 12 devices.
Circuit 1 contains 14 nets,    Circuit 2 contains 14 nets.


Contents of circuit 1:  Circuit: 'BV_sky130_fd_sc_hd__clkbuf_16'
Circuit BV_sky130_fd_sc_hd__clkbuf_16 contains 0 device instances.
Circuit contains 0 nets, and 6 disconnected pins.
Contents of circuit 2:  Circuit: 'sky130_fd_sc_hd__clkbuf_16'
Circuit sky130_fd_sc_hd__clkbuf_16 contains 40 device instances.
  Class: sky130_fd_pr__nfet_01v8 instances:  20
  Class: sky130_fd_pr__pfet_01v8_hvt instances:  20
Circuit contains 7 nets.

Circuit BV_sky130_fd_sc_hd__clkbuf_16 contains no devices.

Contents of circuit 1:  Circuit: 'BV_sky130_fd_sc_hd__o21ai_2'
Circuit BV_sky130_fd_sc_hd__o21ai_2 contains 6 device instances.
  Class: sky130_fd_pr__nfet_01v8 instances:   3
  Class: sky130_fd_pr__pfet_01v8_hvt instances:   3
Circuit contains 10 nets.
Contents of circuit 2:  Circuit: 'sky130_fd_sc_hd__o21ai_2'
Circuit sky130_fd_sc_hd__o21ai_2 contains 12 device instances.
  Class: sky130_fd_pr__nfet_01v8 instances:   6
  Class: sky130_fd_pr__pfet_01v8_hvt instances:   6
Circuit contains 10 nets.

Circuit was modified by parallel/series device merging.
New circuit summary:

Contents of circuit 1:  Circuit: 'BV_sky130_fd_sc_hd__o21ai_2'
Circuit BV_sky130_fd_sc_hd__o21ai_2 contains 6 device instances.
  Class: sky130_fd_pr__nfet_01v8 instances:   3
  Class: sky130_fd_pr__pfet_01v8_hvt instances:   3
Circuit contains 10 nets.
Contents of circuit 2:  Circuit: 'sky130_fd_sc_hd__o21ai_2'
Circuit sky130_fd_sc_hd__o21ai_2 contains 6 device instances.
  Class: sky130_fd_pr__nfet_01v8 instances:   3
  Class: sky130_fd_pr__pfet_01v8_hvt instances:   3
Circuit contains 10 nets.

Circuit 1 contains 6 devices, Circuit 2 contains 6 devices.
Circuit 1 contains 10 nets,    Circuit 2 contains 10 nets.


Contents of circuit 1:  Circuit: 'BV_sky130_fd_sc_hd__nand3_1'
Circuit BV_sky130_fd_sc_hd__nand3_1 contains 6 device instances.
  Class: sky130_fd_pr__nfet_01v8 instances:   3
  Class: sky130_fd_pr__pfet_01v8_hvt instances:   3
Circuit contains 10 nets.
Contents of circuit 2:  Circuit: 'sky130_fd_sc_hd__nand3_1'
Circuit sky130_fd_sc_hd__nand3_1 contains 6 device instances.
  Class: sky130_fd_pr__nfet_01v8 instances:   3
  Class: sky130_fd_pr__pfet_01v8_hvt instances:   3
Circuit contains 10 nets.

Circuit 1 contains 6 devices, Circuit 2 contains 6 devices.
Circuit 1 contains 10 nets,    Circuit 2 contains 10 nets.


Contents of circuit 1:  Circuit: 'BV_sky130_fd_sc_hd__o21bai_1'
Circuit BV_sky130_fd_sc_hd__o21bai_1 contains 8 device instances.
  Class: sky130_fd_pr__nfet_01v8 instances:   4
  Class: sky130_fd_pr__pfet_01v8_hvt instances:   4
Circuit contains 11 nets.
Contents of circuit 2:  Circuit: 'sky130_fd_sc_hd__o21bai_1'
Circuit sky130_fd_sc_hd__o21bai_1 contains 8 device instances.
  Class: sky130_fd_pr__nfet_01v8 instances:   4
  Class: sky130_fd_pr__pfet_01v8_hvt instances:   4
Circuit contains 11 nets.

Circuit 1 contains 8 devices, Circuit 2 contains 8 devices.
Circuit 1 contains 11 nets,    Circuit 2 contains 11 nets.


Contents of circuit 1:  Circuit: 'BV_sky130_fd_sc_hd__and2_4'
Circuit BV_sky130_fd_sc_hd__and2_4 contains 6 device instances.
  Class: sky130_fd_pr__nfet_01v8 instances:   3
  Class: sky130_fd_pr__pfet_01v8_hvt instances:   3
Circuit contains 9 nets.
Contents of circuit 2:  Circuit: 'sky130_fd_sc_hd__and2_4'
Circuit sky130_fd_sc_hd__and2_4 contains 12 device instances.
  Class: sky130_fd_pr__nfet_01v8 instances:   6
  Class: sky130_fd_pr__pfet_01v8_hvt instances:   6
Circuit contains 9 nets.

Circuit was modified by parallel/series device merging.
New circuit summary:

Contents of circuit 1:  Circuit: 'BV_sky130_fd_sc_hd__and2_4'
Circuit BV_sky130_fd_sc_hd__and2_4 contains 6 device instances.
  Class: sky130_fd_pr__nfet_01v8 instances:   3
  Class: sky130_fd_pr__pfet_01v8_hvt instances:   3
Circuit contains 9 nets.
Contents of circuit 2:  Circuit: 'sky130_fd_sc_hd__and2_4'
Circuit sky130_fd_sc_hd__and2_4 contains 6 device instances.
  Class: sky130_fd_pr__nfet_01v8 instances:   3
  Class: sky130_fd_pr__pfet_01v8_hvt instances:   3
Circuit contains 9 nets.

Circuit 1 contains 6 devices, Circuit 2 contains 6 devices.
Circuit 1 contains 9 nets,    Circuit 2 contains 9 nets.


Contents of circuit 1:  Circuit: 'BV_sky130_fd_sc_hd__nand2b_1'
Circuit BV_sky130_fd_sc_hd__nand2b_1 contains 6 device instances.
  Class: sky130_fd_pr__nfet_01v8 instances:   3
  Class: sky130_fd_pr__pfet_01v8_hvt instances:   3
Circuit contains 9 nets.
Contents of circuit 2:  Circuit: 'sky130_fd_sc_hd__nand2b_1'
Circuit sky130_fd_sc_hd__nand2b_1 contains 6 device instances.
  Class: sky130_fd_pr__nfet_01v8 instances:   3
  Class: sky130_fd_pr__pfet_01v8_hvt instances:   3
Circuit contains 9 nets.

Circuit 1 contains 6 devices, Circuit 2 contains 6 devices.
Circuit 1 contains 9 nets,    Circuit 2 contains 9 nets.


Contents of circuit 1:  Circuit: 'BV_sky130_fd_sc_hd__a32o_1'
Circuit BV_sky130_fd_sc_hd__a32o_1 contains 12 device instances.
  Class: sky130_fd_pr__nfet_01v8 instances:   6
  Class: sky130_fd_pr__pfet_01v8_hvt instances:   6
Circuit contains 15 nets.
Contents of circuit 2:  Circuit: 'sky130_fd_sc_hd__a32o_1'
Circuit sky130_fd_sc_hd__a32o_1 contains 12 device instances.
  Class: sky130_fd_pr__nfet_01v8 instances:   6
  Class: sky130_fd_pr__pfet_01v8_hvt instances:   6
Circuit contains 15 nets.

Circuit 1 contains 12 devices, Circuit 2 contains 12 devices.
Circuit 1 contains 15 nets,    Circuit 2 contains 15 nets.


Contents of circuit 1:  Circuit: 'BV_sky130_fd_sc_hd__a2bb2o_1'
Circuit BV_sky130_fd_sc_hd__a2bb2o_1 contains 12 device instances.
  Class: sky130_fd_pr__nfet_01v8 instances:   6
  Class: sky130_fd_pr__pfet_01v8_hvt instances:   6
Circuit contains 14 nets.
Contents of circuit 2:  Circuit: 'sky130_fd_sc_hd__a2bb2o_1'
Circuit sky130_fd_sc_hd__a2bb2o_1 contains 12 device instances.
  Class: sky130_fd_pr__nfet_01v8 instances:   6
  Class: sky130_fd_pr__pfet_01v8_hvt instances:   6
Circuit contains 14 nets.

Circuit 1 contains 12 devices, Circuit 2 contains 12 devices.
Circuit 1 contains 14 nets,    Circuit 2 contains 14 nets.


Contents of circuit 1:  Circuit: 'BV_sky130_fd_sc_hd__or4b_4'
Circuit BV_sky130_fd_sc_hd__or4b_4 contains 12 device instances.
  Class: sky130_fd_pr__nfet_01v8 instances:   6
  Class: sky130_fd_pr__pfet_01v8_hvt instances:   6
Circuit contains 14 nets.
Contents of circuit 2:  Circuit: 'sky130_fd_sc_hd__or4b_4'
Circuit sky130_fd_sc_hd__or4b_4 contains 18 device instances.
  Class: sky130_fd_pr__nfet_01v8 instances:   9
  Class: sky130_fd_pr__pfet_01v8_hvt instances:   9
Circuit contains 14 nets.

Circuit was modified by parallel/series device merging.
New circuit summary:

Contents of circuit 1:  Circuit: 'BV_sky130_fd_sc_hd__or4b_4'
Circuit BV_sky130_fd_sc_hd__or4b_4 contains 12 device instances.
  Class: sky130_fd_pr__nfet_01v8 instances:   6
  Class: sky130_fd_pr__pfet_01v8_hvt instances:   6
Circuit contains 14 nets.
Contents of circuit 2:  Circuit: 'sky130_fd_sc_hd__or4b_4'
Circuit sky130_fd_sc_hd__or4b_4 contains 12 device instances.
  Class: sky130_fd_pr__nfet_01v8 instances:   6
  Class: sky130_fd_pr__pfet_01v8_hvt instances:   6
Circuit contains 14 nets.

Circuit 1 contains 12 devices, Circuit 2 contains 12 devices.
Circuit 1 contains 14 nets,    Circuit 2 contains 14 nets.


Contents of circuit 1:  Circuit: 'BV_sky130_fd_sc_hd__clkinv_2'
Circuit BV_sky130_fd_sc_hd__clkinv_2 contains 2 device instances.
  Class: sky130_fd_pr__nfet_01v8 instances:   1
  Class: sky130_fd_pr__pfet_01v8_hvt instances:   1
Circuit contains 6 nets.
Contents of circuit 2:  Circuit: 'sky130_fd_sc_hd__clkinv_2'
Circuit sky130_fd_sc_hd__clkinv_2 contains 5 device instances.
  Class: sky130_fd_pr__nfet_01v8 instances:   2
  Class: sky130_fd_pr__pfet_01v8_hvt instances:   3
Circuit contains 6 nets.

Circuit was modified by parallel/series device merging.
New circuit summary:

Contents of circuit 1:  Circuit: 'BV_sky130_fd_sc_hd__clkinv_2'
Circuit BV_sky130_fd_sc_hd__clkinv_2 contains 2 device instances.
  Class: sky130_fd_pr__nfet_01v8 instances:   1
  Class: sky130_fd_pr__pfet_01v8_hvt instances:   1
Circuit contains 6 nets.
Contents of circuit 2:  Circuit: 'sky130_fd_sc_hd__clkinv_2'
Circuit sky130_fd_sc_hd__clkinv_2 contains 2 device instances.
  Class: sky130_fd_pr__nfet_01v8 instances:   1
  Class: sky130_fd_pr__pfet_01v8_hvt instances:   1
Circuit contains 6 nets.

Circuit 1 contains 2 devices, Circuit 2 contains 2 devices.
Circuit 1 contains 6 nets,    Circuit 2 contains 6 nets.


Contents of circuit 1:  Circuit: 'BV_sky130_fd_sc_hd__clkinv_4'
Circuit BV_sky130_fd_sc_hd__clkinv_4 contains 2 device instances.
  Class: sky130_fd_pr__nfet_01v8 instances:   1
  Class: sky130_fd_pr__pfet_01v8_hvt instances:   1
Circuit contains 6 nets.
Contents of circuit 2:  Circuit: 'sky130_fd_sc_hd__clkinv_4'
Circuit sky130_fd_sc_hd__clkinv_4 contains 10 device instances.
  Class: sky130_fd_pr__nfet_01v8 instances:   4
  Class: sky130_fd_pr__pfet_01v8_hvt instances:   6
Circuit contains 6 nets.

Circuit was modified by parallel/series device merging.
New circuit summary:

Contents of circuit 1:  Circuit: 'BV_sky130_fd_sc_hd__clkinv_4'
Circuit BV_sky130_fd_sc_hd__clkinv_4 contains 2 device instances.
  Class: sky130_fd_pr__nfet_01v8 instances:   1
  Class: sky130_fd_pr__pfet_01v8_hvt instances:   1
Circuit contains 6 nets.
Contents of circuit 2:  Circuit: 'sky130_fd_sc_hd__clkinv_4'
Circuit sky130_fd_sc_hd__clkinv_4 contains 2 device instances.
  Class: sky130_fd_pr__nfet_01v8 instances:   1
  Class: sky130_fd_pr__pfet_01v8_hvt instances:   1
Circuit contains 6 nets.

Circuit 1 contains 2 devices, Circuit 2 contains 2 devices.
Circuit 1 contains 6 nets,    Circuit 2 contains 6 nets.


Contents of circuit 1:  Circuit: 'BV_sky130_fd_sc_hd__o22ai_4'
Circuit BV_sky130_fd_sc_hd__o22ai_4 contains 8 device instances.
  Class: sky130_fd_pr__nfet_01v8 instances:   4
  Class: sky130_fd_pr__pfet_01v8_hvt instances:   4
Circuit contains 12 nets.
Contents of circuit 2:  Circuit: 'sky130_fd_sc_hd__o22ai_4'
Circuit sky130_fd_sc_hd__o22ai_4 contains 32 device instances.
  Class: sky130_fd_pr__nfet_01v8 instances:  16
  Class: sky130_fd_pr__pfet_01v8_hvt instances:  16
Circuit contains 12 nets.

Circuit was modified by parallel/series device merging.
New circuit summary:

Contents of circuit 1:  Circuit: 'BV_sky130_fd_sc_hd__o22ai_4'
Circuit BV_sky130_fd_sc_hd__o22ai_4 contains 8 device instances.
  Class: sky130_fd_pr__nfet_01v8 instances:   4
  Class: sky130_fd_pr__pfet_01v8_hvt instances:   4
Circuit contains 12 nets.
Contents of circuit 2:  Circuit: 'sky130_fd_sc_hd__o22ai_4'
Circuit sky130_fd_sc_hd__o22ai_4 contains 8 device instances.
  Class: sky130_fd_pr__nfet_01v8 instances:   4
  Class: sky130_fd_pr__pfet_01v8_hvt instances:   4
Circuit contains 12 nets.

Circuit 1 contains 8 devices, Circuit 2 contains 8 devices.
Circuit 1 contains 12 nets,    Circuit 2 contains 12 nets.


Contents of circuit 1:  Circuit: 'BV_sky130_fd_sc_hd__inv_6'
Circuit BV_sky130_fd_sc_hd__inv_6 contains 2 device instances.
  Class: sky130_fd_pr__nfet_01v8 instances:   1
  Class: sky130_fd_pr__pfet_01v8_hvt instances:   1
Circuit contains 6 nets.
Contents of circuit 2:  Circuit: 'sky130_fd_sc_hd__inv_6'
Circuit sky130_fd_sc_hd__inv_6 contains 12 device instances.
  Class: sky130_fd_pr__nfet_01v8 instances:   6
  Class: sky130_fd_pr__pfet_01v8_hvt instances:   6
Circuit contains 6 nets.

Circuit was modified by parallel/series device merging.
New circuit summary:

Contents of circuit 1:  Circuit: 'BV_sky130_fd_sc_hd__inv_6'
Circuit BV_sky130_fd_sc_hd__inv_6 contains 2 device instances.
  Class: sky130_fd_pr__nfet_01v8 instances:   1
  Class: sky130_fd_pr__pfet_01v8_hvt instances:   1
Circuit contains 6 nets.
Contents of circuit 2:  Circuit: 'sky130_fd_sc_hd__inv_6'
Circuit sky130_fd_sc_hd__inv_6 contains 2 device instances.
  Class: sky130_fd_pr__nfet_01v8 instances:   1
  Class: sky130_fd_pr__pfet_01v8_hvt instances:   1
Circuit contains 6 nets.

Circuit 1 contains 2 devices, Circuit 2 contains 2 devices.
Circuit 1 contains 6 nets,    Circuit 2 contains 6 nets.


Contents of circuit 1:  Circuit: 'BV_sky130_fd_sc_hd__nand2_4'
Circuit BV_sky130_fd_sc_hd__nand2_4 contains 4 device instances.
  Class: sky130_fd_pr__nfet_01v8 instances:   2
  Class: sky130_fd_pr__pfet_01v8_hvt instances:   2
Circuit contains 8 nets.
Contents of circuit 2:  Circuit: 'sky130_fd_sc_hd__nand2_4'
Circuit sky130_fd_sc_hd__nand2_4 contains 16 device instances.
  Class: sky130_fd_pr__nfet_01v8 instances:   8
  Class: sky130_fd_pr__pfet_01v8_hvt instances:   8
Circuit contains 8 nets.

Circuit was modified by parallel/series device merging.
New circuit summary:

Contents of circuit 1:  Circuit: 'BV_sky130_fd_sc_hd__nand2_4'
Circuit BV_sky130_fd_sc_hd__nand2_4 contains 4 device instances.
  Class: sky130_fd_pr__nfet_01v8 instances:   2
  Class: sky130_fd_pr__pfet_01v8_hvt instances:   2
Circuit contains 8 nets.
Contents of circuit 2:  Circuit: 'sky130_fd_sc_hd__nand2_4'
Circuit sky130_fd_sc_hd__nand2_4 contains 4 device instances.
  Class: sky130_fd_pr__nfet_01v8 instances:   2
  Class: sky130_fd_pr__pfet_01v8_hvt instances:   2
Circuit contains 8 nets.

Circuit 1 contains 4 devices, Circuit 2 contains 4 devices.
Circuit 1 contains 8 nets,    Circuit 2 contains 8 nets.


Contents of circuit 1:  Circuit: 'BV_sky130_fd_sc_hd__o2bb2a_1'
Circuit BV_sky130_fd_sc_hd__o2bb2a_1 contains 12 device instances.
  Class: sky130_fd_pr__nfet_01v8 instances:   6
  Class: sky130_fd_pr__pfet_01v8_hvt instances:   6
Circuit contains 14 nets.
Contents of circuit 2:  Circuit: 'sky130_fd_sc_hd__o2bb2a_1'
Circuit sky130_fd_sc_hd__o2bb2a_1 contains 12 device instances.
  Class: sky130_fd_pr__nfet_01v8 instances:   6
  Class: sky130_fd_pr__pfet_01v8_hvt instances:   6
Circuit contains 14 nets.

Circuit 1 contains 12 devices, Circuit 2 contains 12 devices.
Circuit 1 contains 14 nets,    Circuit 2 contains 14 nets.


Contents of circuit 1:  Circuit: 'BV_sky130_fd_sc_hd__or3_1'
Circuit BV_sky130_fd_sc_hd__or3_1 contains 8 device instances.
  Class: sky130_fd_pr__nfet_01v8 instances:   4
  Class: sky130_fd_pr__pfet_01v8_hvt instances:   4
Circuit contains 11 nets.
Contents of circuit 2:  Circuit: 'sky130_fd_sc_hd__or3_1'
Circuit sky130_fd_sc_hd__or3_1 contains 8 device instances.
  Class: sky130_fd_pr__nfet_01v8 instances:   4
  Class: sky130_fd_pr__pfet_01v8_hvt instances:   4
Circuit contains 11 nets.

Circuit 1 contains 8 devices, Circuit 2 contains 8 devices.
Circuit 1 contains 11 nets,    Circuit 2 contains 11 nets.


Contents of circuit 1:  Circuit: 'BV_sky130_fd_sc_hd__nor4b_1'
Circuit BV_sky130_fd_sc_hd__nor4b_1 contains 10 device instances.
  Class: sky130_fd_pr__nfet_01v8 instances:   5
  Class: sky130_fd_pr__pfet_01v8_hvt instances:   5
Circuit contains 13 nets.
Contents of circuit 2:  Circuit: 'sky130_fd_sc_hd__nor4b_1'
Circuit sky130_fd_sc_hd__nor4b_1 contains 10 device instances.
  Class: sky130_fd_pr__nfet_01v8 instances:   5
  Class: sky130_fd_pr__pfet_01v8_hvt instances:   5
Circuit contains 13 nets.

Circuit 1 contains 10 devices, Circuit 2 contains 10 devices.
Circuit 1 contains 13 nets,    Circuit 2 contains 13 nets.


Contents of circuit 1:  Circuit: 'BV_sky130_fd_sc_hd__xor2_4'
Circuit BV_sky130_fd_sc_hd__xor2_4 contains 10 device instances.
  Class: sky130_fd_pr__nfet_01v8 instances:   5
  Class: sky130_fd_pr__pfet_01v8_hvt instances:   5
Circuit contains 11 nets.
Contents of circuit 2:  Circuit: 'sky130_fd_sc_hd__xor2_4'
Circuit sky130_fd_sc_hd__xor2_4 contains 40 device instances.
  Class: sky130_fd_pr__nfet_01v8 instances:  20
  Class: sky130_fd_pr__pfet_01v8_hvt instances:  20
Circuit contains 11 nets.

Circuit was modified by parallel/series device merging.
New circuit summary:

Contents of circuit 1:  Circuit: 'BV_sky130_fd_sc_hd__xor2_4'
Circuit BV_sky130_fd_sc_hd__xor2_4 contains 10 device instances.
  Class: sky130_fd_pr__nfet_01v8 instances:   5
  Class: sky130_fd_pr__pfet_01v8_hvt instances:   5
Circuit contains 11 nets.
Contents of circuit 2:  Circuit: 'sky130_fd_sc_hd__xor2_4'
Circuit sky130_fd_sc_hd__xor2_4 contains 10 device instances.
  Class: sky130_fd_pr__nfet_01v8 instances:   5
  Class: sky130_fd_pr__pfet_01v8_hvt instances:   5
Circuit contains 11 nets.

Circuit 1 contains 10 devices, Circuit 2 contains 10 devices.
Circuit 1 contains 11 nets,    Circuit 2 contains 11 nets.


Contents of circuit 1:  Circuit: 'BV_sky130_fd_sc_hd__o22a_2'
Circuit BV_sky130_fd_sc_hd__o22a_2 contains 10 device instances.
  Class: sky130_fd_pr__nfet_01v8 instances:   5
  Class: sky130_fd_pr__pfet_01v8_hvt instances:   5
Circuit contains 13 nets.
Contents of circuit 2:  Circuit: 'sky130_fd_sc_hd__o22a_2'
Circuit sky130_fd_sc_hd__o22a_2 contains 12 device instances.
  Class: sky130_fd_pr__nfet_01v8 instances:   6
  Class: sky130_fd_pr__pfet_01v8_hvt instances:   6
Circuit contains 13 nets.

Circuit was modified by parallel/series device merging.
New circuit summary:

Contents of circuit 1:  Circuit: 'BV_sky130_fd_sc_hd__o22a_2'
Circuit BV_sky130_fd_sc_hd__o22a_2 contains 10 device instances.
  Class: sky130_fd_pr__nfet_01v8 instances:   5
  Class: sky130_fd_pr__pfet_01v8_hvt instances:   5
Circuit contains 13 nets.
Contents of circuit 2:  Circuit: 'sky130_fd_sc_hd__o22a_2'
Circuit sky130_fd_sc_hd__o22a_2 contains 10 device instances.
  Class: sky130_fd_pr__nfet_01v8 instances:   5
  Class: sky130_fd_pr__pfet_01v8_hvt instances:   5
Circuit contains 13 nets.

Circuit 1 contains 10 devices, Circuit 2 contains 10 devices.
Circuit 1 contains 13 nets,    Circuit 2 contains 13 nets.


Contents of circuit 1:  Circuit: 'BV_sky130_fd_sc_hd__nor4_1'
Circuit BV_sky130_fd_sc_hd__nor4_1 contains 8 device instances.
  Class: sky130_fd_pr__nfet_01v8 instances:   4
  Class: sky130_fd_pr__pfet_01v8_hvt instances:   4
Circuit contains 12 nets.
Contents of circuit 2:  Circuit: 'sky130_fd_sc_hd__nor4_1'
Circuit sky130_fd_sc_hd__nor4_1 contains 8 device instances.
  Class: sky130_fd_pr__nfet_01v8 instances:   4
  Class: sky130_fd_pr__pfet_01v8_hvt instances:   4
Circuit contains 12 nets.

Circuit 1 contains 8 devices, Circuit 2 contains 8 devices.
Circuit 1 contains 12 nets,    Circuit 2 contains 12 nets.


Contents of circuit 1:  Circuit: 'BV_sky130_fd_sc_hd__o22a_4'
Circuit BV_sky130_fd_sc_hd__o22a_4 contains 10 device instances.
  Class: sky130_fd_pr__nfet_01v8 instances:   5
  Class: sky130_fd_pr__pfet_01v8_hvt instances:   5
Circuit contains 13 nets.
Contents of circuit 2:  Circuit: 'sky130_fd_sc_hd__o22a_4'
Circuit sky130_fd_sc_hd__o22a_4 contains 24 device instances.
  Class: sky130_fd_pr__nfet_01v8 instances:  12
  Class: sky130_fd_pr__pfet_01v8_hvt instances:  12
Circuit contains 13 nets.

Circuit was modified by parallel/series device merging.
New circuit summary:

Contents of circuit 1:  Circuit: 'BV_sky130_fd_sc_hd__o22a_4'
Circuit BV_sky130_fd_sc_hd__o22a_4 contains 10 device instances.
  Class: sky130_fd_pr__nfet_01v8 instances:   5
  Class: sky130_fd_pr__pfet_01v8_hvt instances:   5
Circuit contains 13 nets.
Contents of circuit 2:  Circuit: 'sky130_fd_sc_hd__o22a_4'
Circuit sky130_fd_sc_hd__o22a_4 contains 10 device instances.
  Class: sky130_fd_pr__nfet_01v8 instances:   5
  Class: sky130_fd_pr__pfet_01v8_hvt instances:   5
Circuit contains 13 nets.

Circuit 1 contains 10 devices, Circuit 2 contains 10 devices.
Circuit 1 contains 13 nets,    Circuit 2 contains 13 nets.


Contents of circuit 1:  Circuit: 'BV_sky130_fd_sc_hd__inv_2'
Circuit BV_sky130_fd_sc_hd__inv_2 contains 2 device instances.
  Class: sky130_fd_pr__nfet_01v8 instances:   1
  Class: sky130_fd_pr__pfet_01v8_hvt instances:   1
Circuit contains 6 nets.
Contents of circuit 2:  Circuit: 'sky130_fd_sc_hd__inv_2'
Circuit sky130_fd_sc_hd__inv_2 contains 4 device instances.
  Class: sky130_fd_pr__nfet_01v8 instances:   2
  Class: sky130_fd_pr__pfet_01v8_hvt instances:   2
Circuit contains 6 nets.

Circuit was modified by parallel/series device merging.
New circuit summary:

Contents of circuit 1:  Circuit: 'BV_sky130_fd_sc_hd__inv_2'
Circuit BV_sky130_fd_sc_hd__inv_2 contains 2 device instances.
  Class: sky130_fd_pr__nfet_01v8 instances:   1
  Class: sky130_fd_pr__pfet_01v8_hvt instances:   1
Circuit contains 6 nets.
Contents of circuit 2:  Circuit: 'sky130_fd_sc_hd__inv_2'
Circuit sky130_fd_sc_hd__inv_2 contains 2 device instances.
  Class: sky130_fd_pr__nfet_01v8 instances:   1
  Class: sky130_fd_pr__pfet_01v8_hvt instances:   1
Circuit contains 6 nets.

Circuit 1 contains 2 devices, Circuit 2 contains 2 devices.
Circuit 1 contains 6 nets,    Circuit 2 contains 6 nets.


Contents of circuit 1:  Circuit: 'BV_sky130_fd_sc_hd__nand2_2'
Circuit BV_sky130_fd_sc_hd__nand2_2 contains 4 device instances.
  Class: sky130_fd_pr__nfet_01v8 instances:   2
  Class: sky130_fd_pr__pfet_01v8_hvt instances:   2
Circuit contains 8 nets.
Contents of circuit 2:  Circuit: 'sky130_fd_sc_hd__nand2_2'
Circuit sky130_fd_sc_hd__nand2_2 contains 8 device instances.
  Class: sky130_fd_pr__nfet_01v8 instances:   4
  Class: sky130_fd_pr__pfet_01v8_hvt instances:   4
Circuit contains 8 nets.

Circuit was modified by parallel/series device merging.
New circuit summary:

Contents of circuit 1:  Circuit: 'BV_sky130_fd_sc_hd__nand2_2'
Circuit BV_sky130_fd_sc_hd__nand2_2 contains 4 device instances.
  Class: sky130_fd_pr__nfet_01v8 instances:   2
  Class: sky130_fd_pr__pfet_01v8_hvt instances:   2
Circuit contains 8 nets.
Contents of circuit 2:  Circuit: 'sky130_fd_sc_hd__nand2_2'
Circuit sky130_fd_sc_hd__nand2_2 contains 4 device instances.
  Class: sky130_fd_pr__nfet_01v8 instances:   2
  Class: sky130_fd_pr__pfet_01v8_hvt instances:   2
Circuit contains 8 nets.

Circuit 1 contains 4 devices, Circuit 2 contains 4 devices.
Circuit 1 contains 8 nets,    Circuit 2 contains 8 nets.


Contents of circuit 1:  Circuit: 'BV_sky130_fd_sc_hd__or3_4'
Circuit BV_sky130_fd_sc_hd__or3_4 contains 8 device instances.
  Class: sky130_fd_pr__nfet_01v8 instances:   4
  Class: sky130_fd_pr__pfet_01v8_hvt instances:   4
Circuit contains 11 nets.
Contents of circuit 2:  Circuit: 'sky130_fd_sc_hd__or3_4'
Circuit sky130_fd_sc_hd__or3_4 contains 14 device instances.
  Class: sky130_fd_pr__nfet_01v8 instances:   7
  Class: sky130_fd_pr__pfet_01v8_hvt instances:   7
Circuit contains 11 nets.

Circuit was modified by parallel/series device merging.
New circuit summary:

Contents of circuit 1:  Circuit: 'BV_sky130_fd_sc_hd__or3_4'
Circuit BV_sky130_fd_sc_hd__or3_4 contains 8 device instances.
  Class: sky130_fd_pr__nfet_01v8 instances:   4
  Class: sky130_fd_pr__pfet_01v8_hvt instances:   4
Circuit contains 11 nets.
Contents of circuit 2:  Circuit: 'sky130_fd_sc_hd__or3_4'
Circuit sky130_fd_sc_hd__or3_4 contains 8 device instances.
  Class: sky130_fd_pr__nfet_01v8 instances:   4
  Class: sky130_fd_pr__pfet_01v8_hvt instances:   4
Circuit contains 11 nets.

Circuit 1 contains 8 devices, Circuit 2 contains 8 devices.
Circuit 1 contains 11 nets,    Circuit 2 contains 11 nets.


Contents of circuit 1:  Circuit: 'BV_sky130_fd_sc_hd__and3_2'
Circuit BV_sky130_fd_sc_hd__and3_2 contains 8 device instances.
  Class: sky130_fd_pr__nfet_01v8 instances:   4
  Class: sky130_fd_pr__pfet_01v8_hvt instances:   4
Circuit contains 11 nets.
Contents of circuit 2:  Circuit: 'sky130_fd_sc_hd__and3_2'
Circuit sky130_fd_sc_hd__and3_2 contains 10 device instances.
  Class: sky130_fd_pr__nfet_01v8 instances:   5
  Class: sky130_fd_pr__pfet_01v8_hvt instances:   5
Circuit contains 11 nets.

Circuit was modified by parallel/series device merging.
New circuit summary:

Contents of circuit 1:  Circuit: 'BV_sky130_fd_sc_hd__and3_2'
Circuit BV_sky130_fd_sc_hd__and3_2 contains 8 device instances.
  Class: sky130_fd_pr__nfet_01v8 instances:   4
  Class: sky130_fd_pr__pfet_01v8_hvt instances:   4
Circuit contains 11 nets.
Contents of circuit 2:  Circuit: 'sky130_fd_sc_hd__and3_2'
Circuit sky130_fd_sc_hd__and3_2 contains 8 device instances.
  Class: sky130_fd_pr__nfet_01v8 instances:   4
  Class: sky130_fd_pr__pfet_01v8_hvt instances:   4
Circuit contains 11 nets.

Circuit 1 contains 8 devices, Circuit 2 contains 8 devices.
Circuit 1 contains 11 nets,    Circuit 2 contains 11 nets.


Contents of circuit 1:  Circuit: 'BV_sky130_fd_sc_hd__clkinv_8'
Circuit BV_sky130_fd_sc_hd__clkinv_8 contains 2 device instances.
  Class: sky130_fd_pr__nfet_01v8 instances:   1
  Class: sky130_fd_pr__pfet_01v8_hvt instances:   1
Circuit contains 6 nets.
Contents of circuit 2:  Circuit: 'sky130_fd_sc_hd__clkinv_8'
Circuit sky130_fd_sc_hd__clkinv_8 contains 20 device instances.
  Class: sky130_fd_pr__nfet_01v8 instances:   8
  Class: sky130_fd_pr__pfet_01v8_hvt instances:  12
Circuit contains 6 nets.

Circuit was modified by parallel/series device merging.
New circuit summary:

Contents of circuit 1:  Circuit: 'BV_sky130_fd_sc_hd__clkinv_8'
Circuit BV_sky130_fd_sc_hd__clkinv_8 contains 2 device instances.
  Class: sky130_fd_pr__nfet_01v8 instances:   1
  Class: sky130_fd_pr__pfet_01v8_hvt instances:   1
Circuit contains 6 nets.
Contents of circuit 2:  Circuit: 'sky130_fd_sc_hd__clkinv_8'
Circuit sky130_fd_sc_hd__clkinv_8 contains 2 device instances.
  Class: sky130_fd_pr__nfet_01v8 instances:   1
  Class: sky130_fd_pr__pfet_01v8_hvt instances:   1
Circuit contains 6 nets.

Circuit 1 contains 2 devices, Circuit 2 contains 2 devices.
Circuit 1 contains 6 nets,    Circuit 2 contains 6 nets.


Contents of circuit 1:  Circuit: 'BV_sky130_fd_sc_hd__o21ba_1'
Circuit BV_sky130_fd_sc_hd__o21ba_1 contains 10 device instances.
  Class: sky130_fd_pr__nfet_01v8 instances:   5
  Class: sky130_fd_pr__pfet_01v8_hvt instances:   5
Circuit contains 12 nets.
Contents of circuit 2:  Circuit: 'sky130_fd_sc_hd__o21ba_1'
Circuit sky130_fd_sc_hd__o21ba_1 contains 10 device instances.
  Class: sky130_fd_pr__nfet_01v8 instances:   5
  Class: sky130_fd_pr__pfet_01v8_hvt instances:   5
Circuit contains 12 nets.

Circuit 1 contains 10 devices, Circuit 2 contains 10 devices.
Circuit 1 contains 12 nets,    Circuit 2 contains 12 nets.


Contents of circuit 1:  Circuit: 'BV_sky130_fd_sc_hd__or4bb_4'
Circuit BV_sky130_fd_sc_hd__or4bb_4 contains 14 device instances.
  Class: sky130_fd_pr__nfet_01v8 instances:   7
  Class: sky130_fd_pr__pfet_01v8_hvt instances:   7
Circuit contains 15 nets.
Contents of circuit 2:  Circuit: 'sky130_fd_sc_hd__or4bb_4'
Circuit sky130_fd_sc_hd__or4bb_4 contains 20 device instances.
  Class: sky130_fd_pr__nfet_01v8 instances:  10
  Class: sky130_fd_pr__pfet_01v8_hvt instances:  10
Circuit contains 15 nets.

Circuit was modified by parallel/series device merging.
New circuit summary:

Contents of circuit 1:  Circuit: 'BV_sky130_fd_sc_hd__or4bb_4'
Circuit BV_sky130_fd_sc_hd__or4bb_4 contains 14 device instances.
  Class: sky130_fd_pr__nfet_01v8 instances:   7
  Class: sky130_fd_pr__pfet_01v8_hvt instances:   7
Circuit contains 15 nets.
Contents of circuit 2:  Circuit: 'sky130_fd_sc_hd__or4bb_4'
Circuit sky130_fd_sc_hd__or4bb_4 contains 14 device instances.
  Class: sky130_fd_pr__nfet_01v8 instances:   7
  Class: sky130_fd_pr__pfet_01v8_hvt instances:   7
Circuit contains 15 nets.

Circuit 1 contains 14 devices, Circuit 2 contains 14 devices.
Circuit 1 contains 15 nets,    Circuit 2 contains 15 nets.


Contents of circuit 1:  Circuit: 'BV_sky130_fd_sc_hd__or4_4'
Circuit BV_sky130_fd_sc_hd__or4_4 contains 10 device instances.
  Class: sky130_fd_pr__nfet_01v8 instances:   5
  Class: sky130_fd_pr__pfet_01v8_hvt instances:   5
Circuit contains 13 nets.
Contents of circuit 2:  Circuit: 'sky130_fd_sc_hd__or4_4'
Circuit sky130_fd_sc_hd__or4_4 contains 16 device instances.
  Class: sky130_fd_pr__nfet_01v8 instances:   8
  Class: sky130_fd_pr__pfet_01v8_hvt instances:   8
Circuit contains 13 nets.

Circuit was modified by parallel/series device merging.
New circuit summary:

Contents of circuit 1:  Circuit: 'BV_sky130_fd_sc_hd__or4_4'
Circuit BV_sky130_fd_sc_hd__or4_4 contains 10 device instances.
  Class: sky130_fd_pr__nfet_01v8 instances:   5
  Class: sky130_fd_pr__pfet_01v8_hvt instances:   5
Circuit contains 13 nets.
Contents of circuit 2:  Circuit: 'sky130_fd_sc_hd__or4_4'
Circuit sky130_fd_sc_hd__or4_4 contains 10 device instances.
  Class: sky130_fd_pr__nfet_01v8 instances:   5
  Class: sky130_fd_pr__pfet_01v8_hvt instances:   5
Circuit contains 13 nets.

Circuit 1 contains 10 devices, Circuit 2 contains 10 devices.
Circuit 1 contains 13 nets,    Circuit 2 contains 13 nets.


Contents of circuit 1:  Circuit: 'BV_sky130_fd_sc_hd__dfstp_1'
Circuit BV_sky130_fd_sc_hd__dfstp_1 contains 32 device instances.
  Class: sky130_fd_pr__nfet_01v8 instances:  14
  Class: sky130_fd_pr__pfet_01v8_hvt instances:  16
  Class: sky130_fd_pr__special_nfet_01v8 instances:   2
Circuit contains 24 nets.
Contents of circuit 2:  Circuit: 'sky130_fd_sc_hd__dfstp_1'
Circuit sky130_fd_sc_hd__dfstp_1 contains 32 device instances.
  Class: sky130_fd_pr__nfet_01v8 instances:  14
  Class: sky130_fd_pr__pfet_01v8_hvt instances:  16
  Class: sky130_fd_pr__special_nfet_01v8 instances:   2
Circuit contains 24 nets.

Circuit 1 contains 32 devices, Circuit 2 contains 32 devices.
Circuit 1 contains 24 nets,    Circuit 2 contains 24 nets.


Contents of circuit 1:  Circuit: 'BV_sky130_fd_sc_hd__or3b_4'
Circuit BV_sky130_fd_sc_hd__or3b_4 contains 10 device instances.
  Class: sky130_fd_pr__nfet_01v8 instances:   5
  Class: sky130_fd_pr__pfet_01v8_hvt instances:   5
Circuit contains 12 nets.
Contents of circuit 2:  Circuit: 'sky130_fd_sc_hd__or3b_4'
Circuit sky130_fd_sc_hd__or3b_4 contains 16 device instances.
  Class: sky130_fd_pr__nfet_01v8 instances:   8
  Class: sky130_fd_pr__pfet_01v8_hvt instances:   8
Circuit contains 12 nets.

Circuit was modified by parallel/series device merging.
New circuit summary:

Contents of circuit 1:  Circuit: 'BV_sky130_fd_sc_hd__or3b_4'
Circuit BV_sky130_fd_sc_hd__or3b_4 contains 10 device instances.
  Class: sky130_fd_pr__nfet_01v8 instances:   5
  Class: sky130_fd_pr__pfet_01v8_hvt instances:   5
Circuit contains 12 nets.
Contents of circuit 2:  Circuit: 'sky130_fd_sc_hd__or3b_4'
Circuit sky130_fd_sc_hd__or3b_4 contains 10 device instances.
  Class: sky130_fd_pr__nfet_01v8 instances:   5
  Class: sky130_fd_pr__pfet_01v8_hvt instances:   5
Circuit contains 12 nets.

Circuit 1 contains 10 devices, Circuit 2 contains 10 devices.
Circuit 1 contains 12 nets,    Circuit 2 contains 12 nets.


Contents of circuit 1:  Circuit: 'BV_sky130_fd_sc_hd__inv_8'
Circuit BV_sky130_fd_sc_hd__inv_8 contains 2 device instances.
  Class: sky130_fd_pr__nfet_01v8 instances:   1
  Class: sky130_fd_pr__pfet_01v8_hvt instances:   1
Circuit contains 6 nets.
Contents of circuit 2:  Circuit: 'sky130_fd_sc_hd__inv_8'
Circuit sky130_fd_sc_hd__inv_8 contains 16 device instances.
  Class: sky130_fd_pr__nfet_01v8 instances:   8
  Class: sky130_fd_pr__pfet_01v8_hvt instances:   8
Circuit contains 6 nets.

Circuit was modified by parallel/series device merging.
New circuit summary:

Contents of circuit 1:  Circuit: 'BV_sky130_fd_sc_hd__inv_8'
Circuit BV_sky130_fd_sc_hd__inv_8 contains 2 device instances.
  Class: sky130_fd_pr__nfet_01v8 instances:   1
  Class: sky130_fd_pr__pfet_01v8_hvt instances:   1
Circuit contains 6 nets.
Contents of circuit 2:  Circuit: 'sky130_fd_sc_hd__inv_8'
Circuit sky130_fd_sc_hd__inv_8 contains 2 device instances.
  Class: sky130_fd_pr__nfet_01v8 instances:   1
  Class: sky130_fd_pr__pfet_01v8_hvt instances:   1
Circuit contains 6 nets.

Circuit 1 contains 2 devices, Circuit 2 contains 2 devices.
Circuit 1 contains 6 nets,    Circuit 2 contains 6 nets.


Contents of circuit 1:  Circuit: 'BV_sky130_fd_sc_hd__or4_2'
Circuit BV_sky130_fd_sc_hd__or4_2 contains 10 device instances.
  Class: sky130_fd_pr__nfet_01v8 instances:   5
  Class: sky130_fd_pr__pfet_01v8_hvt instances:   5
Circuit contains 13 nets.
Contents of circuit 2:  Circuit: 'sky130_fd_sc_hd__or4_2'
Circuit sky130_fd_sc_hd__or4_2 contains 12 device instances.
  Class: sky130_fd_pr__nfet_01v8 instances:   6
  Class: sky130_fd_pr__pfet_01v8_hvt instances:   6
Circuit contains 13 nets.

Circuit was modified by parallel/series device merging.
New circuit summary:

Contents of circuit 1:  Circuit: 'BV_sky130_fd_sc_hd__or4_2'
Circuit BV_sky130_fd_sc_hd__or4_2 contains 10 device instances.
  Class: sky130_fd_pr__nfet_01v8 instances:   5
  Class: sky130_fd_pr__pfet_01v8_hvt instances:   5
Circuit contains 13 nets.
Contents of circuit 2:  Circuit: 'sky130_fd_sc_hd__or4_2'
Circuit sky130_fd_sc_hd__or4_2 contains 10 device instances.
  Class: sky130_fd_pr__nfet_01v8 instances:   5
  Class: sky130_fd_pr__pfet_01v8_hvt instances:   5
Circuit contains 13 nets.

Circuit 1 contains 10 devices, Circuit 2 contains 10 devices.
Circuit 1 contains 13 nets,    Circuit 2 contains 13 nets.


Contents of circuit 1:  Circuit: 'BV_sky130_fd_sc_hd__and2b_1'
Circuit BV_sky130_fd_sc_hd__and2b_1 contains 8 device instances.
  Class: sky130_fd_pr__nfet_01v8 instances:   4
  Class: sky130_fd_pr__pfet_01v8_hvt instances:   4
Circuit contains 10 nets.
Contents of circuit 2:  Circuit: 'sky130_fd_sc_hd__and2b_1'
Circuit sky130_fd_sc_hd__and2b_1 contains 8 device instances.
  Class: sky130_fd_pr__nfet_01v8 instances:   4
  Class: sky130_fd_pr__pfet_01v8_hvt instances:   4
Circuit contains 10 nets.

Circuit 1 contains 8 devices, Circuit 2 contains 8 devices.
Circuit 1 contains 10 nets,    Circuit 2 contains 10 nets.


Contents of circuit 1:  Circuit: 'BV_sky130_fd_sc_hd__dfrtp_2'
Circuit BV_sky130_fd_sc_hd__dfrtp_2 contains 28 device instances.
  Class: sky130_fd_pr__nfet_01v8 instances:  10
  Class: sky130_fd_pr__pfet_01v8_hvt instances:  14
  Class: sky130_fd_pr__special_nfet_01v8 instances:   4
Circuit contains 21 nets.
Contents of circuit 2:  Circuit: 'sky130_fd_sc_hd__dfrtp_2'
Circuit sky130_fd_sc_hd__dfrtp_2 contains 30 device instances.
  Class: sky130_fd_pr__nfet_01v8 instances:  11
  Class: sky130_fd_pr__pfet_01v8_hvt instances:  15
  Class: sky130_fd_pr__special_nfet_01v8 instances:   4
Circuit contains 21 nets.

Circuit was modified by parallel/series device merging.
New circuit summary:

Contents of circuit 1:  Circuit: 'BV_sky130_fd_sc_hd__dfrtp_2'
Circuit BV_sky130_fd_sc_hd__dfrtp_2 contains 28 device instances.
  Class: sky130_fd_pr__nfet_01v8 instances:  10
  Class: sky130_fd_pr__pfet_01v8_hvt instances:  14
  Class: sky130_fd_pr__special_nfet_01v8 instances:   4
Circuit contains 21 nets.
Contents of circuit 2:  Circuit: 'sky130_fd_sc_hd__dfrtp_2'
Circuit sky130_fd_sc_hd__dfrtp_2 contains 28 device instances.
  Class: sky130_fd_pr__nfet_01v8 instances:  10
  Class: sky130_fd_pr__pfet_01v8_hvt instances:  14
  Class: sky130_fd_pr__special_nfet_01v8 instances:   4
Circuit contains 21 nets.

Circuit 1 contains 28 devices, Circuit 2 contains 28 devices.
Circuit 1 contains 21 nets,    Circuit 2 contains 21 nets.


Contents of circuit 1:  Circuit: 'BV_sky130_fd_sc_hd__a21bo_1'
Circuit BV_sky130_fd_sc_hd__a21bo_1 contains 10 device instances.
  Class: sky130_fd_pr__nfet_01v8 instances:   5
  Class: sky130_fd_pr__pfet_01v8_hvt instances:   5
Circuit contains 12 nets.
Contents of circuit 2:  Circuit: 'sky130_fd_sc_hd__a21bo_1'
Circuit sky130_fd_sc_hd__a21bo_1 contains 10 device instances.
  Class: sky130_fd_pr__nfet_01v8 instances:   5
  Class: sky130_fd_pr__pfet_01v8_hvt instances:   5
Circuit contains 12 nets.

Circuit 1 contains 10 devices, Circuit 2 contains 10 devices.
Circuit 1 contains 12 nets,    Circuit 2 contains 12 nets.


Contents of circuit 1:  Circuit: 'BV_sky130_fd_sc_hd__o31a_1'
Circuit BV_sky130_fd_sc_hd__o31a_1 contains 10 device instances.
  Class: sky130_fd_pr__nfet_01v8 instances:   5
  Class: sky130_fd_pr__pfet_01v8_hvt instances:   5
Circuit contains 13 nets.
Contents of circuit 2:  Circuit: 'sky130_fd_sc_hd__o31a_1'
Circuit sky130_fd_sc_hd__o31a_1 contains 10 device instances.
  Class: sky130_fd_pr__nfet_01v8 instances:   5
  Class: sky130_fd_pr__pfet_01v8_hvt instances:   5
Circuit contains 13 nets.

Circuit 1 contains 10 devices, Circuit 2 contains 10 devices.
Circuit 1 contains 13 nets,    Circuit 2 contains 13 nets.


Contents of circuit 1:  Circuit: 'BV_sky130_fd_sc_hd__o21ai_1'
Circuit BV_sky130_fd_sc_hd__o21ai_1 contains 6 device instances.
  Class: sky130_fd_pr__nfet_01v8 instances:   3
  Class: sky130_fd_pr__pfet_01v8_hvt instances:   3
Circuit contains 10 nets.
Contents of circuit 2:  Circuit: 'sky130_fd_sc_hd__o21ai_1'
Circuit sky130_fd_sc_hd__o21ai_1 contains 6 device instances.
  Class: sky130_fd_pr__nfet_01v8 instances:   3
  Class: sky130_fd_pr__pfet_01v8_hvt instances:   3
Circuit contains 10 nets.

Circuit 1 contains 6 devices, Circuit 2 contains 6 devices.
Circuit 1 contains 10 nets,    Circuit 2 contains 10 nets.


Contents of circuit 1:  Circuit: 'BV_sky130_fd_sc_hd__o2bb2a_4'
Circuit BV_sky130_fd_sc_hd__o2bb2a_4 contains 12 device instances.
  Class: sky130_fd_pr__nfet_01v8 instances:   6
  Class: sky130_fd_pr__pfet_01v8_hvt instances:   6
Circuit contains 14 nets.
Contents of circuit 2:  Circuit: 'sky130_fd_sc_hd__o2bb2a_4'
Circuit sky130_fd_sc_hd__o2bb2a_4 contains 28 device instances.
  Class: sky130_fd_pr__nfet_01v8 instances:  14
  Class: sky130_fd_pr__pfet_01v8_hvt instances:  14
Circuit contains 14 nets.

Circuit was modified by parallel/series device merging.
New circuit summary:

Contents of circuit 1:  Circuit: 'BV_sky130_fd_sc_hd__o2bb2a_4'
Circuit BV_sky130_fd_sc_hd__o2bb2a_4 contains 12 device instances.
  Class: sky130_fd_pr__nfet_01v8 instances:   6
  Class: sky130_fd_pr__pfet_01v8_hvt instances:   6
Circuit contains 14 nets.
Contents of circuit 2:  Circuit: 'sky130_fd_sc_hd__o2bb2a_4'
Circuit sky130_fd_sc_hd__o2bb2a_4 contains 12 device instances.
  Class: sky130_fd_pr__nfet_01v8 instances:   6
  Class: sky130_fd_pr__pfet_01v8_hvt instances:   6
Circuit contains 14 nets.

Circuit 1 contains 12 devices, Circuit 2 contains 12 devices.
Circuit 1 contains 14 nets,    Circuit 2 contains 14 nets.


Contents of circuit 1:  Circuit: 'BV_sky130_fd_sc_hd__a21boi_2'
Circuit BV_sky130_fd_sc_hd__a21boi_2 contains 10 device instances.
  Class: sky130_fd_pr__nfet_01v8 instances:   6
  Class: sky130_fd_pr__pfet_01v8_hvt instances:   4
Circuit contains 12 nets.
Contents of circuit 2:  Circuit: 'sky130_fd_sc_hd__a21boi_2'
Circuit sky130_fd_sc_hd__a21boi_2 contains 14 device instances.
  Class: sky130_fd_pr__nfet_01v8 instances:   7
  Class: sky130_fd_pr__pfet_01v8_hvt instances:   7
Circuit contains 12 nets.

Circuit was modified by parallel/series device merging.
New circuit summary:

Contents of circuit 1:  Circuit: 'BV_sky130_fd_sc_hd__a21boi_2'
Circuit BV_sky130_fd_sc_hd__a21boi_2 contains 10 device instances.
  Class: sky130_fd_pr__nfet_01v8 instances:   6
  Class: sky130_fd_pr__pfet_01v8_hvt instances:   4
Circuit contains 12 nets.
Contents of circuit 2:  Circuit: 'sky130_fd_sc_hd__a21boi_2'
Circuit sky130_fd_sc_hd__a21boi_2 contains 10 device instances.
  Class: sky130_fd_pr__nfet_01v8 instances:   6
  Class: sky130_fd_pr__pfet_01v8_hvt instances:   4
Circuit contains 12 nets.

Circuit 1 contains 10 devices, Circuit 2 contains 10 devices.
Circuit 1 contains 12 nets,    Circuit 2 contains 12 nets.


Contents of circuit 1:  Circuit: 'BV_sky130_fd_sc_hd__a21oi_1'
Circuit BV_sky130_fd_sc_hd__a21oi_1 contains 6 device instances.
  Class: sky130_fd_pr__nfet_01v8 instances:   3
  Class: sky130_fd_pr__pfet_01v8_hvt instances:   3
Circuit contains 10 nets.
Contents of circuit 2:  Circuit: 'sky130_fd_sc_hd__a21oi_1'
Circuit sky130_fd_sc_hd__a21oi_1 contains 6 device instances.
  Class: sky130_fd_pr__nfet_01v8 instances:   3
  Class: sky130_fd_pr__pfet_01v8_hvt instances:   3
Circuit contains 10 nets.

Circuit 1 contains 6 devices, Circuit 2 contains 6 devices.
Circuit 1 contains 10 nets,    Circuit 2 contains 10 nets.


Contents of circuit 1:  Circuit: 'BV_sky130_fd_sc_hd__nor3_1'
Circuit BV_sky130_fd_sc_hd__nor3_1 contains 6 device instances.
  Class: sky130_fd_pr__nfet_01v8 instances:   3
  Class: sky130_fd_pr__pfet_01v8_hvt instances:   3
Circuit contains 10 nets.
Contents of circuit 2:  Circuit: 'sky130_fd_sc_hd__nor3_1'
Circuit sky130_fd_sc_hd__nor3_1 contains 6 device instances.
  Class: sky130_fd_pr__nfet_01v8 instances:   3
  Class: sky130_fd_pr__pfet_01v8_hvt instances:   3
Circuit contains 10 nets.

Circuit 1 contains 6 devices, Circuit 2 contains 6 devices.
Circuit 1 contains 10 nets,    Circuit 2 contains 10 nets.


Contents of circuit 1:  Circuit: 'BV_sky130_fd_sc_hd__a21boi_1'
Circuit BV_sky130_fd_sc_hd__a21boi_1 contains 8 device instances.
  Class: sky130_fd_pr__nfet_01v8 instances:   4
  Class: sky130_fd_pr__pfet_01v8_hvt instances:   4
Circuit contains 11 nets.
Contents of circuit 2:  Circuit: 'sky130_fd_sc_hd__a21boi_1'
Circuit sky130_fd_sc_hd__a21boi_1 contains 8 device instances.
  Class: sky130_fd_pr__nfet_01v8 instances:   4
  Class: sky130_fd_pr__pfet_01v8_hvt instances:   4
Circuit contains 11 nets.

Circuit 1 contains 8 devices, Circuit 2 contains 8 devices.
Circuit 1 contains 11 nets,    Circuit 2 contains 11 nets.


Contents of circuit 1:  Circuit: 'BV_sky130_fd_sc_hd__xnor2_2'
Circuit BV_sky130_fd_sc_hd__xnor2_2 contains 10 device instances.
  Class: sky130_fd_pr__nfet_01v8 instances:   5
  Class: sky130_fd_pr__pfet_01v8_hvt instances:   5
Circuit contains 11 nets.
Contents of circuit 2:  Circuit: 'sky130_fd_sc_hd__xnor2_2'
Circuit sky130_fd_sc_hd__xnor2_2 contains 20 device instances.
  Class: sky130_fd_pr__nfet_01v8 instances:  10
  Class: sky130_fd_pr__pfet_01v8_hvt instances:  10
Circuit contains 11 nets.

Circuit was modified by parallel/series device merging.
New circuit summary:

Contents of circuit 1:  Circuit: 'BV_sky130_fd_sc_hd__xnor2_2'
Circuit BV_sky130_fd_sc_hd__xnor2_2 contains 10 device instances.
  Class: sky130_fd_pr__nfet_01v8 instances:   5
  Class: sky130_fd_pr__pfet_01v8_hvt instances:   5
Circuit contains 11 nets.
Contents of circuit 2:  Circuit: 'sky130_fd_sc_hd__xnor2_2'
Circuit sky130_fd_sc_hd__xnor2_2 contains 10 device instances.
  Class: sky130_fd_pr__nfet_01v8 instances:   5
  Class: sky130_fd_pr__pfet_01v8_hvt instances:   5
Circuit contains 11 nets.

Circuit 1 contains 10 devices, Circuit 2 contains 10 devices.
Circuit 1 contains 11 nets,    Circuit 2 contains 11 nets.


Contents of circuit 1:  Circuit: 'BV_sky130_fd_sc_hd__a31o_1'
Circuit BV_sky130_fd_sc_hd__a31o_1 contains 10 device instances.
  Class: sky130_fd_pr__nfet_01v8 instances:   5
  Class: sky130_fd_pr__pfet_01v8_hvt instances:   5
Circuit contains 13 nets.
Contents of circuit 2:  Circuit: 'sky130_fd_sc_hd__a31o_1'
Circuit sky130_fd_sc_hd__a31o_1 contains 10 device instances.
  Class: sky130_fd_pr__nfet_01v8 instances:   5
  Class: sky130_fd_pr__pfet_01v8_hvt instances:   5
Circuit contains 13 nets.

Circuit 1 contains 10 devices, Circuit 2 contains 10 devices.
Circuit 1 contains 13 nets,    Circuit 2 contains 13 nets.


Contents of circuit 1:  Circuit: 'BV_sky130_fd_sc_hd__o31ai_1'
Circuit BV_sky130_fd_sc_hd__o31ai_1 contains 8 device instances.
  Class: sky130_fd_pr__nfet_01v8 instances:   4
  Class: sky130_fd_pr__pfet_01v8_hvt instances:   4
Circuit contains 12 nets.
Contents of circuit 2:  Circuit: 'sky130_fd_sc_hd__o31ai_1'
Circuit sky130_fd_sc_hd__o31ai_1 contains 8 device instances.
  Class: sky130_fd_pr__nfet_01v8 instances:   4
  Class: sky130_fd_pr__pfet_01v8_hvt instances:   4
Circuit contains 12 nets.

Circuit 1 contains 8 devices, Circuit 2 contains 8 devices.
Circuit 1 contains 12 nets,    Circuit 2 contains 12 nets.


Contents of circuit 1:  Circuit: 'BV_sky130_fd_sc_hd__o221a_1'
Circuit BV_sky130_fd_sc_hd__o221a_1 contains 12 device instances.
  Class: sky130_fd_pr__nfet_01v8 instances:   6
  Class: sky130_fd_pr__pfet_01v8_hvt instances:   6
Circuit contains 15 nets.
Contents of circuit 2:  Circuit: 'sky130_fd_sc_hd__o221a_1'
Circuit sky130_fd_sc_hd__o221a_1 contains 12 device instances.
  Class: sky130_fd_pr__nfet_01v8 instances:   6
  Class: sky130_fd_pr__pfet_01v8_hvt instances:   6
Circuit contains 15 nets.

Circuit 1 contains 12 devices, Circuit 2 contains 12 devices.
Circuit 1 contains 15 nets,    Circuit 2 contains 15 nets.


Contents of circuit 1:  Circuit: 'BV_sky130_fd_sc_hd__and4bb_2'
Circuit BV_sky130_fd_sc_hd__and4bb_2 contains 14 device instances.
  Class: sky130_fd_pr__nfet_01v8 instances:   7
  Class: sky130_fd_pr__pfet_01v8_hvt instances:   7
Circuit contains 15 nets.
Contents of circuit 2:  Circuit: 'sky130_fd_sc_hd__and4bb_2'
Circuit sky130_fd_sc_hd__and4bb_2 contains 16 device instances.
  Class: sky130_fd_pr__nfet_01v8 instances:   8
  Class: sky130_fd_pr__pfet_01v8_hvt instances:   8
Circuit contains 15 nets.

Circuit was modified by parallel/series device merging.
New circuit summary:

Contents of circuit 1:  Circuit: 'BV_sky130_fd_sc_hd__and4bb_2'
Circuit BV_sky130_fd_sc_hd__and4bb_2 contains 14 device instances.
  Class: sky130_fd_pr__nfet_01v8 instances:   7
  Class: sky130_fd_pr__pfet_01v8_hvt instances:   7
Circuit contains 15 nets.
Contents of circuit 2:  Circuit: 'sky130_fd_sc_hd__and4bb_2'
Circuit sky130_fd_sc_hd__and4bb_2 contains 14 device instances.
  Class: sky130_fd_pr__nfet_01v8 instances:   7
  Class: sky130_fd_pr__pfet_01v8_hvt instances:   7
Circuit contains 15 nets.

Circuit 1 contains 14 devices, Circuit 2 contains 14 devices.
Circuit 1 contains 15 nets,    Circuit 2 contains 15 nets.


Contents of circuit 1:  Circuit: 'BV_sky130_fd_sc_hd__and4bb_1'
Circuit BV_sky130_fd_sc_hd__and4bb_1 contains 14 device instances.
  Class: sky130_fd_pr__nfet_01v8 instances:   7
  Class: sky130_fd_pr__pfet_01v8_hvt instances:   7
Circuit contains 15 nets.
Contents of circuit 2:  Circuit: 'sky130_fd_sc_hd__and4bb_1'
Circuit sky130_fd_sc_hd__and4bb_1 contains 14 device instances.
  Class: sky130_fd_pr__nfet_01v8 instances:   7
  Class: sky130_fd_pr__pfet_01v8_hvt instances:   7
Circuit contains 15 nets.

Circuit 1 contains 14 devices, Circuit 2 contains 14 devices.
Circuit 1 contains 15 nets,    Circuit 2 contains 15 nets.


Contents of circuit 1:  Circuit: 'BV_sky130_fd_sc_hd__or3b_1'
Circuit BV_sky130_fd_sc_hd__or3b_1 contains 10 device instances.
  Class: sky130_fd_pr__nfet_01v8 instances:   5
  Class: sky130_fd_pr__pfet_01v8_hvt instances:   5
Circuit contains 12 nets.
Contents of circuit 2:  Circuit: 'sky130_fd_sc_hd__or3b_1'
Circuit sky130_fd_sc_hd__or3b_1 contains 10 device instances.
  Class: sky130_fd_pr__nfet_01v8 instances:   5
  Class: sky130_fd_pr__pfet_01v8_hvt instances:   5
Circuit contains 12 nets.

Circuit 1 contains 10 devices, Circuit 2 contains 10 devices.
Circuit 1 contains 12 nets,    Circuit 2 contains 12 nets.


Contents of circuit 1:  Circuit: 'BV_sky130_fd_sc_hd__a21oi_2'
Circuit BV_sky130_fd_sc_hd__a21oi_2 contains 8 device instances.
  Class: sky130_fd_pr__nfet_01v8 instances:   5
  Class: sky130_fd_pr__pfet_01v8_hvt instances:   3
Circuit contains 11 nets.
Contents of circuit 2:  Circuit: 'sky130_fd_sc_hd__a21oi_2'
Circuit sky130_fd_sc_hd__a21oi_2 contains 12 device instances.
  Class: sky130_fd_pr__nfet_01v8 instances:   6
  Class: sky130_fd_pr__pfet_01v8_hvt instances:   6
Circuit contains 11 nets.

Circuit was modified by parallel/series device merging.
New circuit summary:

Contents of circuit 1:  Circuit: 'BV_sky130_fd_sc_hd__a21oi_2'
Circuit BV_sky130_fd_sc_hd__a21oi_2 contains 8 device instances.
  Class: sky130_fd_pr__nfet_01v8 instances:   5
  Class: sky130_fd_pr__pfet_01v8_hvt instances:   3
Circuit contains 11 nets.
Contents of circuit 2:  Circuit: 'sky130_fd_sc_hd__a21oi_2'
Circuit sky130_fd_sc_hd__a21oi_2 contains 8 device instances.
  Class: sky130_fd_pr__nfet_01v8 instances:   5
  Class: sky130_fd_pr__pfet_01v8_hvt instances:   3
Circuit contains 11 nets.

Circuit 1 contains 8 devices, Circuit 2 contains 8 devices.
Circuit 1 contains 11 nets,    Circuit 2 contains 11 nets.


Contents of circuit 1:  Circuit: 'BV_sky130_fd_sc_hd__and4bb_4'
Circuit BV_sky130_fd_sc_hd__and4bb_4 contains 14 device instances.
  Class: sky130_fd_pr__nfet_01v8 instances:   7
  Class: sky130_fd_pr__pfet_01v8_hvt instances:   7
Circuit contains 15 nets.
Contents of circuit 2:  Circuit: 'sky130_fd_sc_hd__and4bb_4'
Circuit sky130_fd_sc_hd__and4bb_4 contains 20 device instances.
  Class: sky130_fd_pr__nfet_01v8 instances:  10
  Class: sky130_fd_pr__pfet_01v8_hvt instances:  10
Circuit contains 15 nets.

Circuit was modified by parallel/series device merging.
New circuit summary:

Contents of circuit 1:  Circuit: 'BV_sky130_fd_sc_hd__and4bb_4'
Circuit BV_sky130_fd_sc_hd__and4bb_4 contains 14 device instances.
  Class: sky130_fd_pr__nfet_01v8 instances:   7
  Class: sky130_fd_pr__pfet_01v8_hvt instances:   7
Circuit contains 15 nets.
Contents of circuit 2:  Circuit: 'sky130_fd_sc_hd__and4bb_4'
Circuit sky130_fd_sc_hd__and4bb_4 contains 14 device instances.
  Class: sky130_fd_pr__nfet_01v8 instances:   7
  Class: sky130_fd_pr__pfet_01v8_hvt instances:   7
Circuit contains 15 nets.

Circuit 1 contains 14 devices, Circuit 2 contains 14 devices.
Circuit 1 contains 15 nets,    Circuit 2 contains 15 nets.


Contents of circuit 1:  Circuit: 'BV_sky130_fd_sc_hd__nor2_2'
Circuit BV_sky130_fd_sc_hd__nor2_2 contains 4 device instances.
  Class: sky130_fd_pr__nfet_01v8 instances:   2
  Class: sky130_fd_pr__pfet_01v8_hvt instances:   2
Circuit contains 8 nets.
Contents of circuit 2:  Circuit: 'sky130_fd_sc_hd__nor2_2'
Circuit sky130_fd_sc_hd__nor2_2 contains 8 device instances.
  Class: sky130_fd_pr__nfet_01v8 instances:   4
  Class: sky130_fd_pr__pfet_01v8_hvt instances:   4
Circuit contains 8 nets.

Circuit was modified by parallel/series device merging.
New circuit summary:

Contents of circuit 1:  Circuit: 'BV_sky130_fd_sc_hd__nor2_2'
Circuit BV_sky130_fd_sc_hd__nor2_2 contains 4 device instances.
  Class: sky130_fd_pr__nfet_01v8 instances:   2
  Class: sky130_fd_pr__pfet_01v8_hvt instances:   2
Circuit contains 8 nets.
Contents of circuit 2:  Circuit: 'sky130_fd_sc_hd__nor2_2'
Circuit sky130_fd_sc_hd__nor2_2 contains 4 device instances.
  Class: sky130_fd_pr__nfet_01v8 instances:   2
  Class: sky130_fd_pr__pfet_01v8_hvt instances:   2
Circuit contains 8 nets.

Circuit 1 contains 4 devices, Circuit 2 contains 4 devices.
Circuit 1 contains 8 nets,    Circuit 2 contains 8 nets.


Contents of circuit 1:  Circuit: 'BV_sky130_fd_sc_hd__and3b_1'
Circuit BV_sky130_fd_sc_hd__and3b_1 contains 10 device instances.
  Class: sky130_fd_pr__nfet_01v8 instances:   5
  Class: sky130_fd_pr__pfet_01v8_hvt instances:   5
Circuit contains 12 nets.
Contents of circuit 2:  Circuit: 'sky130_fd_sc_hd__and3b_1'
Circuit sky130_fd_sc_hd__and3b_1 contains 10 device instances.
  Class: sky130_fd_pr__nfet_01v8 instances:   5
  Class: sky130_fd_pr__pfet_01v8_hvt instances:   5
Circuit contains 12 nets.

Circuit 1 contains 10 devices, Circuit 2 contains 10 devices.
Circuit 1 contains 12 nets,    Circuit 2 contains 12 nets.


Contents of circuit 1:  Circuit: 'BV_sky130_fd_sc_hd__xor2_2'
Circuit BV_sky130_fd_sc_hd__xor2_2 contains 10 device instances.
  Class: sky130_fd_pr__nfet_01v8 instances:   5
  Class: sky130_fd_pr__pfet_01v8_hvt instances:   5
Circuit contains 11 nets.
Contents of circuit 2:  Circuit: 'sky130_fd_sc_hd__xor2_2'
Circuit sky130_fd_sc_hd__xor2_2 contains 20 device instances.
  Class: sky130_fd_pr__nfet_01v8 instances:  10
  Class: sky130_fd_pr__pfet_01v8_hvt instances:  10
Circuit contains 11 nets.

Circuit was modified by parallel/series device merging.
New circuit summary:

Contents of circuit 1:  Circuit: 'BV_sky130_fd_sc_hd__xor2_2'
Circuit BV_sky130_fd_sc_hd__xor2_2 contains 10 device instances.
  Class: sky130_fd_pr__nfet_01v8 instances:   5
  Class: sky130_fd_pr__pfet_01v8_hvt instances:   5
Circuit contains 11 nets.
Contents of circuit 2:  Circuit: 'sky130_fd_sc_hd__xor2_2'
Circuit sky130_fd_sc_hd__xor2_2 contains 10 device instances.
  Class: sky130_fd_pr__nfet_01v8 instances:   5
  Class: sky130_fd_pr__pfet_01v8_hvt instances:   5
Circuit contains 11 nets.

Circuit 1 contains 10 devices, Circuit 2 contains 10 devices.
Circuit 1 contains 11 nets,    Circuit 2 contains 11 nets.


Contents of circuit 1:  Circuit: 'BV_sky130_fd_sc_hd__dfxtp_1'
Circuit BV_sky130_fd_sc_hd__dfxtp_1 contains 24 device instances.
  Class: sky130_fd_pr__nfet_01v8 instances:   8
  Class: sky130_fd_pr__pfet_01v8_hvt instances:  12
  Class: sky130_fd_pr__special_nfet_01v8 instances:   4
Circuit contains 18 nets.
Contents of circuit 2:  Circuit: 'sky130_fd_sc_hd__dfxtp_1'
Circuit sky130_fd_sc_hd__dfxtp_1 contains 24 device instances.
  Class: sky130_fd_pr__nfet_01v8 instances:   8
  Class: sky130_fd_pr__pfet_01v8_hvt instances:  12
  Class: sky130_fd_pr__special_nfet_01v8 instances:   4
Circuit contains 18 nets.

Circuit 1 contains 24 devices, Circuit 2 contains 24 devices.
Circuit 1 contains 18 nets,    Circuit 2 contains 18 nets.


Contents of circuit 1:  Circuit: 'BV_sky130_fd_sc_hd__dfrtp_4'
Circuit BV_sky130_fd_sc_hd__dfrtp_4 contains 28 device instances.
  Class: sky130_fd_pr__nfet_01v8 instances:  10
  Class: sky130_fd_pr__pfet_01v8_hvt instances:  14
  Class: sky130_fd_pr__special_nfet_01v8 instances:   4
Circuit contains 21 nets.
Contents of circuit 2:  Circuit: 'sky130_fd_sc_hd__dfrtp_4'
Circuit sky130_fd_sc_hd__dfrtp_4 contains 34 device instances.
  Class: sky130_fd_pr__nfet_01v8 instances:  13
  Class: sky130_fd_pr__pfet_01v8_hvt instances:  17
  Class: sky130_fd_pr__special_nfet_01v8 instances:   4
Circuit contains 21 nets.

Circuit was modified by parallel/series device merging.
New circuit summary:

Contents of circuit 1:  Circuit: 'BV_sky130_fd_sc_hd__dfrtp_4'
Circuit BV_sky130_fd_sc_hd__dfrtp_4 contains 28 device instances.
  Class: sky130_fd_pr__nfet_01v8 instances:  10
  Class: sky130_fd_pr__pfet_01v8_hvt instances:  14
  Class: sky130_fd_pr__special_nfet_01v8 instances:   4
Circuit contains 21 nets.
Contents of circuit 2:  Circuit: 'sky130_fd_sc_hd__dfrtp_4'
Circuit sky130_fd_sc_hd__dfrtp_4 contains 28 device instances.
  Class: sky130_fd_pr__nfet_01v8 instances:  10
  Class: sky130_fd_pr__pfet_01v8_hvt instances:  14
  Class: sky130_fd_pr__special_nfet_01v8 instances:   4
Circuit contains 21 nets.

Circuit 1 contains 28 devices, Circuit 2 contains 28 devices.
Circuit 1 contains 21 nets,    Circuit 2 contains 21 nets.


Contents of circuit 1:  Circuit: 'BV_sky130_fd_sc_hd__buf_12'
Circuit BV_sky130_fd_sc_hd__buf_12 contains 0 device instances.
Circuit contains 0 nets, and 6 disconnected pins.
Contents of circuit 2:  Circuit: 'sky130_fd_sc_hd__buf_12'
Circuit sky130_fd_sc_hd__buf_12 contains 32 device instances.
  Class: sky130_fd_pr__nfet_01v8 instances:  16
  Class: sky130_fd_pr__pfet_01v8_hvt instances:  16
Circuit contains 7 nets.

Circuit BV_sky130_fd_sc_hd__buf_12 contains no devices.

Contents of circuit 1:  Circuit: 'BV_sky130_fd_sc_hd__nand4b_1'
Circuit BV_sky130_fd_sc_hd__nand4b_1 contains 10 device instances.
  Class: sky130_fd_pr__nfet_01v8 instances:   5
  Class: sky130_fd_pr__pfet_01v8_hvt instances:   5
Circuit contains 13 nets.
Contents of circuit 2:  Circuit: 'sky130_fd_sc_hd__nand4b_1'
Circuit sky130_fd_sc_hd__nand4b_1 contains 10 device instances.
  Class: sky130_fd_pr__nfet_01v8 instances:   5
  Class: sky130_fd_pr__pfet_01v8_hvt instances:   5
Circuit contains 13 nets.

Circuit 1 contains 10 devices, Circuit 2 contains 10 devices.
Circuit 1 contains 13 nets,    Circuit 2 contains 13 nets.


Contents of circuit 1:  Circuit: 'BV_sky130_fd_sc_hd__and4b_4'
Circuit BV_sky130_fd_sc_hd__and4b_4 contains 12 device instances.
  Class: sky130_fd_pr__nfet_01v8 instances:   6
  Class: sky130_fd_pr__pfet_01v8_hvt instances:   6
Circuit contains 14 nets.
Contents of circuit 2:  Circuit: 'sky130_fd_sc_hd__and4b_4'
Circuit sky130_fd_sc_hd__and4b_4 contains 18 device instances.
  Class: sky130_fd_pr__nfet_01v8 instances:   9
  Class: sky130_fd_pr__pfet_01v8_hvt instances:   9
Circuit contains 14 nets.

Circuit was modified by parallel/series device merging.
New circuit summary:

Contents of circuit 1:  Circuit: 'BV_sky130_fd_sc_hd__and4b_4'
Circuit BV_sky130_fd_sc_hd__and4b_4 contains 12 device instances.
  Class: sky130_fd_pr__nfet_01v8 instances:   6
  Class: sky130_fd_pr__pfet_01v8_hvt instances:   6
Circuit contains 14 nets.
Contents of circuit 2:  Circuit: 'sky130_fd_sc_hd__and4b_4'
Circuit sky130_fd_sc_hd__and4b_4 contains 12 device instances.
  Class: sky130_fd_pr__nfet_01v8 instances:   6
  Class: sky130_fd_pr__pfet_01v8_hvt instances:   6
Circuit contains 14 nets.

Circuit 1 contains 12 devices, Circuit 2 contains 12 devices.
Circuit 1 contains 14 nets,    Circuit 2 contains 14 nets.


Contents of circuit 1:  Circuit: 'BV_sky130_fd_sc_hd__or2_4'
Circuit BV_sky130_fd_sc_hd__or2_4 contains 6 device instances.
  Class: sky130_fd_pr__nfet_01v8 instances:   3
  Class: sky130_fd_pr__pfet_01v8_hvt instances:   3
Circuit contains 9 nets.
Contents of circuit 2:  Circuit: 'sky130_fd_sc_hd__or2_4'
Circuit sky130_fd_sc_hd__or2_4 contains 12 device instances.
  Class: sky130_fd_pr__nfet_01v8 instances:   6
  Class: sky130_fd_pr__pfet_01v8_hvt instances:   6
Circuit contains 9 nets.

Circuit was modified by parallel/series device merging.
New circuit summary:

Contents of circuit 1:  Circuit: 'BV_sky130_fd_sc_hd__or2_4'
Circuit BV_sky130_fd_sc_hd__or2_4 contains 6 device instances.
  Class: sky130_fd_pr__nfet_01v8 instances:   3
  Class: sky130_fd_pr__pfet_01v8_hvt instances:   3
Circuit contains 9 nets.
Contents of circuit 2:  Circuit: 'sky130_fd_sc_hd__or2_4'
Circuit sky130_fd_sc_hd__or2_4 contains 6 device instances.
  Class: sky130_fd_pr__nfet_01v8 instances:   3
  Class: sky130_fd_pr__pfet_01v8_hvt instances:   3
Circuit contains 9 nets.

Circuit 1 contains 6 devices, Circuit 2 contains 6 devices.
Circuit 1 contains 9 nets,    Circuit 2 contains 9 nets.


Contents of circuit 1:  Circuit: 'BV_sky130_fd_sc_hd__and4b_2'
Circuit BV_sky130_fd_sc_hd__and4b_2 contains 12 device instances.
  Class: sky130_fd_pr__nfet_01v8 instances:   6
  Class: sky130_fd_pr__pfet_01v8_hvt instances:   6
Circuit contains 14 nets.
Contents of circuit 2:  Circuit: 'sky130_fd_sc_hd__and4b_2'
Circuit sky130_fd_sc_hd__and4b_2 contains 14 device instances.
  Class: sky130_fd_pr__nfet_01v8 instances:   7
  Class: sky130_fd_pr__pfet_01v8_hvt instances:   7
Circuit contains 14 nets.

Circuit was modified by parallel/series device merging.
New circuit summary:

Contents of circuit 1:  Circuit: 'BV_sky130_fd_sc_hd__and4b_2'
Circuit BV_sky130_fd_sc_hd__and4b_2 contains 12 device instances.
  Class: sky130_fd_pr__nfet_01v8 instances:   6
  Class: sky130_fd_pr__pfet_01v8_hvt instances:   6
Circuit contains 14 nets.
Contents of circuit 2:  Circuit: 'sky130_fd_sc_hd__and4b_2'
Circuit sky130_fd_sc_hd__and4b_2 contains 12 device instances.
  Class: sky130_fd_pr__nfet_01v8 instances:   6
  Class: sky130_fd_pr__pfet_01v8_hvt instances:   6
Circuit contains 14 nets.

Circuit 1 contains 12 devices, Circuit 2 contains 12 devices.
Circuit 1 contains 14 nets,    Circuit 2 contains 14 nets.


Contents of circuit 1:  Circuit: 'BV_sky130_fd_sc_hd__or2_2'
Circuit BV_sky130_fd_sc_hd__or2_2 contains 6 device instances.
  Class: sky130_fd_pr__nfet_01v8 instances:   3
  Class: sky130_fd_pr__pfet_01v8_hvt instances:   3
Circuit contains 9 nets.
Contents of circuit 2:  Circuit: 'sky130_fd_sc_hd__or2_2'
Circuit sky130_fd_sc_hd__or2_2 contains 8 device instances.
  Class: sky130_fd_pr__nfet_01v8 instances:   4
  Class: sky130_fd_pr__pfet_01v8_hvt instances:   4
Circuit contains 9 nets.

Circuit was modified by parallel/series device merging.
New circuit summary:

Contents of circuit 1:  Circuit: 'BV_sky130_fd_sc_hd__or2_2'
Circuit BV_sky130_fd_sc_hd__or2_2 contains 6 device instances.
  Class: sky130_fd_pr__nfet_01v8 instances:   3
  Class: sky130_fd_pr__pfet_01v8_hvt instances:   3
Circuit contains 9 nets.
Contents of circuit 2:  Circuit: 'sky130_fd_sc_hd__or2_2'
Circuit sky130_fd_sc_hd__or2_2 contains 6 device instances.
  Class: sky130_fd_pr__nfet_01v8 instances:   3
  Class: sky130_fd_pr__pfet_01v8_hvt instances:   3
Circuit contains 9 nets.

Circuit 1 contains 6 devices, Circuit 2 contains 6 devices.
Circuit 1 contains 9 nets,    Circuit 2 contains 9 nets.


Contents of circuit 1:  Circuit: 'BV_sky130_fd_sc_hd__and2b_4'
Circuit BV_sky130_fd_sc_hd__and2b_4 contains 8 device instances.
  Class: sky130_fd_pr__nfet_01v8 instances:   4
  Class: sky130_fd_pr__pfet_01v8_hvt instances:   4
Circuit contains 10 nets.
Contents of circuit 2:  Circuit: 'sky130_fd_sc_hd__and2b_4'
Circuit sky130_fd_sc_hd__and2b_4 contains 14 device instances.
  Class: sky130_fd_pr__nfet_01v8 instances:   7
  Class: sky130_fd_pr__pfet_01v8_hvt instances:   7
Circuit contains 10 nets.

Circuit was modified by parallel/series device merging.
New circuit summary:

Contents of circuit 1:  Circuit: 'BV_sky130_fd_sc_hd__and2b_4'
Circuit BV_sky130_fd_sc_hd__and2b_4 contains 8 device instances.
  Class: sky130_fd_pr__nfet_01v8 instances:   4
  Class: sky130_fd_pr__pfet_01v8_hvt instances:   4
Circuit contains 10 nets.
Contents of circuit 2:  Circuit: 'sky130_fd_sc_hd__and2b_4'
Circuit sky130_fd_sc_hd__and2b_4 contains 8 device instances.
  Class: sky130_fd_pr__nfet_01v8 instances:   4
  Class: sky130_fd_pr__pfet_01v8_hvt instances:   4
Circuit contains 10 nets.

Circuit 1 contains 8 devices, Circuit 2 contains 8 devices.
Circuit 1 contains 10 nets,    Circuit 2 contains 10 nets.


Contents of circuit 1:  Circuit: 'BV_sky130_fd_sc_hd__o32a_1'
Circuit BV_sky130_fd_sc_hd__o32a_1 contains 12 device instances.
  Class: sky130_fd_pr__nfet_01v8 instances:   6
  Class: sky130_fd_pr__pfet_01v8_hvt instances:   6
Circuit contains 15 nets.
Contents of circuit 2:  Circuit: 'sky130_fd_sc_hd__o32a_1'
Circuit sky130_fd_sc_hd__o32a_1 contains 12 device instances.
  Class: sky130_fd_pr__nfet_01v8 instances:   6
  Class: sky130_fd_pr__pfet_01v8_hvt instances:   6
Circuit contains 15 nets.

Circuit 1 contains 12 devices, Circuit 2 contains 12 devices.
Circuit 1 contains 15 nets,    Circuit 2 contains 15 nets.


Contents of circuit 1:  Circuit: 'BV_sky130_fd_sc_hd__o21ai_4'
Circuit BV_sky130_fd_sc_hd__o21ai_4 contains 6 device instances.
  Class: sky130_fd_pr__nfet_01v8 instances:   3
  Class: sky130_fd_pr__pfet_01v8_hvt instances:   3
Circuit contains 10 nets.
Contents of circuit 2:  Circuit: 'sky130_fd_sc_hd__o21ai_4'
Circuit sky130_fd_sc_hd__o21ai_4 contains 24 device instances.
  Class: sky130_fd_pr__nfet_01v8 instances:  12
  Class: sky130_fd_pr__pfet_01v8_hvt instances:  12
Circuit contains 10 nets.

Circuit was modified by parallel/series device merging.
New circuit summary:

Contents of circuit 1:  Circuit: 'BV_sky130_fd_sc_hd__o21ai_4'
Circuit BV_sky130_fd_sc_hd__o21ai_4 contains 6 device instances.
  Class: sky130_fd_pr__nfet_01v8 instances:   3
  Class: sky130_fd_pr__pfet_01v8_hvt instances:   3
Circuit contains 10 nets.
Contents of circuit 2:  Circuit: 'sky130_fd_sc_hd__o21ai_4'
Circuit sky130_fd_sc_hd__o21ai_4 contains 6 device instances.
  Class: sky130_fd_pr__nfet_01v8 instances:   3
  Class: sky130_fd_pr__pfet_01v8_hvt instances:   3
Circuit contains 10 nets.

Circuit 1 contains 6 devices, Circuit 2 contains 6 devices.
Circuit 1 contains 10 nets,    Circuit 2 contains 10 nets.


Contents of circuit 1:  Circuit: 'BV_sky130_fd_sc_hd__and4b_1'
Circuit BV_sky130_fd_sc_hd__and4b_1 contains 12 device instances.
  Class: sky130_fd_pr__nfet_01v8 instances:   6
  Class: sky130_fd_pr__pfet_01v8_hvt instances:   6
Circuit contains 14 nets.
Contents of circuit 2:  Circuit: 'sky130_fd_sc_hd__and4b_1'
Circuit sky130_fd_sc_hd__and4b_1 contains 12 device instances.
  Class: sky130_fd_pr__nfet_01v8 instances:   6
  Class: sky130_fd_pr__pfet_01v8_hvt instances:   6
Circuit contains 14 nets.

Circuit 1 contains 12 devices, Circuit 2 contains 12 devices.
Circuit 1 contains 14 nets,    Circuit 2 contains 14 nets.


Contents of circuit 1:  Circuit: 'BV_sky130_fd_sc_hd__or3_2'
Circuit BV_sky130_fd_sc_hd__or3_2 contains 8 device instances.
  Class: sky130_fd_pr__nfet_01v8 instances:   4
  Class: sky130_fd_pr__pfet_01v8_hvt instances:   4
Circuit contains 11 nets.
Contents of circuit 2:  Circuit: 'sky130_fd_sc_hd__or3_2'
Circuit sky130_fd_sc_hd__or3_2 contains 10 device instances.
  Class: sky130_fd_pr__nfet_01v8 instances:   5
  Class: sky130_fd_pr__pfet_01v8_hvt instances:   5
Circuit contains 11 nets.

Circuit was modified by parallel/series device merging.
New circuit summary:

Contents of circuit 1:  Circuit: 'BV_sky130_fd_sc_hd__or3_2'
Circuit BV_sky130_fd_sc_hd__or3_2 contains 8 device instances.
  Class: sky130_fd_pr__nfet_01v8 instances:   4
  Class: sky130_fd_pr__pfet_01v8_hvt instances:   4
Circuit contains 11 nets.
Contents of circuit 2:  Circuit: 'sky130_fd_sc_hd__or3_2'
Circuit sky130_fd_sc_hd__or3_2 contains 8 device instances.
  Class: sky130_fd_pr__nfet_01v8 instances:   4
  Class: sky130_fd_pr__pfet_01v8_hvt instances:   4
Circuit contains 11 nets.

Circuit 1 contains 8 devices, Circuit 2 contains 8 devices.
Circuit 1 contains 11 nets,    Circuit 2 contains 11 nets.


Contents of circuit 1:  Circuit: 'BV_sky130_fd_sc_hd__and2_2'
Circuit BV_sky130_fd_sc_hd__and2_2 contains 6 device instances.
  Class: sky130_fd_pr__nfet_01v8 instances:   3
  Class: sky130_fd_pr__pfet_01v8_hvt instances:   3
Circuit contains 9 nets.
Contents of circuit 2:  Circuit: 'sky130_fd_sc_hd__and2_2'
Circuit sky130_fd_sc_hd__and2_2 contains 8 device instances.
  Class: sky130_fd_pr__nfet_01v8 instances:   4
  Class: sky130_fd_pr__pfet_01v8_hvt instances:   4
Circuit contains 9 nets.

Circuit was modified by parallel/series device merging.
New circuit summary:

Contents of circuit 1:  Circuit: 'BV_sky130_fd_sc_hd__and2_2'
Circuit BV_sky130_fd_sc_hd__and2_2 contains 6 device instances.
  Class: sky130_fd_pr__nfet_01v8 instances:   3
  Class: sky130_fd_pr__pfet_01v8_hvt instances:   3
Circuit contains 9 nets.
Contents of circuit 2:  Circuit: 'sky130_fd_sc_hd__and2_2'
Circuit sky130_fd_sc_hd__and2_2 contains 6 device instances.
  Class: sky130_fd_pr__nfet_01v8 instances:   3
  Class: sky130_fd_pr__pfet_01v8_hvt instances:   3
Circuit contains 9 nets.

Circuit 1 contains 6 devices, Circuit 2 contains 6 devices.
Circuit 1 contains 9 nets,    Circuit 2 contains 9 nets.


Contents of circuit 1:  Circuit: 'BV_sky130_fd_sc_hd__or4b_1'
Circuit BV_sky130_fd_sc_hd__or4b_1 contains 12 device instances.
  Class: sky130_fd_pr__nfet_01v8 instances:   6
  Class: sky130_fd_pr__pfet_01v8_hvt instances:   6
Circuit contains 14 nets.
Contents of circuit 2:  Circuit: 'sky130_fd_sc_hd__or4b_1'
Circuit sky130_fd_sc_hd__or4b_1 contains 12 device instances.
  Class: sky130_fd_pr__nfet_01v8 instances:   6
  Class: sky130_fd_pr__pfet_01v8_hvt instances:   6
Circuit contains 14 nets.

Circuit 1 contains 12 devices, Circuit 2 contains 12 devices.
Circuit 1 contains 14 nets,    Circuit 2 contains 14 nets.


Contents of circuit 1:  Circuit: 'BV_sky130_fd_sc_hd__nand2b_2'
Circuit BV_sky130_fd_sc_hd__nand2b_2 contains 6 device instances.
  Class: sky130_fd_pr__nfet_01v8 instances:   3
  Class: sky130_fd_pr__pfet_01v8_hvt instances:   3
Circuit contains 9 nets.
Contents of circuit 2:  Circuit: 'sky130_fd_sc_hd__nand2b_2'
Circuit sky130_fd_sc_hd__nand2b_2 contains 10 device instances.
  Class: sky130_fd_pr__nfet_01v8 instances:   5
  Class: sky130_fd_pr__pfet_01v8_hvt instances:   5
Circuit contains 9 nets.

Circuit was modified by parallel/series device merging.
New circuit summary:

Contents of circuit 1:  Circuit: 'BV_sky130_fd_sc_hd__nand2b_2'
Circuit BV_sky130_fd_sc_hd__nand2b_2 contains 6 device instances.
  Class: sky130_fd_pr__nfet_01v8 instances:   3
  Class: sky130_fd_pr__pfet_01v8_hvt instances:   3
Circuit contains 9 nets.
Contents of circuit 2:  Circuit: 'sky130_fd_sc_hd__nand2b_2'
Circuit sky130_fd_sc_hd__nand2b_2 contains 6 device instances.
  Class: sky130_fd_pr__nfet_01v8 instances:   3
  Class: sky130_fd_pr__pfet_01v8_hvt instances:   3
Circuit contains 9 nets.

Circuit 1 contains 6 devices, Circuit 2 contains 6 devices.
Circuit 1 contains 9 nets,    Circuit 2 contains 9 nets.


Contents of circuit 1:  Circuit: 'BV_sky130_fd_sc_hd__nor4b_2'
Circuit BV_sky130_fd_sc_hd__nor4b_2 contains 10 device instances.
  Class: sky130_fd_pr__nfet_01v8 instances:   5
  Class: sky130_fd_pr__pfet_01v8_hvt instances:   5
Circuit contains 13 nets.
Contents of circuit 2:  Circuit: 'sky130_fd_sc_hd__nor4b_2'
Circuit sky130_fd_sc_hd__nor4b_2 contains 18 device instances.
  Class: sky130_fd_pr__nfet_01v8 instances:   9
  Class: sky130_fd_pr__pfet_01v8_hvt instances:   9
Circuit contains 13 nets.

Circuit was modified by parallel/series device merging.
New circuit summary:

Contents of circuit 1:  Circuit: 'BV_sky130_fd_sc_hd__nor4b_2'
Circuit BV_sky130_fd_sc_hd__nor4b_2 contains 10 device instances.
  Class: sky130_fd_pr__nfet_01v8 instances:   5
  Class: sky130_fd_pr__pfet_01v8_hvt instances:   5
Circuit contains 13 nets.
Contents of circuit 2:  Circuit: 'sky130_fd_sc_hd__nor4b_2'
Circuit sky130_fd_sc_hd__nor4b_2 contains 10 device instances.
  Class: sky130_fd_pr__nfet_01v8 instances:   5
  Class: sky130_fd_pr__pfet_01v8_hvt instances:   5
Circuit contains 13 nets.

Circuit 1 contains 10 devices, Circuit 2 contains 10 devices.
Circuit 1 contains 13 nets,    Circuit 2 contains 13 nets.


Contents of circuit 1:  Circuit: 'BV_sky130_fd_sc_hd__a41o_1'
Circuit BV_sky130_fd_sc_hd__a41o_1 contains 12 device instances.
  Class: sky130_fd_pr__nfet_01v8 instances:   6
  Class: sky130_fd_pr__pfet_01v8_hvt instances:   6
Circuit contains 15 nets.
Contents of circuit 2:  Circuit: 'sky130_fd_sc_hd__a41o_1'
Circuit sky130_fd_sc_hd__a41o_1 contains 12 device instances.
  Class: sky130_fd_pr__nfet_01v8 instances:   6
  Class: sky130_fd_pr__pfet_01v8_hvt instances:   6
Circuit contains 15 nets.

Circuit 1 contains 12 devices, Circuit 2 contains 12 devices.
Circuit 1 contains 15 nets,    Circuit 2 contains 15 nets.


Contents of circuit 1:  Circuit: 'BV_sky130_fd_sc_hd__a31oi_2'
Circuit BV_sky130_fd_sc_hd__a31oi_2 contains 8 device instances.
  Class: sky130_fd_pr__nfet_01v8 instances:   4
  Class: sky130_fd_pr__pfet_01v8_hvt instances:   4
Circuit contains 12 nets.
Contents of circuit 2:  Circuit: 'sky130_fd_sc_hd__a31oi_2'
Circuit sky130_fd_sc_hd__a31oi_2 contains 16 device instances.
  Class: sky130_fd_pr__nfet_01v8 instances:   8
  Class: sky130_fd_pr__pfet_01v8_hvt instances:   8
Circuit contains 12 nets.

Circuit was modified by parallel/series device merging.
New circuit summary:

Contents of circuit 1:  Circuit: 'BV_sky130_fd_sc_hd__a31oi_2'
Circuit BV_sky130_fd_sc_hd__a31oi_2 contains 8 device instances.
  Class: sky130_fd_pr__nfet_01v8 instances:   4
  Class: sky130_fd_pr__pfet_01v8_hvt instances:   4
Circuit contains 12 nets.
Contents of circuit 2:  Circuit: 'sky130_fd_sc_hd__a31oi_2'
Circuit sky130_fd_sc_hd__a31oi_2 contains 8 device instances.
  Class: sky130_fd_pr__nfet_01v8 instances:   4
  Class: sky130_fd_pr__pfet_01v8_hvt instances:   4
Circuit contains 12 nets.

Circuit 1 contains 8 devices, Circuit 2 contains 8 devices.
Circuit 1 contains 12 nets,    Circuit 2 contains 12 nets.


Contents of circuit 1:  Circuit: 'BV_sky130_fd_sc_hd__o2bb2a_2'
Circuit BV_sky130_fd_sc_hd__o2bb2a_2 contains 12 device instances.
  Class: sky130_fd_pr__nfet_01v8 instances:   6
  Class: sky130_fd_pr__pfet_01v8_hvt instances:   6
Circuit contains 14 nets.
Contents of circuit 2:  Circuit: 'sky130_fd_sc_hd__o2bb2a_2'
Circuit sky130_fd_sc_hd__o2bb2a_2 contains 14 device instances.
  Class: sky130_fd_pr__nfet_01v8 instances:   7
  Class: sky130_fd_pr__pfet_01v8_hvt instances:   7
Circuit contains 14 nets.

Circuit was modified by parallel/series device merging.
New circuit summary:

Contents of circuit 1:  Circuit: 'BV_sky130_fd_sc_hd__o2bb2a_2'
Circuit BV_sky130_fd_sc_hd__o2bb2a_2 contains 12 device instances.
  Class: sky130_fd_pr__nfet_01v8 instances:   6
  Class: sky130_fd_pr__pfet_01v8_hvt instances:   6
Circuit contains 14 nets.
Contents of circuit 2:  Circuit: 'sky130_fd_sc_hd__o2bb2a_2'
Circuit sky130_fd_sc_hd__o2bb2a_2 contains 12 device instances.
  Class: sky130_fd_pr__nfet_01v8 instances:   6
  Class: sky130_fd_pr__pfet_01v8_hvt instances:   6
Circuit contains 14 nets.

Circuit 1 contains 12 devices, Circuit 2 contains 12 devices.
Circuit 1 contains 14 nets,    Circuit 2 contains 14 nets.


Contents of circuit 1:  Circuit: 'BV_sky130_fd_sc_hd__o211a_1'
Circuit BV_sky130_fd_sc_hd__o211a_1 contains 10 device instances.
  Class: sky130_fd_pr__nfet_01v8 instances:   5
  Class: sky130_fd_pr__pfet_01v8_hvt instances:   5
Circuit contains 13 nets.
Contents of circuit 2:  Circuit: 'sky130_fd_sc_hd__o211a_1'
Circuit sky130_fd_sc_hd__o211a_1 contains 10 device instances.
  Class: sky130_fd_pr__nfet_01v8 instances:   5
  Class: sky130_fd_pr__pfet_01v8_hvt instances:   5
Circuit contains 13 nets.

Circuit 1 contains 10 devices, Circuit 2 contains 10 devices.
Circuit 1 contains 13 nets,    Circuit 2 contains 13 nets.


Contents of circuit 1:  Circuit: 'BV_sky130_fd_sc_hd__a221oi_1'
Circuit BV_sky130_fd_sc_hd__a221oi_1 contains 10 device instances.
  Class: sky130_fd_pr__nfet_01v8 instances:   5
  Class: sky130_fd_pr__pfet_01v8_hvt instances:   5
Circuit contains 14 nets.
Contents of circuit 2:  Circuit: 'sky130_fd_sc_hd__a221oi_1'
Circuit sky130_fd_sc_hd__a221oi_1 contains 10 device instances.
  Class: sky130_fd_pr__nfet_01v8 instances:   5
  Class: sky130_fd_pr__pfet_01v8_hvt instances:   5
Circuit contains 14 nets.

Circuit 1 contains 10 devices, Circuit 2 contains 10 devices.
Circuit 1 contains 14 nets,    Circuit 2 contains 14 nets.


Contents of circuit 1:  Circuit: 'sky130_fd_sc_hd__conb_1'
Circuit sky130_fd_sc_hd__conb_1 contains 2 device instances.
  Class: sky130_fd_pr__res_generic_po instances:   2
Circuit contains 4 nets, and 2 disconnected pins.
Contents of circuit 2:  Circuit: 'sky130_fd_sc_hd__conb_1'
Circuit sky130_fd_sc_hd__conb_1 contains 2 device instances.
  Class: sky130_fd_pr__res_generic_po instances:   2
Circuit contains 4 nets, and 2 disconnected pins.

Circuit 1 contains 2 devices, Circuit 2 contains 2 devices.
Circuit 1 contains 4 nets,    Circuit 2 contains 4 nets.


Contents of circuit 1:  Circuit: 'ucb_top'
Circuit ucb_top contains 42763 device instances.
  Class: BV_sky130_fd_sc_hd__a2111o_1 instances: 117
  Class: BV_sky130_fd_sc_hd__fill_1 instances: 5532
  Class: BV_sky130_fd_sc_hd__fill_2 instances: 3721
  Class: BV_sky130_fd_sc_hd__fill_4 instances: 2591
  Class: BV_sky130_fd_sc_hd__fill_8 instances: 1294
  Class: BV_sky130_fd_sc_hd__tapvpwrvgnd_1 instances: 3920
  Class: BV_sky130_fd_sc_hd__or4b_1 instances:   1
  Class: BV_sky130_fd_sc_hd__or4b_4 instances:   4
  Class: BV_sky130_fd_sc_hd__or2_1 instances:  93
  Class: BV_sky130_fd_sc_hd__or2_2 instances:   1
  Class: BV_sky130_fd_sc_hd__or2_4 instances:   2
  Class: BV_sky130_fd_sc_hd__nor2_1 instances:  78
  Class: BV_sky130_fd_sc_hd__nor2_2 instances:   4
  Class: BV_sky130_fd_sc_hd__nor2_4 instances:  42
  Class: BV_sky130_fd_sc_hd__nor2_8 instances:  21
  Class: BV_sky130_fd_sc_hd__o22ai_4 instances:   9
  Class: BV_sky130_fd_sc_hd__a41o_1 instances:   1
  Class: BV_sky130_fd_sc_hd__nand3_1 instances:  10
  Class: BV_sky130_fd_sc_hd__and4b_1 instances:   2
  Class: BV_sky130_fd_sc_hd__and4b_2 instances:   1
  Class: BV_sky130_fd_sc_hd__o21ai_1 instances:  11
  Class: BV_sky130_fd_sc_hd__o21ai_2 instances:   5
  Class: BV_sky130_fd_sc_hd__and4b_4 instances:   1
  Class: BV_sky130_fd_sc_hd__o21ai_4 instances:   2
  Class: BV_sky130_fd_sc_hd__a31o_1 instances:   5
  Class: BV_sky130_fd_sc_hd__a21o_1 instances:  19
  Class: BV_sky130_fd_sc_hd__a21bo_1 instances:  11
  Class: BV_sky130_ef_sc_hd__decap_40_12 instances: 4022
  Class: BV_sky130_fd_sc_hd__xor2_1 instances:  77
  Class: BV_sky130_fd_sc_hd__xor2_2 instances:   4
  Class: BV_sky130_fd_sc_hd__xor2_4 instances:   2
  Class: BV_sky130_fd_sc_hd__decap_3 instances: 388
  Class: BV_sky130_fd_sc_hd__or3b_1 instances:   2
  Class: BV_sky130_fd_sc_hd__or3b_4 instances:   5
  Class: BV_sky130_fd_sc_hd__and4_1 instances:   4
  Class: BV_sky130_fd_sc_hd__dfxtp_1 instances:  14
  Class: BV_sky130_fd_sc_hd__dlymetal6s2s_1 instances:  36
  Class: BV_sky130_fd_sc_hd__nand2_1 instances:  60
  Class: BV_sky130_fd_sc_hd__nand2_2 instances:   1
  Class: BV_sky130_fd_sc_hd__nand2_4 instances:   2
  Class: BV_sky130_fd_sc_hd__and3b_1 instances:   3
  Class: BV_sky130_fd_sc_hd__nand2b_1 instances:   5
  Class: BV_sky130_fd_sc_hd__nand2b_2 instances:   1
  Class: BV_sky130_fd_sc_hd__dfstp_1 instances:   1
  Class: BV_sky130_fd_sc_hd__dfrtp_1 instances: 2108
  Class: BV_sky130_fd_sc_hd__dfrtp_2 instances:  13
  Class: BV_sky130_fd_sc_hd__dfrtp_4 instances:   1
  Class: BV_sky130_fd_sc_hd__o2bb2a_1 instances:   4
  Class: BV_sky130_fd_sc_hd__o2bb2a_2 instances:   1
  Class: BV_sky130_fd_sc_hd__and3_1 instances: 220
  Class: BV_sky130_fd_sc_hd__o2bb2a_4 instances:   1
  Class: BV_sky130_fd_sc_hd__and3_2 instances:   3
  Class: BV_sky130_fd_sc_hd__o21ba_1 instances:   2
  Class: BV_sky130_fd_sc_hd__and2b_1 instances:   8
  Class: BV_sky130_fd_sc_hd__and2b_4 instances:   1
  Class: BV_sky130_fd_sc_hd__a221o_1 instances: 873
  Class: BV_sky130_fd_sc_hd__dlygate4sd3_1 instances: 2017
  Class: BV_sky130_fd_sc_hd__a211o_1 instances:  16
  Class: BV_sky130_fd_sc_hd__and4bb_1 instances:   4
  Class: BV_sky130_fd_sc_hd__and4bb_2 instances:   1
  Class: BV_sky130_fd_sc_hd__and4bb_4 instances:   1
  Class: BV_sky130_fd_sc_hd__or4bb_4 instances:   4
  Class: BV_sky130_fd_sc_hd__mux2_1 instances: 2030
  Class: BV_sky130_fd_sc_hd__bufinv_16 instances:  28
  Class: BV_sky130_fd_sc_hd__and2_1 instances: 105
  Class: BV_sky130_fd_sc_hd__and2_2 instances:   2
  Class: BV_sky130_fd_sc_hd__and2_4 instances:  67
  Class: BV_sky130_fd_sc_hd__or4_1 instances: 262
  Class: BV_sky130_fd_sc_hd__or4_2 instances:   6
  Class: BV_sky130_fd_sc_hd__or4_4 instances:   3
  Class: BV_sky130_fd_sc_hd__buf_1 instances:  36
  Class: BV_sky130_fd_sc_hd__buf_2 instances: 224
  Class: BV_sky130_fd_sc_hd__nor4_1 instances:  13
  Class: BV_sky130_fd_sc_hd__buf_4 instances: 210
  Class: BV_sky130_fd_sc_hd__buf_6 instances: 153
  Class: BV_sky130_fd_sc_hd__buf_8 instances: 217
  Class: BV_sky130_fd_sc_hd__nor4b_1 instances:   3
  Class: BV_sky130_fd_sc_hd__nor4b_2 instances:   1
  Class: BV_sky130_fd_sc_hd__clkbuf_16 instances:  51
  Class: BV_sky130_fd_sc_hd__o21bai_1 instances:   1
  Class: BV_sky130_fd_sc_hd__a2bb2o_1 instances:   6
  Class: BV_sky130_fd_sc_hd__a2bb2o_2 instances:   3
  Class: BV_sky130_fd_sc_hd__o32a_1 instances:   1
  Class: BV_sky130_fd_sc_hd__a21oi_1 instances:  11
  Class: BV_sky130_fd_sc_hd__a21oi_2 instances:   3
  Class: BV_sky130_fd_sc_hd__o22a_1 instances:  24
  Class: BV_sky130_fd_sc_hd__o22a_2 instances:  11
  Class: BV_sky130_fd_sc_hd__o22a_4 instances:   6
  Class: BV_sky130_fd_sc_hd__inv_2 instances:  18
  Class: BV_sky130_fd_sc_hd__inv_6 instances:  45
  Class: BV_sky130_fd_sc_hd__inv_8 instances:  16
  Class: BV_sky130_fd_sc_hd__buf_12 instances:   3
  Class: BV_sky130_fd_sc_hd__clkinvlp_4 instances:  36
  Class: BV_sky130_fd_sc_hd__clkbuf_1 instances:  13
  Class: BV_sky130_fd_sc_hd__clkbuf_2 instances: 179
  Class: BV_sky130_fd_sc_hd__clkbuf_4 instances: 292
  Class: BV_sky130_fd_sc_hd__clkbuf_8 instances: 378
  Class: BV_sky130_fd_sc_hd__or3_1 instances:  12
  Class: BV_sky130_fd_sc_hd__or3_2 instances:   1
  Class: BV_sky130_fd_sc_hd__xnor2_1 instances:  24
  Class: BV_sky130_fd_sc_hd__xnor2_2 instances:   5
  Class: BV_sky130_fd_sc_hd__or3_4 instances:   2
  Class: BV_sky130_fd_sc_hd__nor3_1 instances:  10
  Class: BV_sky130_fd_sc_hd__o31ai_1 instances:   1
  Class: BV_sky130_fd_sc_hd__o221a_1 instances:   5
  Class: BV_sky130_fd_sc_hd__a31oi_2 instances:   1
  Class: BV_sky130_fd_sc_hd__a32o_1 instances:   1
  Class: BV_sky130_fd_sc_hd__o211a_1 instances:   1
  Class: BV_sky130_fd_sc_hd__a21boi_1 instances:   1
  Class: BV_sky130_fd_sc_hd__a21boi_2 instances:   1
  Class: BV_sky130_fd_sc_hd__a22o_1 instances: 981
  Class: BV_sky130_fd_sc_hd__diode_2 instances: 9768
  Class: BV_sky130_fd_sc_hd__o31a_1 instances:   4
  Class: BV_sky130_fd_sc_hd__nand4b_1 instances:   1
  Class: BV_sky130_fd_sc_hd__o21a_1 instances:  24
  Class: BV_sky130_fd_sc_hd__a221oi_1 instances:   1
  Class: BV_sky130_fd_sc_hd__clkinv_2 instances:  27
  Class: BV_sky130_fd_sc_hd__clkinv_4 instances:  24
  Class: BV_sky130_fd_sc_hd__clkinv_8 instances:   8
Circuit contains 11769 nets.
Contents of circuit 2:  Circuit: 'ucb_top'
Circuit ucb_top contains 42763 device instances.
  Class: sky130_fd_sc_hd__bufinv_16 instances:  28
  Class: sky130_fd_sc_hd__a41o_1 instances:   1
  Class: sky130_fd_sc_hd__a31o_1 instances:   5
  Class: sky130_fd_sc_hd__a21o_1 instances:  19
  Class: sky130_fd_sc_hd__clkbuf_16 instances:  51
  Class: sky130_fd_sc_hd__dfxtp_1 instances:  14
  Class: sky130_fd_sc_hd__o31ai_1 instances:   1
  Class: sky130_fd_sc_hd__or4_1 instances: 262
  Class: sky130_fd_sc_hd__or4_2 instances:   6
  Class: sky130_fd_sc_hd__or4_4 instances:   3
  Class: sky130_fd_sc_hd__a31oi_2 instances:   1
  Class: sky130_fd_sc_hd__buf_1 instances:  36
  Class: sky130_fd_sc_hd__buf_2 instances: 224
  Class: sky130_fd_sc_hd__buf_4 instances: 210
  Class: sky130_fd_sc_hd__buf_6 instances: 153
  Class: sky130_fd_sc_hd__buf_8 instances: 217
  Class: sky130_fd_sc_hd__a2bb2o_1 instances:   6
  Class: sky130_fd_sc_hd__a2bb2o_2 instances:   3
  Class: sky130_fd_sc_hd__and3b_1 instances:   3
  Class: sky130_fd_sc_hd__xor2_1 instances:  77
  Class: sky130_fd_sc_hd__xor2_2 instances:   4
  Class: sky130_fd_sc_hd__xor2_4 instances:   2
  Class: sky130_fd_sc_hd__dfstp_1 instances:   1
  Class: sky130_fd_sc_hd__dfrtp_1 instances: 2108
  Class: sky130_fd_sc_hd__dfrtp_2 instances:  13
  Class: sky130_fd_sc_hd__dfrtp_4 instances:   1
  Class: sky130_fd_sc_hd__and4_1 instances:   4
  Class: sky130_fd_sc_hd__inv_2 instances:  18
  Class: sky130_fd_sc_hd__inv_6 instances:  45
  Class: sky130_fd_sc_hd__inv_8 instances:  16
  Class: sky130_fd_sc_hd__clkbuf_1 instances:  13
  Class: sky130_fd_sc_hd__clkbuf_2 instances: 179
  Class: sky130_fd_sc_hd__clkbuf_4 instances: 292
  Class: sky130_fd_sc_hd__clkbuf_8 instances: 378
  Class: sky130_fd_sc_hd__or3_1 instances:  12
  Class: sky130_fd_sc_hd__or3_2 instances:   1
  Class: sky130_fd_sc_hd__or3_4 instances:   2
  Class: sky130_fd_sc_hd__nand3_1 instances:  10
  Class: sky130_fd_sc_hd__o21ba_1 instances:   2
  Class: sky130_fd_sc_hd__and2b_1 instances:   8
  Class: sky130_fd_sc_hd__and2b_4 instances:   1
  Class: sky130_fd_sc_hd__a21boi_1 instances:   1
  Class: sky130_fd_sc_hd__a21boi_2 instances:   1
  Class: sky130_fd_sc_hd__nand4b_1 instances:   1
  Class: sky130_fd_sc_hd__buf_12 instances:   3
  Class: sky130_fd_sc_hd__a21bo_1 instances:  11
  Class: sky130_fd_sc_hd__a221oi_1 instances:   1
  Class: sky130_fd_sc_hd__clkinv_2 instances:  27
  Class: sky130_fd_sc_hd__clkinv_4 instances:  24
  Class: sky130_fd_sc_hd__clkinv_8 instances:   8
  Class: sky130_fd_sc_hd__and3_1 instances: 220
  Class: sky130_fd_sc_hd__and3_2 instances:   3
  Class: sky130_fd_sc_hd__a2111o_1 instances: 117
  Class: sky130_fd_sc_hd__decap_3 instances: 388
  Class: sky130_fd_sc_hd__dlygate4sd3_1 instances: 2017
  Class: sky130_fd_sc_hd__or2_1 instances:  93
  Class: sky130_fd_sc_hd__or2_2 instances:   1
  Class: sky130_fd_sc_hd__or2_4 instances:   2
  Class: sky130_fd_sc_hd__nand2_1 instances:  60
  Class: sky130_fd_sc_hd__nand2_2 instances:   1
  Class: sky130_fd_sc_hd__nand2_4 instances:   2
  Class: sky130_fd_sc_hd__nor4b_1 instances:   3
  Class: sky130_fd_sc_hd__nor4b_2 instances:   1
  Class: sky130_fd_sc_hd__mux2_1 instances: 2030
  Class: sky130_fd_sc_hd__and2_1 instances: 105
  Class: sky130_fd_sc_hd__and2_2 instances:   2
  Class: sky130_fd_sc_hd__and2_4 instances:  67
  Class: sky130_fd_sc_hd__or4b_1 instances:   1
  Class: sky130_fd_sc_hd__or4b_4 instances:   4
  Class: sky130_fd_sc_hd__clkinvlp_4 instances:  36
  Class: sky130_fd_sc_hd__nor4_1 instances:  13
  Class: sky130_fd_sc_hd__o32a_1 instances:   1
  Class: sky130_fd_sc_hd__o22a_1 instances:  24
  Class: sky130_fd_sc_hd__o22a_2 instances:  11
  Class: sky130_fd_sc_hd__o22a_4 instances:   6
  Class: sky130_fd_sc_hd__xnor2_1 instances:  24
  Class: sky130_fd_sc_hd__xnor2_2 instances:   5
  Class: sky130_fd_sc_hd__o221a_1 instances:   5
  Class: sky130_fd_sc_hd__o21bai_1 instances:   1
  Class: sky130_fd_sc_hd__o211a_1 instances:   1
  Class: sky130_fd_sc_hd__nand2b_1 instances:   5
  Class: sky130_fd_sc_hd__nand2b_2 instances:   1
  Class: sky130_fd_sc_hd__diode_2 instances: 9768
  Class: sky130_fd_sc_hd__a221o_1 instances: 873
  Class: sky130_fd_sc_hd__a211o_1 instances:  16
  Class: sky130_fd_sc_hd__or3b_1 instances:   2
  Class: sky130_fd_sc_hd__or3b_4 instances:   5
  Class: sky130_fd_sc_hd__dlymetal6s2s_1 instances:  36
  Class: sky130_fd_sc_hd__nor3_1 instances:  10
  Class: sky130_fd_sc_hd__or4bb_4 instances:   4
  Class: sky130_fd_sc_hd__a32o_1 instances:   1
  Class: sky130_fd_sc_hd__a22o_1 instances: 981
  Class: sky130_fd_sc_hd__o31a_1 instances:   4
  Class: sky130_fd_sc_hd__o2bb2a_1 instances:   4
  Class: sky130_fd_sc_hd__o2bb2a_2 instances:   1
  Class: sky130_fd_sc_hd__o2bb2a_4 instances:   1
  Class: sky130_fd_sc_hd__o21a_1 instances:  24
  Class: sky130_fd_sc_hd__o22ai_4 instances:   9
  Class: sky130_fd_sc_hd__and4b_1 instances:   2
  Class: sky130_fd_sc_hd__o21ai_1 instances:  11
  Class: sky130_fd_sc_hd__and4b_2 instances:   1
  Class: sky130_fd_sc_hd__tapvpwrvgnd_1 instances: 3920
  Class: sky130_fd_sc_hd__o21ai_2 instances:   5
  Class: sky130_fd_sc_hd__and4b_4 instances:   1
  Class: sky130_fd_sc_hd__o21ai_4 instances:   2
  Class: sky130_fd_sc_hd__a21oi_1 instances:  11
  Class: sky130_fd_sc_hd__a21oi_2 instances:   3
  Class: sky130_fd_sc_hd__fill_1 instances: 5532
  Class: sky130_fd_sc_hd__fill_2 instances: 3721
  Class: sky130_fd_sc_hd__fill_4 instances: 2591
  Class: sky130_fd_sc_hd__fill_8 instances: 1294
  Class: sky130_ef_sc_hd__decap_40_12 instances: 4022
  Class: sky130_fd_sc_hd__and4bb_1 instances:   4
  Class: sky130_fd_sc_hd__and4bb_2 instances:   1
  Class: sky130_fd_sc_hd__and4bb_4 instances:   1
  Class: sky130_fd_sc_hd__nor2_1 instances:  78
  Class: sky130_fd_sc_hd__nor2_2 instances:   4
  Class: sky130_fd_sc_hd__nor2_4 instances:  42
  Class: sky130_fd_sc_hd__nor2_8 instances:  21
Circuit contains 11555 nets.

Circuit was modified by parallel/series device merging.
New circuit summary:

Contents of circuit 1:  Circuit: 'ucb_top'
Circuit ucb_top contains 12754 device instances.
  Class: BV_sky130_fd_sc_hd__a2111o_1 instances: 117
  Class: BV_sky130_fd_sc_hd__fill_1 instances:   1
  Class: BV_sky130_fd_sc_hd__fill_2 instances:   1
  Class: BV_sky130_fd_sc_hd__fill_4 instances:   1
  Class: BV_sky130_fd_sc_hd__fill_8 instances:   1
  Class: BV_sky130_fd_sc_hd__tapvpwrvgnd_1 instances:   1
  Class: BV_sky130_fd_sc_hd__or4b_1 instances:   1
  Class: BV_sky130_fd_sc_hd__or4b_4 instances:   4
  Class: BV_sky130_fd_sc_hd__or2_1 instances:  93
  Class: BV_sky130_fd_sc_hd__or2_2 instances:   1
  Class: BV_sky130_fd_sc_hd__or2_4 instances:   2
  Class: BV_sky130_fd_sc_hd__nor2_1 instances:  78
  Class: BV_sky130_fd_sc_hd__nor2_2 instances:   4
  Class: BV_sky130_fd_sc_hd__nor2_4 instances:  42
  Class: BV_sky130_fd_sc_hd__nor2_8 instances:  21
  Class: BV_sky130_fd_sc_hd__o22ai_4 instances:   9
  Class: BV_sky130_fd_sc_hd__a41o_1 instances:   1
  Class: BV_sky130_fd_sc_hd__nand3_1 instances:  10
  Class: BV_sky130_fd_sc_hd__and4b_1 instances:   2
  Class: BV_sky130_fd_sc_hd__and4b_2 instances:   1
  Class: BV_sky130_fd_sc_hd__o21ai_1 instances:  11
  Class: BV_sky130_fd_sc_hd__o21ai_2 instances:   5
  Class: BV_sky130_fd_sc_hd__and4b_4 instances:   1
  Class: BV_sky130_fd_sc_hd__o21ai_4 instances:   2
  Class: BV_sky130_fd_sc_hd__a31o_1 instances:   5
  Class: BV_sky130_fd_sc_hd__a21o_1 instances:  19
  Class: BV_sky130_fd_sc_hd__a21bo_1 instances:  11
  Class: BV_sky130_ef_sc_hd__decap_40_12 instances:   1
  Class: BV_sky130_fd_sc_hd__xor2_1 instances:  77
  Class: BV_sky130_fd_sc_hd__xor2_2 instances:   4
  Class: BV_sky130_fd_sc_hd__xor2_4 instances:   2
  Class: BV_sky130_fd_sc_hd__decap_3 instances:   1
  Class: BV_sky130_fd_sc_hd__or3b_1 instances:   2
  Class: BV_sky130_fd_sc_hd__or3b_4 instances:   5
  Class: BV_sky130_fd_sc_hd__and4_1 instances:   4
  Class: BV_sky130_fd_sc_hd__dfxtp_1 instances:  14
  Class: BV_sky130_fd_sc_hd__dlymetal6s2s_1 instances:  36
  Class: BV_sky130_fd_sc_hd__nand2_1 instances:  60
  Class: BV_sky130_fd_sc_hd__nand2_2 instances:   1
  Class: BV_sky130_fd_sc_hd__nand2_4 instances:   2
  Class: BV_sky130_fd_sc_hd__and3b_1 instances:   3
  Class: BV_sky130_fd_sc_hd__nand2b_1 instances:   5
  Class: BV_sky130_fd_sc_hd__nand2b_2 instances:   1
  Class: BV_sky130_fd_sc_hd__dfstp_1 instances:   1
  Class: BV_sky130_fd_sc_hd__dfrtp_1 instances: 2108
  Class: BV_sky130_fd_sc_hd__dfrtp_2 instances:  13
  Class: BV_sky130_fd_sc_hd__dfrtp_4 instances:   1
  Class: BV_sky130_fd_sc_hd__o2bb2a_1 instances:   4
  Class: BV_sky130_fd_sc_hd__o2bb2a_2 instances:   1
  Class: BV_sky130_fd_sc_hd__and3_1 instances: 220
  Class: BV_sky130_fd_sc_hd__o2bb2a_4 instances:   1
  Class: BV_sky130_fd_sc_hd__and3_2 instances:   3
  Class: BV_sky130_fd_sc_hd__o21ba_1 instances:   2
  Class: BV_sky130_fd_sc_hd__and2b_1 instances:   8
  Class: BV_sky130_fd_sc_hd__and2b_4 instances:   1
  Class: BV_sky130_fd_sc_hd__a221o_1 instances: 873
  Class: BV_sky130_fd_sc_hd__dlygate4sd3_1 instances: 2017
  Class: BV_sky130_fd_sc_hd__a211o_1 instances:  16
  Class: BV_sky130_fd_sc_hd__and4bb_1 instances:   4
  Class: BV_sky130_fd_sc_hd__and4bb_2 instances:   1
  Class: BV_sky130_fd_sc_hd__and4bb_4 instances:   1
  Class: BV_sky130_fd_sc_hd__or4bb_4 instances:   4
  Class: BV_sky130_fd_sc_hd__mux2_1 instances: 2030
  Class: BV_sky130_fd_sc_hd__bufinv_16 instances:  28
  Class: BV_sky130_fd_sc_hd__and2_1 instances: 105
  Class: BV_sky130_fd_sc_hd__and2_2 instances:   2
  Class: BV_sky130_fd_sc_hd__and2_4 instances:  67
  Class: BV_sky130_fd_sc_hd__or4_1 instances: 262
  Class: BV_sky130_fd_sc_hd__or4_2 instances:   6
  Class: BV_sky130_fd_sc_hd__or4_4 instances:   3
  Class: BV_sky130_fd_sc_hd__buf_1 instances:  36
  Class: BV_sky130_fd_sc_hd__buf_2 instances: 224
  Class: BV_sky130_fd_sc_hd__nor4_1 instances:  13
  Class: BV_sky130_fd_sc_hd__buf_4 instances: 210
  Class: BV_sky130_fd_sc_hd__buf_6 instances: 153
  Class: BV_sky130_fd_sc_hd__buf_8 instances: 217
  Class: BV_sky130_fd_sc_hd__nor4b_1 instances:   3
  Class: BV_sky130_fd_sc_hd__nor4b_2 instances:   1
  Class: BV_sky130_fd_sc_hd__clkbuf_16 instances:  51
  Class: BV_sky130_fd_sc_hd__o21bai_1 instances:   1
  Class: BV_sky130_fd_sc_hd__a2bb2o_1 instances:   6
  Class: BV_sky130_fd_sc_hd__a2bb2o_2 instances:   3
  Class: BV_sky130_fd_sc_hd__o32a_1 instances:   1
  Class: BV_sky130_fd_sc_hd__a21oi_1 instances:  11
  Class: BV_sky130_fd_sc_hd__a21oi_2 instances:   3
  Class: BV_sky130_fd_sc_hd__o22a_1 instances:  24
  Class: BV_sky130_fd_sc_hd__o22a_2 instances:  11
  Class: BV_sky130_fd_sc_hd__o22a_4 instances:   6
  Class: BV_sky130_fd_sc_hd__inv_2 instances:  18
  Class: BV_sky130_fd_sc_hd__inv_6 instances:  45
  Class: BV_sky130_fd_sc_hd__inv_8 instances:  16
  Class: BV_sky130_fd_sc_hd__buf_12 instances:   3
  Class: BV_sky130_fd_sc_hd__clkinvlp_4 instances:  36
  Class: BV_sky130_fd_sc_hd__clkbuf_1 instances:  13
  Class: BV_sky130_fd_sc_hd__clkbuf_2 instances: 179
  Class: BV_sky130_fd_sc_hd__clkbuf_4 instances: 292
  Class: BV_sky130_fd_sc_hd__clkbuf_8 instances: 378
  Class: BV_sky130_fd_sc_hd__or3_1 instances:  12
  Class: BV_sky130_fd_sc_hd__or3_2 instances:   1
  Class: BV_sky130_fd_sc_hd__xnor2_1 instances:  24
  Class: BV_sky130_fd_sc_hd__xnor2_2 instances:   5
  Class: BV_sky130_fd_sc_hd__or3_4 instances:   2
  Class: BV_sky130_fd_sc_hd__nor3_1 instances:  10
  Class: BV_sky130_fd_sc_hd__o31ai_1 instances:   1
  Class: BV_sky130_fd_sc_hd__o221a_1 instances:   5
  Class: BV_sky130_fd_sc_hd__a31oi_2 instances:   1
  Class: BV_sky130_fd_sc_hd__a32o_1 instances:   1
  Class: BV_sky130_fd_sc_hd__o211a_1 instances:   1
  Class: BV_sky130_fd_sc_hd__a21boi_1 instances:   1
  Class: BV_sky130_fd_sc_hd__a21boi_2 instances:   1
  Class: BV_sky130_fd_sc_hd__a22o_1 instances: 981
  Class: BV_sky130_fd_sc_hd__diode_2 instances: 1220
  Class: BV_sky130_fd_sc_hd__o31a_1 instances:   4
  Class: BV_sky130_fd_sc_hd__nand4b_1 instances:   1
  Class: BV_sky130_fd_sc_hd__o21a_1 instances:  24
  Class: BV_sky130_fd_sc_hd__a221oi_1 instances:   1
  Class: BV_sky130_fd_sc_hd__clkinv_2 instances:  27
  Class: BV_sky130_fd_sc_hd__clkinv_4 instances:  24
  Class: BV_sky130_fd_sc_hd__clkinv_8 instances:   8
Circuit contains 11769 nets.
Contents of circuit 2:  Circuit: 'ucb_top'
Circuit ucb_top contains 12754 device instances.
  Class: sky130_fd_sc_hd__bufinv_16 instances:  28
  Class: sky130_fd_sc_hd__a41o_1 instances:   1
  Class: sky130_fd_sc_hd__a31o_1 instances:   5
  Class: sky130_fd_sc_hd__a21o_1 instances:  19
  Class: sky130_fd_sc_hd__clkbuf_16 instances:  51
  Class: sky130_fd_sc_hd__dfxtp_1 instances:  14
  Class: sky130_fd_sc_hd__o31ai_1 instances:   1
  Class: sky130_fd_sc_hd__or4_1 instances: 262
  Class: sky130_fd_sc_hd__or4_2 instances:   6
  Class: sky130_fd_sc_hd__or4_4 instances:   3
  Class: sky130_fd_sc_hd__a31oi_2 instances:   1
  Class: sky130_fd_sc_hd__buf_1 instances:  36
  Class: sky130_fd_sc_hd__buf_2 instances: 224
  Class: sky130_fd_sc_hd__buf_4 instances: 210
  Class: sky130_fd_sc_hd__buf_6 instances: 153
  Class: sky130_fd_sc_hd__buf_8 instances: 217
  Class: sky130_fd_sc_hd__a2bb2o_1 instances:   6
  Class: sky130_fd_sc_hd__a2bb2o_2 instances:   3
  Class: sky130_fd_sc_hd__and3b_1 instances:   3
  Class: sky130_fd_sc_hd__xor2_1 instances:  77
  Class: sky130_fd_sc_hd__xor2_2 instances:   4
  Class: sky130_fd_sc_hd__xor2_4 instances:   2
  Class: sky130_fd_sc_hd__dfstp_1 instances:   1
  Class: sky130_fd_sc_hd__dfrtp_1 instances: 2108
  Class: sky130_fd_sc_hd__dfrtp_2 instances:  13
  Class: sky130_fd_sc_hd__dfrtp_4 instances:   1
  Class: sky130_fd_sc_hd__and4_1 instances:   4
  Class: sky130_fd_sc_hd__inv_2 instances:  18
  Class: sky130_fd_sc_hd__inv_6 instances:  45
  Class: sky130_fd_sc_hd__inv_8 instances:  16
  Class: sky130_fd_sc_hd__clkbuf_1 instances:  13
  Class: sky130_fd_sc_hd__clkbuf_2 instances: 179
  Class: sky130_fd_sc_hd__clkbuf_4 instances: 292
  Class: sky130_fd_sc_hd__clkbuf_8 instances: 378
  Class: sky130_fd_sc_hd__or3_1 instances:  12
  Class: sky130_fd_sc_hd__or3_2 instances:   1
  Class: sky130_fd_sc_hd__or3_4 instances:   2
  Class: sky130_fd_sc_hd__nand3_1 instances:  10
  Class: sky130_fd_sc_hd__o21ba_1 instances:   2
  Class: sky130_fd_sc_hd__and2b_1 instances:   8
  Class: sky130_fd_sc_hd__and2b_4 instances:   1
  Class: sky130_fd_sc_hd__a21boi_1 instances:   1
  Class: sky130_fd_sc_hd__a21boi_2 instances:   1
  Class: sky130_fd_sc_hd__nand4b_1 instances:   1
  Class: sky130_fd_sc_hd__buf_12 instances:   3
  Class: sky130_fd_sc_hd__a21bo_1 instances:  11
  Class: sky130_fd_sc_hd__a221oi_1 instances:   1
  Class: sky130_fd_sc_hd__clkinv_2 instances:  27
  Class: sky130_fd_sc_hd__clkinv_4 instances:  24
  Class: sky130_fd_sc_hd__clkinv_8 instances:   8
  Class: sky130_fd_sc_hd__and3_1 instances: 220
  Class: sky130_fd_sc_hd__and3_2 instances:   3
  Class: sky130_fd_sc_hd__a2111o_1 instances: 117
  Class: sky130_fd_sc_hd__decap_3 instances:   1
  Class: sky130_fd_sc_hd__dlygate4sd3_1 instances: 2017
  Class: sky130_fd_sc_hd__or2_1 instances:  93
  Class: sky130_fd_sc_hd__or2_2 instances:   1
  Class: sky130_fd_sc_hd__or2_4 instances:   2
  Class: sky130_fd_sc_hd__nand2_1 instances:  60
  Class: sky130_fd_sc_hd__nand2_2 instances:   1
  Class: sky130_fd_sc_hd__nand2_4 instances:   2
  Class: sky130_fd_sc_hd__nor4b_1 instances:   3
  Class: sky130_fd_sc_hd__nor4b_2 instances:   1
  Class: sky130_fd_sc_hd__mux2_1 instances: 2030
  Class: sky130_fd_sc_hd__and2_1 instances: 105
  Class: sky130_fd_sc_hd__and2_2 instances:   2
  Class: sky130_fd_sc_hd__and2_4 instances:  67
  Class: sky130_fd_sc_hd__or4b_1 instances:   1
  Class: sky130_fd_sc_hd__or4b_4 instances:   4
  Class: sky130_fd_sc_hd__clkinvlp_4 instances:  36
  Class: sky130_fd_sc_hd__nor4_1 instances:  13
  Class: sky130_fd_sc_hd__o32a_1 instances:   1
  Class: sky130_fd_sc_hd__o22a_1 instances:  24
  Class: sky130_fd_sc_hd__o22a_2 instances:  11
  Class: sky130_fd_sc_hd__o22a_4 instances:   6
  Class: sky130_fd_sc_hd__xnor2_1 instances:  24
  Class: sky130_fd_sc_hd__xnor2_2 instances:   5
  Class: sky130_fd_sc_hd__o221a_1 instances:   5
  Class: sky130_fd_sc_hd__o21bai_1 instances:   1
  Class: sky130_fd_sc_hd__o211a_1 instances:   1
  Class: sky130_fd_sc_hd__nand2b_1 instances:   5
  Class: sky130_fd_sc_hd__nand2b_2 instances:   1
  Class: sky130_fd_sc_hd__diode_2 instances: 1220
  Class: sky130_fd_sc_hd__a221o_1 instances: 873
  Class: sky130_fd_sc_hd__a211o_1 instances:  16
  Class: sky130_fd_sc_hd__or3b_1 instances:   2
  Class: sky130_fd_sc_hd__or3b_4 instances:   5
  Class: sky130_fd_sc_hd__dlymetal6s2s_1 instances:  36
  Class: sky130_fd_sc_hd__nor3_1 instances:  10
  Class: sky130_fd_sc_hd__or4bb_4 instances:   4
  Class: sky130_fd_sc_hd__a32o_1 instances:   1
  Class: sky130_fd_sc_hd__a22o_1 instances: 981
  Class: sky130_fd_sc_hd__o31a_1 instances:   4
  Class: sky130_fd_sc_hd__o2bb2a_1 instances:   4
  Class: sky130_fd_sc_hd__o2bb2a_2 instances:   1
  Class: sky130_fd_sc_hd__o2bb2a_4 instances:   1
  Class: sky130_fd_sc_hd__o21a_1 instances:  24
  Class: sky130_fd_sc_hd__o22ai_4 instances:   9
  Class: sky130_fd_sc_hd__and4b_1 instances:   2
  Class: sky130_fd_sc_hd__o21ai_1 instances:  11
  Class: sky130_fd_sc_hd__and4b_2 instances:   1
  Class: sky130_fd_sc_hd__tapvpwrvgnd_1 instances:   1
  Class: sky130_fd_sc_hd__o21ai_2 instances:   5
  Class: sky130_fd_sc_hd__and4b_4 instances:   1
  Class: sky130_fd_sc_hd__o21ai_4 instances:   2
  Class: sky130_fd_sc_hd__a21oi_1 instances:  11
  Class: sky130_fd_sc_hd__a21oi_2 instances:   3
  Class: sky130_fd_sc_hd__fill_1 instances:   1
  Class: sky130_fd_sc_hd__fill_2 instances:   1
  Class: sky130_fd_sc_hd__fill_4 instances:   1
  Class: sky130_fd_sc_hd__fill_8 instances:   1
  Class: sky130_ef_sc_hd__decap_40_12 instances:   1
  Class: sky130_fd_sc_hd__and4bb_1 instances:   4
  Class: sky130_fd_sc_hd__and4bb_2 instances:   1
  Class: sky130_fd_sc_hd__and4bb_4 instances:   1
  Class: sky130_fd_sc_hd__nor2_1 instances:  78
  Class: sky130_fd_sc_hd__nor2_2 instances:   4
  Class: sky130_fd_sc_hd__nor2_4 instances:  42
  Class: sky130_fd_sc_hd__nor2_8 instances:  21
Circuit contains 11555 nets.

Circuit 1 contains 12754 devices, Circuit 2 contains 12754 devices.
Circuit 1 contains 11769 nets,    Circuit 2 contains 11555 nets. *** MISMATCH ***

  Continuing with black-boxed subcircuits ucb_top ucb_top

Will not flatten instances of ucb_top in file /tmp/tmpvbyuj49e/repo/precheck_results/12_MAY_2026___09_35_03/tmp/ext/user_project_wrapper.gds.spice
Will not flatten instances of ucb_top in file /opt/pdks/sky130A/libs.ref/sky130_fd_sc_hd/spice/sky130_ef_sc_hd__decap_60_12.spice
Pins io_oeb[36] and io_oeb[37] are shorted in cell user_project_wrapper (1)
Pins io_oeb[35] and io_oeb[37] are shorted in cell user_project_wrapper (1)
Pins io_oeb[34] and io_oeb[37] are shorted in cell user_project_wrapper (1)
Pins io_oeb[33] and io_oeb[37] are shorted in cell user_project_wrapper (1)
Pins io_oeb[32] and io_oeb[37] are shorted in cell user_project_wrapper (1)
Pins io_oeb[31] and io_oeb[37] are shorted in cell user_project_wrapper (1)
Pins io_oeb[30] and io_oeb[37] are shorted in cell user_project_wrapper (1)
Pins io_oeb[29] and io_oeb[37] are shorted in cell user_project_wrapper (1)
Pins io_oeb[28] and io_oeb[37] are shorted in cell user_project_wrapper (1)
Pins io_oeb[27] and io_oeb[37] are shorted in cell user_project_wrapper (1)
Pins io_oeb[26] and io_oeb[37] are shorted in cell user_project_wrapper (1)
Pins io_oeb[25] and io_oeb[37] are shorted in cell user_project_wrapper (1)
Pins io_oeb[24] and io_oeb[37] are shorted in cell user_project_wrapper (1)
Pins io_oeb[23] and io_oeb[37] are shorted in cell user_project_wrapper (1)
Pins io_oeb[22] and io_oeb[37] are shorted in cell user_project_wrapper (1)
Pins io_oeb[21] and io_oeb[37] are shorted in cell user_project_wrapper (1)
Pins io_oeb[20] and io_oeb[37] are shorted in cell user_project_wrapper (1)
Pins io_oeb[19] and io_oeb[37] are shorted in cell user_project_wrapper (1)
Pins io_oeb[18] and io_oeb[37] are shorted in cell user_project_wrapper (1)
Pins io_oeb[17] and io_oeb[37] are shorted in cell user_project_wrapper (1)
Pins io_oeb[16] and io_oeb[37] are shorted in cell user_project_wrapper (1)
Pins io_oeb[15] and io_oeb[37] are shorted in cell user_project_wrapper (1)
Pins io_oeb[14] and io_oeb[37] are shorted in cell user_project_wrapper (1)
Pins io_oeb[13] and io_oeb[37] are shorted in cell user_project_wrapper (1)
Pins io_oeb[12] and io_oeb[37] are shorted in cell user_project_wrapper (1)
Pins io_oeb[11] and io_oeb[37] are shorted in cell user_project_wrapper (1)
Pins io_oeb[10] and io_oeb[37] are shorted in cell user_project_wrapper (1)
Pins io_oeb[9] and io_oeb[37] are shorted in cell user_project_wrapper (1)
Pins io_oeb[8] and io_oeb[37] are shorted in cell user_project_wrapper (1)
Pins io_oeb[7] and io_oeb[37] are shorted in cell user_project_wrapper (1)
Pins io_oeb[6] and wbs_ack_o are shorted in cell user_project_wrapper (1)
Pins io_oeb[5] and wbs_ack_o are shorted in cell user_project_wrapper (1)
Pins io_oeb[4] and wbs_ack_o are shorted in cell user_project_wrapper (1)
Pins io_oeb[3] and wbs_ack_o are shorted in cell user_project_wrapper (1)
Pins io_oeb[2] and wbs_ack_o are shorted in cell user_project_wrapper (1)
Pins io_oeb[1] and wbs_ack_o are shorted in cell user_project_wrapper (1)
Pins io_oeb[0] and wbs_ack_o are shorted in cell user_project_wrapper (1)
Pins io_out[37] and wbs_ack_o are shorted in cell user_project_wrapper (1)
Pins io_out[36] and wbs_ack_o are shorted in cell user_project_wrapper (1)
Pins io_out[35] and wbs_ack_o are shorted in cell user_project_wrapper (1)
Pins io_out[34] and wbs_ack_o are shorted in cell user_project_wrapper (1)
Pins io_out[33] and wbs_ack_o are shorted in cell user_project_wrapper (1)
Pins io_out[32] and wbs_ack_o are shorted in cell user_project_wrapper (1)
Pins io_out[31] and wbs_ack_o are shorted in cell user_project_wrapper (1)
Pins io_out[30] and wbs_ack_o are shorted in cell user_project_wrapper (1)
Pins io_out[29] and wbs_ack_o are shorted in cell user_project_wrapper (1)
Pins io_out[28] and wbs_ack_o are shorted in cell user_project_wrapper (1)
Pins io_out[27] and wbs_ack_o are shorted in cell user_project_wrapper (1)
Pins io_out[26] and wbs_ack_o are shorted in cell user_project_wrapper (1)
Pins io_out[25] and wbs_ack_o are shorted in cell user_project_wrapper (1)
Pins io_out[24] and wbs_ack_o are shorted in cell user_project_wrapper (1)
Pins io_out[23] and wbs_ack_o are shorted in cell user_project_wrapper (1)
Pins io_out[22] and wbs_ack_o are shorted in cell user_project_wrapper (1)
Pins io_out[21] and wbs_ack_o are shorted in cell user_project_wrapper (1)
Pins io_out[20] and wbs_ack_o are shorted in cell user_project_wrapper (1)
Pins io_out[19] and wbs_ack_o are shorted in cell user_project_wrapper (1)
Pins io_out[18] and wbs_ack_o are shorted in cell user_project_wrapper (1)
Pins io_out[17] and wbs_ack_o are shorted in cell user_project_wrapper (1)
Pins io_out[16] and wbs_ack_o are shorted in cell user_project_wrapper (1)
Pins io_out[15] and wbs_ack_o are shorted in cell user_project_wrapper (1)
Pins io_out[14] and wbs_ack_o are shorted in cell user_project_wrapper (1)
Pins io_out[13] and wbs_ack_o are shorted in cell user_project_wrapper (1)
Pins io_out[12] and wbs_ack_o are shorted in cell user_project_wrapper (1)
Pins io_out[11] and wbs_ack_o are shorted in cell user_project_wrapper (1)
Pins io_out[10] and wbs_ack_o are shorted in cell user_project_wrapper (1)
Pins io_out[9] and wbs_ack_o are shorted in cell user_project_wrapper (1)
Pins io_out[8] and wbs_ack_o are shorted in cell user_project_wrapper (1)
Pins io_out[7] and wbs_ack_o are shorted in cell user_project_wrapper (1)
Pins la_data_out[127] and wbs_ack_o are shorted in cell user_project_wrapper (1)
Pins la_data_out[126] and wbs_ack_o are shorted in cell user_project_wrapper (1)
Pins la_data_out[125] and wbs_ack_o are shorted in cell user_project_wrapper (1)
Pins la_data_out[124] and wbs_ack_o are shorted in cell user_project_wrapper (1)
Pins la_data_out[123] and wbs_ack_o are shorted in cell user_project_wrapper (1)
Pins la_data_out[122] and wbs_ack_o are shorted in cell user_project_wrapper (1)
Pins la_data_out[121] and wbs_ack_o are shorted in cell user_project_wrapper (1)
Pins la_data_out[120] and wbs_ack_o are shorted in cell user_project_wrapper (1)
Pins la_data_out[119] and wbs_ack_o are shorted in cell user_project_wrapper (1)
Pins la_data_out[118] and wbs_ack_o are shorted in cell user_project_wrapper (1)
Pins la_data_out[117] and wbs_ack_o are shorted in cell user_project_wrapper (1)
Pins la_data_out[116] and wbs_ack_o are shorted in cell user_project_wrapper (1)
Pins la_data_out[115] and wbs_ack_o are shorted in cell user_project_wrapper (1)
Pins la_data_out[114] and wbs_ack_o are shorted in cell user_project_wrapper (1)
Pins la_data_out[113] and wbs_ack_o are shorted in cell user_project_wrapper (1)
Pins la_data_out[112] and wbs_ack_o are shorted in cell user_project_wrapper (1)
Pins la_data_out[111] and wbs_ack_o are shorted in cell user_project_wrapper (1)
Pins la_data_out[110] and wbs_ack_o are shorted in cell user_project_wrapper (1)
Pins la_data_out[109] and wbs_ack_o are shorted in cell user_project_wrapper (1)
Pins la_data_out[108] and wbs_ack_o are shorted in cell user_project_wrapper (1)
Pins la_data_out[107] and wbs_ack_o are shorted in cell user_project_wrapper (1)
Pins la_data_out[106] and wbs_ack_o are shorted in cell user_project_wrapper (1)
Pins la_data_out[105] and wbs_ack_o are shorted in cell user_project_wrapper (1)
Pins la_data_out[104] and wbs_ack_o are shorted in cell user_project_wrapper (1)
Pins la_data_out[103] and wbs_ack_o are shorted in cell user_project_wrapper (1)
Pins la_data_out[102] and wbs_ack_o are shorted in cell user_project_wrapper (1)
Pins la_data_out[101] and wbs_ack_o are shorted in cell user_project_wrapper (1)
Pins la_data_out[100] and wbs_ack_o are shorted in cell user_project_wrapper (1)
Pins la_data_out[99] and wbs_ack_o are shorted in cell user_project_wrapper (1)
Pins la_data_out[98] and wbs_ack_o are shorted in cell user_project_wrapper (1)
Pins la_data_out[97] and wbs_ack_o are shorted in cell user_project_wrapper (1)
Pins la_data_out[96] and wbs_ack_o are shorted in cell user_project_wrapper (1)
Pins la_data_out[95] and wbs_ack_o are shorted in cell user_project_wrapper (1)
Pins la_data_out[94] and wbs_ack_o are shorted in cell user_project_wrapper (1)
Pins la_data_out[93] and wbs_ack_o are shorted in cell user_project_wrapper (1)
Pins la_data_out[92] and wbs_ack_o are shorted in cell user_project_wrapper (1)
Pins la_data_out[91] and wbs_ack_o are shorted in cell user_project_wrapper (1)
Pins la_data_out[90] and wbs_ack_o are shorted in cell user_project_wrapper (1)
Pins la_data_out[89] and wbs_ack_o are shorted in cell user_project_wrapper (1)
Pins la_data_out[88] and wbs_ack_o are shorted in cell user_project_wrapper (1)
Pins la_data_out[87] and wbs_ack_o are shorted in cell user_project_wrapper (1)
Pins la_data_out[86] and wbs_ack_o are shorted in cell user_project_wrapper (1)
Pins la_data_out[85] and wbs_ack_o are shorted in cell user_project_wrapper (1)
Pins la_data_out[84] and wbs_ack_o are shorted in cell user_project_wrapper (1)
Pins la_data_out[83] and wbs_ack_o are shorted in cell user_project_wrapper (1)
Pins la_data_out[82] and wbs_ack_o are shorted in cell user_project_wrapper (1)
Pins la_data_out[81] and wbs_ack_o are shorted in cell user_project_wrapper (1)
Pins la_data_out[80] and wbs_ack_o are shorted in cell user_project_wrapper (1)
Pins la_data_out[79] and wbs_ack_o are shorted in cell user_project_wrapper (1)
Pins la_data_out[78] and wbs_ack_o are shorted in cell user_project_wrapper (1)
Pins la_data_out[77] and wbs_ack_o are shorted in cell user_project_wrapper (1)
Pins la_data_out[76] and wbs_ack_o are shorted in cell user_project_wrapper (1)
Pins la_data_out[75] and wbs_ack_o are shorted in cell user_project_wrapper (1)
Pins la_data_out[74] and wbs_ack_o are shorted in cell user_project_wrapper (1)
Pins la_data_out[73] and wbs_ack_o are shorted in cell user_project_wrapper (1)
Pins la_data_out[72] and wbs_ack_o are shorted in cell user_project_wrapper (1)
Pins la_data_out[71] and wbs_ack_o are shorted in cell user_project_wrapper (1)
Pins la_data_out[70] and wbs_ack_o are shorted in cell user_project_wrapper (1)
Pins la_data_out[69] and wbs_ack_o are shorted in cell user_project_wrapper (1)
Pins la_data_out[68] and wbs_ack_o are shorted in cell user_project_wrapper (1)
Pins la_data_out[67] and wbs_ack_o are shorted in cell user_project_wrapper (1)
Pins la_data_out[66] and wbs_ack_o are shorted in cell user_project_wrapper (1)
Pins la_data_out[65] and wbs_ack_o are shorted in cell user_project_wrapper (1)
Pins la_data_out[64] and wbs_ack_o are shorted in cell user_project_wrapper (1)
Pins la_data_out[63] and wbs_ack_o are shorted in cell user_project_wrapper (1)
Pins la_data_out[62] and wbs_ack_o are shorted in cell user_project_wrapper (1)
Pins la_data_out[61] and wbs_ack_o are shorted in cell user_project_wrapper (1)
Pins la_data_out[60] and wbs_ack_o are shorted in cell user_project_wrapper (1)
Pins la_data_out[59] and wbs_ack_o are shorted in cell user_project_wrapper (1)
Pins la_data_out[58] and wbs_ack_o are shorted in cell user_project_wrapper (1)
Pins la_data_out[57] and wbs_ack_o are shorted in cell user_project_wrapper (1)
Pins la_data_out[56] and wbs_ack_o are shorted in cell user_project_wrapper (1)
Pins la_data_out[55] and wbs_ack_o are shorted in cell user_project_wrapper (1)
Pins la_data_out[54] and wbs_ack_o are shorted in cell user_project_wrapper (1)
Pins la_data_out[53] and wbs_ack_o are shorted in cell user_project_wrapper (1)
Pins la_data_out[52] and wbs_ack_o are shorted in cell user_project_wrapper (1)
Pins la_data_out[51] and wbs_ack_o are shorted in cell user_project_wrapper (1)
Pins la_data_out[50] and wbs_ack_o are shorted in cell user_project_wrapper (1)
Pins la_data_out[49] and wbs_ack_o are shorted in cell user_project_wrapper (1)
Pins la_data_out[48] and wbs_ack_o are shorted in cell user_project_wrapper (1)
Pins la_data_out[47] and wbs_ack_o are shorted in cell user_project_wrapper (1)
Pins la_data_out[46] and wbs_ack_o are shorted in cell user_project_wrapper (1)
Pins la_data_out[45] and wbs_ack_o are shorted in cell user_project_wrapper (1)
Pins la_data_out[44] and wbs_ack_o are shorted in cell user_project_wrapper (1)
Pins la_data_out[43] and wbs_ack_o are shorted in cell user_project_wrapper (1)
Pins la_data_out[42] and wbs_ack_o are shorted in cell user_project_wrapper (1)
Pins la_data_out[41] and wbs_ack_o are shorted in cell user_project_wrapper (1)
Pins la_data_out[40] and wbs_ack_o are shorted in cell user_project_wrapper (1)
Pins la_data_out[39] and wbs_ack_o are shorted in cell user_project_wrapper (1)
Pins la_data_out[38] and wbs_ack_o are shorted in cell user_project_wrapper (1)
Pins la_data_out[37] and wbs_ack_o are shorted in cell user_project_wrapper (1)
Pins la_data_out[36] and wbs_ack_o are shorted in cell user_project_wrapper (1)
Pins la_data_out[35] and wbs_ack_o are shorted in cell user_project_wrapper (1)
Pins la_data_out[34] and wbs_ack_o are shorted in cell user_project_wrapper (1)
Pins la_data_out[33] and wbs_ack_o are shorted in cell user_project_wrapper (1)
Pins la_data_out[32] and wbs_ack_o are shorted in cell user_project_wrapper (1)
Pins la_data_out[31] and wbs_ack_o are shorted in cell user_project_wrapper (1)
Pins la_data_out[30] and wbs_ack_o are shorted in cell user_project_wrapper (1)
Pins la_data_out[29] and wbs_ack_o are shorted in cell user_project_wrapper (1)
Pins la_data_out[28] and wbs_ack_o are shorted in cell user_project_wrapper (1)
Pins la_data_out[27] and wbs_ack_o are shorted in cell user_project_wrapper (1)
Pins la_data_out[26] and wbs_ack_o are shorted in cell user_project_wrapper (1)
Pins la_data_out[25] and wbs_ack_o are shorted in cell user_project_wrapper (1)
Pins la_data_out[24] and wbs_ack_o are shorted in cell user_project_wrapper (1)
Pins la_data_out[23] and wbs_ack_o are shorted in cell user_project_wrapper (1)
Pins la_data_out[22] and wbs_ack_o are shorted in cell user_project_wrapper (1)
Pins la_data_out[21] and wbs_ack_o are shorted in cell user_project_wrapper (1)
Pins la_data_out[20] and wbs_ack_o are shorted in cell user_project_wrapper (1)
Pins la_data_out[19] and wbs_ack_o are shorted in cell user_project_wrapper (1)
Pins la_data_out[18] and wbs_ack_o are shorted in cell user_project_wrapper (1)
Pins la_data_out[17] and wbs_ack_o are shorted in cell user_project_wrapper (1)
Pins la_data_out[16] and wbs_ack_o are shorted in cell user_project_wrapper (1)
Pins la_data_out[15] and wbs_ack_o are shorted in cell user_project_wrapper (1)
Pins la_data_out[14] and wbs_ack_o are shorted in cell user_project_wrapper (1)
Pins la_data_out[13] and wbs_ack_o are shorted in cell user_project_wrapper (1)
Pins la_data_out[12] and wbs_ack_o are shorted in cell user_project_wrapper (1)
Pins la_data_out[11] and wbs_ack_o are shorted in cell user_project_wrapper (1)
Pins la_data_out[10] and wbs_ack_o are shorted in cell user_project_wrapper (1)
Pins la_data_out[9] and wbs_ack_o are shorted in cell user_project_wrapper (1)
Pins la_data_out[8] and wbs_ack_o are shorted in cell user_project_wrapper (1)
Pins la_data_out[7] and wbs_ack_o are shorted in cell user_project_wrapper (1)
Pins la_data_out[6] and wbs_ack_o are shorted in cell user_project_wrapper (1)
Pins la_data_out[5] and wbs_ack_o are shorted in cell user_project_wrapper (1)
Pins la_data_out[4] and wbs_ack_o are shorted in cell user_project_wrapper (1)
Pins la_data_out[3] and wbs_ack_o are shorted in cell user_project_wrapper (1)
Pins la_data_out[2] and wbs_ack_o are shorted in cell user_project_wrapper (1)
Pins la_data_out[1] and wbs_ack_o are shorted in cell user_project_wrapper (1)
Pins la_data_out[0] and io_out[6] are shorted in cell user_project_wrapper (1)
Pins user_irq[2] and wbs_ack_o are shorted in cell user_project_wrapper (1)
Pins user_irq[1] and wbs_ack_o are shorted in cell user_project_wrapper (1)
Pins user_irq[0] and wbs_ack_o are shorted in cell user_project_wrapper (1)
Pins wbs_dat_o[31] and wbs_ack_o are shorted in cell user_project_wrapper (1)
Pins wbs_dat_o[30] and wbs_ack_o are shorted in cell user_project_wrapper (1)
Pins wbs_dat_o[29] and wbs_ack_o are shorted in cell user_project_wrapper (1)
Pins wbs_dat_o[28] and wbs_ack_o are shorted in cell user_project_wrapper (1)
Pins wbs_dat_o[27] and wbs_ack_o are shorted in cell user_project_wrapper (1)
Pins wbs_dat_o[26] and wbs_ack_o are shorted in cell user_project_wrapper (1)
Pins wbs_dat_o[25] and wbs_ack_o are shorted in cell user_project_wrapper (1)
Pins wbs_dat_o[24] and wbs_ack_o are shorted in cell user_project_wrapper (1)
Pins wbs_dat_o[23] and wbs_ack_o are shorted in cell user_project_wrapper (1)
Pins wbs_dat_o[22] and wbs_ack_o are shorted in cell user_project_wrapper (1)
Pins wbs_dat_o[21] and wbs_ack_o are shorted in cell user_project_wrapper (1)
Pins wbs_dat_o[20] and wbs_ack_o are shorted in cell user_project_wrapper (1)
Pins wbs_dat_o[19] and wbs_ack_o are shorted in cell user_project_wrapper (1)
Pins wbs_dat_o[18] and wbs_ack_o are shorted in cell user_project_wrapper (1)
Pins wbs_dat_o[17] and wbs_ack_o are shorted in cell user_project_wrapper (1)
Pins wbs_dat_o[16] and wbs_ack_o are shorted in cell user_project_wrapper (1)
Pins wbs_dat_o[15] and wbs_ack_o are shorted in cell user_project_wrapper (1)
Pins wbs_dat_o[14] and wbs_ack_o are shorted in cell user_project_wrapper (1)
Pins wbs_dat_o[13] and wbs_ack_o are shorted in cell user_project_wrapper (1)
Pins wbs_dat_o[12] and wbs_ack_o are shorted in cell user_project_wrapper (1)
Pins wbs_dat_o[11] and wbs_ack_o are shorted in cell user_project_wrapper (1)
Pins wbs_dat_o[10] and wbs_ack_o are shorted in cell user_project_wrapper (1)
Pins wbs_dat_o[9] and wbs_ack_o are shorted in cell user_project_wrapper (1)
Pins wbs_dat_o[8] and wbs_ack_o are shorted in cell user_project_wrapper (1)
Pins wbs_dat_o[7] and wbs_ack_o are shorted in cell user_project_wrapper (1)
Pins wbs_dat_o[6] and wbs_ack_o are shorted in cell user_project_wrapper (1)
Pins wbs_dat_o[5] and wbs_ack_o are shorted in cell user_project_wrapper (1)
Pins wbs_dat_o[4] and wbs_ack_o are shorted in cell user_project_wrapper (1)
Pins wbs_dat_o[3] and wbs_ack_o are shorted in cell user_project_wrapper (1)
Pins wbs_dat_o[2] and wbs_ack_o are shorted in cell user_project_wrapper (1)
Pins wbs_dat_o[1] and wbs_ack_o are shorted in cell user_project_wrapper (1)
Pins wbs_dat_o[0] and wbs_ack_o are shorted in cell user_project_wrapper (1)

Contents of circuit 1:  Circuit: 'user_project_wrapper'
Circuit user_project_wrapper contains 234 device instances.
  Class: ucb_top               instances:   1
  Class: r                     instances: 231
  Class: sky130_fd_sc_hd__conb_1 instances:   2
Circuit contains 276 nets, and 378 disconnected pins.
Contents of circuit 2:  Circuit: 'user_project_wrapper'
Circuit user_project_wrapper contains 3 device instances.
  Class: ucb_top               instances:   1
  Class: sky130_fd_sc_hd__conb_1 instances:   2
Circuit contains 47 nets, and 371 disconnected pins.

Flattened mismatched instances and attempting compare again.

Contents of circuit 1:  Circuit: 'user_project_wrapper'
Circuit user_project_wrapper contains 3 device instances.
  Class: ucb_top               instances:   1
  Class: sky130_fd_sc_hd__conb_1 instances:   2
Circuit contains 45 nets, and 378 disconnected pins.
Contents of circuit 2:  Circuit: 'user_project_wrapper'
Circuit user_project_wrapper contains 3 device instances.
  Class: ucb_top               instances:   1
  Class: sky130_fd_sc_hd__conb_1 instances:   2
Circuit contains 47 nets, and 371 disconnected pins.

Circuit 1 contains 3 devices, Circuit 2 contains 3 devices.
Circuit 1 contains 45 nets,    Circuit 2 contains 47 nets. *** MISMATCH ***

Pins io_oeb[11] and io_oeb[10] are shorted in cell user_project_wrapper (0)
Pins io_oeb[12] and io_oeb[10] are shorted in cell user_project_wrapper (0)
Pins io_oeb[13] and io_oeb[10] are shorted in cell user_project_wrapper (0)
Pins io_oeb[14] and io_oeb[10] are shorted in cell user_project_wrapper (0)
Pins io_oeb[15] and io_oeb[10] are shorted in cell user_project_wrapper (0)
Pins io_oeb[16] and io_oeb[10] are shorted in cell user_project_wrapper (0)
Pins io_oeb[17] and io_oeb[10] are shorted in cell user_project_wrapper (0)
Pins io_oeb[18] and io_oeb[10] are shorted in cell user_project_wrapper (0)
Pins io_oeb[19] and io_oeb[10] are shorted in cell user_project_wrapper (0)
Pins io_oeb[1] and io_oeb[0] are shorted in cell user_project_wrapper (0)
Pins io_oeb[20] and io_oeb[10] are shorted in cell user_project_wrapper (0)
Pins io_oeb[21] and io_oeb[10] are shorted in cell user_project_wrapper (0)
Pins io_oeb[22] and io_oeb[10] are shorted in cell user_project_wrapper (0)
Pins io_oeb[23] and io_oeb[10] are shorted in cell user_project_wrapper (0)
Pins io_oeb[24] and io_oeb[10] are shorted in cell user_project_wrapper (0)
Pins io_oeb[25] and io_oeb[10] are shorted in cell user_project_wrapper (0)
Pins io_oeb[26] and io_oeb[10] are shorted in cell user_project_wrapper (0)
Pins io_oeb[27] and io_oeb[10] are shorted in cell user_project_wrapper (0)
Pins io_oeb[28] and io_oeb[10] are shorted in cell user_project_wrapper (0)
Pins io_oeb[29] and io_oeb[10] are shorted in cell user_project_wrapper (0)
Pins io_oeb[2] and io_oeb[0] are shorted in cell user_project_wrapper (0)
Pins io_oeb[30] and io_oeb[10] are shorted in cell user_project_wrapper (0)
Pins io_oeb[31] and io_oeb[10] are shorted in cell user_project_wrapper (0)
Pins io_oeb[32] and io_oeb[10] are shorted in cell user_project_wrapper (0)
Pins io_oeb[33] and io_oeb[10] are shorted in cell user_project_wrapper (0)
Pins io_oeb[34] and io_oeb[10] are shorted in cell user_project_wrapper (0)
Pins io_oeb[35] and io_oeb[10] are shorted in cell user_project_wrapper (0)
Pins io_oeb[36] and io_oeb[10] are shorted in cell user_project_wrapper (0)
Pins io_oeb[37] and io_oeb[10] are shorted in cell user_project_wrapper (0)
Pins io_oeb[3] and io_oeb[0] are shorted in cell user_project_wrapper (0)
Pins io_oeb[4] and io_oeb[0] are shorted in cell user_project_wrapper (0)
Pins io_oeb[5] and io_oeb[0] are shorted in cell user_project_wrapper (0)
Pins io_oeb[6] and io_oeb[0] are shorted in cell user_project_wrapper (0)
Pins io_oeb[7] and io_oeb[10] are shorted in cell user_project_wrapper (0)
Pins io_oeb[8] and io_oeb[10] are shorted in cell user_project_wrapper (0)
Pins io_oeb[9] and io_oeb[10] are shorted in cell user_project_wrapper (0)
Pins io_out[10] and io_oeb[0] are shorted in cell user_project_wrapper (0)
Pins io_out[11] and io_oeb[0] are shorted in cell user_project_wrapper (0)
Pins io_out[12] and io_oeb[0] are shorted in cell user_project_wrapper (0)
Pins io_out[13] and io_oeb[0] are shorted in cell user_project_wrapper (0)
Pins io_out[14] and io_oeb[0] are shorted in cell user_project_wrapper (0)
Pins io_out[15] and io_oeb[0] are shorted in cell user_project_wrapper (0)
Pins io_out[16] and io_oeb[0] are shorted in cell user_project_wrapper (0)
Pins io_out[17] and io_oeb[0] are shorted in cell user_project_wrapper (0)
Pins io_out[18] and io_oeb[0] are shorted in cell user_project_wrapper (0)
Pins io_out[19] and io_oeb[0] are shorted in cell user_project_wrapper (0)
Pins io_out[20] and io_oeb[0] are shorted in cell user_project_wrapper (0)
Pins io_out[21] and io_oeb[0] are shorted in cell user_project_wrapper (0)
Pins io_out[22] and io_oeb[0] are shorted in cell user_project_wrapper (0)
Pins io_out[23] and io_oeb[0] are shorted in cell user_project_wrapper (0)
Pins io_out[24] and io_oeb[0] are shorted in cell user_project_wrapper (0)
Pins io_out[25] and io_oeb[0] are shorted in cell user_project_wrapper (0)
Pins io_out[26] and io_oeb[0] are shorted in cell user_project_wrapper (0)
Pins io_out[27] and io_oeb[0] are shorted in cell user_project_wrapper (0)
Pins io_out[28] and io_oeb[0] are shorted in cell user_project_wrapper (0)
Pins io_out[29] and io_oeb[0] are shorted in cell user_project_wrapper (0)
Pins io_out[30] and io_oeb[0] are shorted in cell user_project_wrapper (0)
Pins io_out[31] and io_oeb[0] are shorted in cell user_project_wrapper (0)
Pins io_out[32] and io_oeb[0] are shorted in cell user_project_wrapper (0)
Pins io_out[33] and io_oeb[0] are shorted in cell user_project_wrapper (0)
Pins io_out[34] and io_oeb[0] are shorted in cell user_project_wrapper (0)
Pins io_out[35] and io_oeb[0] are shorted in cell user_project_wrapper (0)
Pins io_out[36] and io_oeb[0] are shorted in cell user_project_wrapper (0)
Pins io_out[37] and io_oeb[0] are shorted in cell user_project_wrapper (0)
Pins io_out[7] and io_oeb[0] are shorted in cell user_project_wrapper (0)
Pins io_out[8] and io_oeb[0] are shorted in cell user_project_wrapper (0)
Pins io_out[9] and io_oeb[0] are shorted in cell user_project_wrapper (0)
Pins la_data_out[0] and io_out[6] are shorted in cell user_project_wrapper (0)
Pins la_data_out[100] and io_oeb[0] are shorted in cell user_project_wrapper (0)
Pins la_data_out[101] and io_oeb[0] are shorted in cell user_project_wrapper (0)
Pins la_data_out[102] and io_oeb[0] are shorted in cell user_project_wrapper (0)
Pins la_data_out[103] and io_oeb[0] are shorted in cell user_project_wrapper (0)
Pins la_data_out[104] and io_oeb[0] are shorted in cell user_project_wrapper (0)
Pins la_data_out[105] and io_oeb[0] are shorted in cell user_project_wrapper (0)
Pins la_data_out[106] and io_oeb[0] are shorted in cell user_project_wrapper (0)
Pins la_data_out[107] and io_oeb[0] are shorted in cell user_project_wrapper (0)
Pins la_data_out[108] and io_oeb[0] are shorted in cell user_project_wrapper (0)
Pins la_data_out[109] and io_oeb[0] are shorted in cell user_project_wrapper (0)
Pins la_data_out[10] and io_oeb[0] are shorted in cell user_project_wrapper (0)
Pins la_data_out[110] and io_oeb[0] are shorted in cell user_project_wrapper (0)
Pins la_data_out[111] and io_oeb[0] are shorted in cell user_project_wrapper (0)
Pins la_data_out[112] and io_oeb[0] are shorted in cell user_project_wrapper (0)
Pins la_data_out[113] and io_oeb[0] are shorted in cell user_project_wrapper (0)
Pins la_data_out[114] and io_oeb[0] are shorted in cell user_project_wrapper (0)
Pins la_data_out[115] and io_oeb[0] are shorted in cell user_project_wrapper (0)
Pins la_data_out[116] and io_oeb[0] are shorted in cell user_project_wrapper (0)
Pins la_data_out[117] and io_oeb[0] are shorted in cell user_project_wrapper (0)
Pins la_data_out[118] and io_oeb[0] are shorted in cell user_project_wrapper (0)
Pins la_data_out[119] and io_oeb[0] are shorted in cell user_project_wrapper (0)
Pins la_data_out[11] and io_oeb[0] are shorted in cell user_project_wrapper (0)
Pins la_data_out[120] and io_oeb[0] are shorted in cell user_project_wrapper (0)
Pins la_data_out[121] and io_oeb[0] are shorted in cell user_project_wrapper (0)
Pins la_data_out[122] and io_oeb[0] are shorted in cell user_project_wrapper (0)
Pins la_data_out[123] and io_oeb[0] are shorted in cell user_project_wrapper (0)
Pins la_data_out[124] and io_oeb[0] are shorted in cell user_project_wrapper (0)
Pins la_data_out[125] and io_oeb[0] are shorted in cell user_project_wrapper (0)
Pins la_data_out[126] and io_oeb[0] are shorted in cell user_project_wrapper (0)
Pins la_data_out[127] and io_oeb[0] are shorted in cell user_project_wrapper (0)
Pins la_data_out[12] and io_oeb[0] are shorted in cell user_project_wrapper (0)
Pins la_data_out[13] and io_oeb[0] are shorted in cell user_project_wrapper (0)
Pins la_data_out[14] and io_oeb[0] are shorted in cell user_project_wrapper (0)
Pins la_data_out[15] and io_oeb[0] are shorted in cell user_project_wrapper (0)
Pins la_data_out[16] and io_oeb[0] are shorted in cell user_project_wrapper (0)
Pins la_data_out[17] and io_oeb[0] are shorted in cell user_project_wrapper (0)
Pins la_data_out[18] and io_oeb[0] are shorted in cell user_project_wrapper (0)
Pins la_data_out[19] and io_oeb[0] are shorted in cell user_project_wrapper (0)
Pins la_data_out[1] and io_oeb[0] are shorted in cell user_project_wrapper (0)
Pins la_data_out[20] and io_oeb[0] are shorted in cell user_project_wrapper (0)
Pins la_data_out[21] and io_oeb[0] are shorted in cell user_project_wrapper (0)
Pins la_data_out[22] and io_oeb[0] are shorted in cell user_project_wrapper (0)
Pins la_data_out[23] and io_oeb[0] are shorted in cell user_project_wrapper (0)
Pins la_data_out[24] and io_oeb[0] are shorted in cell user_project_wrapper (0)
Pins la_data_out[25] and io_oeb[0] are shorted in cell user_project_wrapper (0)
Pins la_data_out[26] and io_oeb[0] are shorted in cell user_project_wrapper (0)
Pins la_data_out[27] and io_oeb[0] are shorted in cell user_project_wrapper (0)
Pins la_data_out[28] and io_oeb[0] are shorted in cell user_project_wrapper (0)
Pins la_data_out[29] and io_oeb[0] are shorted in cell user_project_wrapper (0)
Pins la_data_out[2] and io_oeb[0] are shorted in cell user_project_wrapper (0)
Pins la_data_out[30] and io_oeb[0] are shorted in cell user_project_wrapper (0)
Pins la_data_out[31] and io_oeb[0] are shorted in cell user_project_wrapper (0)
Pins la_data_out[32] and io_oeb[0] are shorted in cell user_project_wrapper (0)
Pins la_data_out[33] and io_oeb[0] are shorted in cell user_project_wrapper (0)
Pins la_data_out[34] and io_oeb[0] are shorted in cell user_project_wrapper (0)
Pins la_data_out[35] and io_oeb[0] are shorted in cell user_project_wrapper (0)
Pins la_data_out[36] and io_oeb[0] are shorted in cell user_project_wrapper (0)
Pins la_data_out[37] and io_oeb[0] are shorted in cell user_project_wrapper (0)
Pins la_data_out[38] and io_oeb[0] are shorted in cell user_project_wrapper (0)
Pins la_data_out[39] and io_oeb[0] are shorted in cell user_project_wrapper (0)
Pins la_data_out[3] and io_oeb[0] are shorted in cell user_project_wrapper (0)
Pins la_data_out[40] and io_oeb[0] are shorted in cell user_project_wrapper (0)
Pins la_data_out[41] and io_oeb[0] are shorted in cell user_project_wrapper (0)
Pins la_data_out[42] and io_oeb[0] are shorted in cell user_project_wrapper (0)
Pins la_data_out[43] and io_oeb[0] are shorted in cell user_project_wrapper (0)
Pins la_data_out[44] and io_oeb[0] are shorted in cell user_project_wrapper (0)
Pins la_data_out[45] and io_oeb[0] are shorted in cell user_project_wrapper (0)
Pins la_data_out[46] and io_oeb[0] are shorted in cell user_project_wrapper (0)
Pins la_data_out[47] and io_oeb[0] are shorted in cell user_project_wrapper (0)
Pins la_data_out[48] and io_oeb[0] are shorted in cell user_project_wrapper (0)
Pins la_data_out[49] and io_oeb[0] are shorted in cell user_project_wrapper (0)
Pins la_data_out[4] and io_oeb[0] are shorted in cell user_project_wrapper (0)
Pins la_data_out[50] and io_oeb[0] are shorted in cell user_project_wrapper (0)
Pins la_data_out[51] and io_oeb[0] are shorted in cell user_project_wrapper (0)
Pins la_data_out[52] and io_oeb[0] are shorted in cell user_project_wrapper (0)
Pins la_data_out[53] and io_oeb[0] are shorted in cell user_project_wrapper (0)
Pins la_data_out[54] and io_oeb[0] are shorted in cell user_project_wrapper (0)
Pins la_data_out[55] and io_oeb[0] are shorted in cell user_project_wrapper (0)
Pins la_data_out[56] and io_oeb[0] are shorted in cell user_project_wrapper (0)
Pins la_data_out[57] and io_oeb[0] are shorted in cell user_project_wrapper (0)
Pins la_data_out[58] and io_oeb[0] are shorted in cell user_project_wrapper (0)
Pins la_data_out[59] and io_oeb[0] are shorted in cell user_project_wrapper (0)
Pins la_data_out[5] and io_oeb[0] are shorted in cell user_project_wrapper (0)
Pins la_data_out[60] and io_oeb[0] are shorted in cell user_project_wrapper (0)
Pins la_data_out[61] and io_oeb[0] are shorted in cell user_project_wrapper (0)
Pins la_data_out[62] and io_oeb[0] are shorted in cell user_project_wrapper (0)
Pins la_data_out[63] and io_oeb[0] are shorted in cell user_project_wrapper (0)
Pins la_data_out[64] and io_oeb[0] are shorted in cell user_project_wrapper (0)
Pins la_data_out[65] and io_oeb[0] are shorted in cell user_project_wrapper (0)
Pins la_data_out[66] and io_oeb[0] are shorted in cell user_project_wrapper (0)
Pins la_data_out[67] and io_oeb[0] are shorted in cell user_project_wrapper (0)
Pins la_data_out[68] and io_oeb[0] are shorted in cell user_project_wrapper (0)
Pins la_data_out[69] and io_oeb[0] are shorted in cell user_project_wrapper (0)
Pins la_data_out[6] and io_oeb[0] are shorted in cell user_project_wrapper (0)
Pins la_data_out[70] and io_oeb[0] are shorted in cell user_project_wrapper (0)
Pins la_data_out[71] and io_oeb[0] are shorted in cell user_project_wrapper (0)
Pins la_data_out[72] and io_oeb[0] are shorted in cell user_project_wrapper (0)
Pins la_data_out[73] and io_oeb[0] are shorted in cell user_project_wrapper (0)
Pins la_data_out[74] and io_oeb[0] are shorted in cell user_project_wrapper (0)
Pins la_data_out[75] and io_oeb[0] are shorted in cell user_project_wrapper (0)
Pins la_data_out[76] and io_oeb[0] are shorted in cell user_project_wrapper (0)
Pins la_data_out[77] and io_oeb[0] are shorted in cell user_project_wrapper (0)
Pins la_data_out[78] and io_oeb[0] are shorted in cell user_project_wrapper (0)
Pins la_data_out[79] and io_oeb[0] are shorted in cell user_project_wrapper (0)
Pins la_data_out[7] and io_oeb[0] are shorted in cell user_project_wrapper (0)
Pins la_data_out[80] and io_oeb[0] are shorted in cell user_project_wrapper (0)
Pins la_data_out[81] and io_oeb[0] are shorted in cell user_project_wrapper (0)
Pins la_data_out[82] and io_oeb[0] are shorted in cell user_project_wrapper (0)
Pins la_data_out[83] and io_oeb[0] are shorted in cell user_project_wrapper (0)
Pins la_data_out[84] and io_oeb[0] are shorted in cell user_project_wrapper (0)
Pins la_data_out[85] and io_oeb[0] are shorted in cell user_project_wrapper (0)
Pins la_data_out[86] and io_oeb[0] are shorted in cell user_project_wrapper (0)
Pins la_data_out[87] and io_oeb[0] are shorted in cell user_project_wrapper (0)
Pins la_data_out[88] and io_oeb[0] are shorted in cell user_project_wrapper (0)
Pins la_data_out[89] and io_oeb[0] are shorted in cell user_project_wrapper (0)
Pins la_data_out[8] and io_oeb[0] are shorted in cell user_project_wrapper (0)
Pins la_data_out[90] and io_oeb[0] are shorted in cell user_project_wrapper (0)
Pins la_data_out[91] and io_oeb[0] are shorted in cell user_project_wrapper (0)
Pins la_data_out[92] and io_oeb[0] are shorted in cell user_project_wrapper (0)
Pins la_data_out[93] and io_oeb[0] are shorted in cell user_project_wrapper (0)
Pins la_data_out[94] and io_oeb[0] are shorted in cell user_project_wrapper (0)
Pins la_data_out[95] and io_oeb[0] are shorted in cell user_project_wrapper (0)
Pins la_data_out[96] and io_oeb[0] are shorted in cell user_project_wrapper (0)
Pins la_data_out[97] and io_oeb[0] are shorted in cell user_project_wrapper (0)
Pins la_data_out[98] and io_oeb[0] are shorted in cell user_project_wrapper (0)
Pins la_data_out[99] and io_oeb[0] are shorted in cell user_project_wrapper (0)
Pins la_data_out[9] and io_oeb[0] are shorted in cell user_project_wrapper (0)
Pins user_irq[0] and io_oeb[0] are shorted in cell user_project_wrapper (0)
Pins user_irq[1] and io_oeb[0] are shorted in cell user_project_wrapper (0)
Pins user_irq[2] and io_oeb[0] are shorted in cell user_project_wrapper (0)
Pins wbs_ack_o and io_oeb[0] are shorted in cell user_project_wrapper (0)
Pins wbs_dat_o[0] and io_oeb[0] are shorted in cell user_project_wrapper (0)
Pins wbs_dat_o[10] and io_oeb[0] are shorted in cell user_project_wrapper (0)
Pins wbs_dat_o[11] and io_oeb[0] are shorted in cell user_project_wrapper (0)
Pins wbs_dat_o[12] and io_oeb[0] are shorted in cell user_project_wrapper (0)
Pins wbs_dat_o[13] and io_oeb[0] are shorted in cell user_project_wrapper (0)
Pins wbs_dat_o[14] and io_oeb[0] are shorted in cell user_project_wrapper (0)
Pins wbs_dat_o[15] and io_oeb[0] are shorted in cell user_project_wrapper (0)
Pins wbs_dat_o[16] and io_oeb[0] are shorted in cell user_project_wrapper (0)
Pins wbs_dat_o[17] and io_oeb[0] are shorted in cell user_project_wrapper (0)
Pins wbs_dat_o[18] and io_oeb[0] are shorted in cell user_project_wrapper (0)
Pins wbs_dat_o[19] and io_oeb[0] are shorted in cell user_project_wrapper (0)
Pins wbs_dat_o[1] and io_oeb[0] are shorted in cell user_project_wrapper (0)
Pins wbs_dat_o[20] and io_oeb[0] are shorted in cell user_project_wrapper (0)
Pins wbs_dat_o[21] and io_oeb[0] are shorted in cell user_project_wrapper (0)
Pins wbs_dat_o[22] and io_oeb[0] are shorted in cell user_project_wrapper (0)
Pins wbs_dat_o[23] and io_oeb[0] are shorted in cell user_project_wrapper (0)
Pins wbs_dat_o[24] and io_oeb[0] are shorted in cell user_project_wrapper (0)
Pins wbs_dat_o[25] and io_oeb[0] are shorted in cell user_project_wrapper (0)
Pins wbs_dat_o[26] and io_oeb[0] are shorted in cell user_project_wrapper (0)
Pins wbs_dat_o[27] and io_oeb[0] are shorted in cell user_project_wrapper (0)
Pins wbs_dat_o[28] and io_oeb[0] are shorted in cell user_project_wrapper (0)
Pins wbs_dat_o[29] and io_oeb[0] are shorted in cell user_project_wrapper (0)
Pins wbs_dat_o[2] and io_oeb[0] are shorted in cell user_project_wrapper (0)
Pins wbs_dat_o[30] and io_oeb[0] are shorted in cell user_project_wrapper (0)
Pins wbs_dat_o[31] and io_oeb[0] are shorted in cell user_project_wrapper (0)
Pins wbs_dat_o[3] and io_oeb[0] are shorted in cell user_project_wrapper (0)
Pins wbs_dat_o[4] and io_oeb[0] are shorted in cell user_project_wrapper (0)
Pins wbs_dat_o[5] and io_oeb[0] are shorted in cell user_project_wrapper (0)
Pins wbs_dat_o[6] and io_oeb[0] are shorted in cell user_project_wrapper (0)
Pins wbs_dat_o[7] and io_oeb[0] are shorted in cell user_project_wrapper (0)
Pins wbs_dat_o[8] and io_oeb[0] are shorted in cell user_project_wrapper (0)
Pins wbs_dat_o[9] and io_oeb[0] are shorted in cell user_project_wrapper (0)
Pins io_oeb[36] and io_oeb[37] are shorted in cell user_project_wrapper (1)
Pins io_oeb[35] and io_oeb[37] are shorted in cell user_project_wrapper (1)
Pins io_oeb[34] and io_oeb[37] are shorted in cell user_project_wrapper (1)
Pins io_oeb[33] and io_oeb[37] are shorted in cell user_project_wrapper (1)
Pins io_oeb[32] and io_oeb[37] are shorted in cell user_project_wrapper (1)
Pins io_oeb[31] and io_oeb[37] are shorted in cell user_project_wrapper (1)
Pins io_oeb[30] and io_oeb[37] are shorted in cell user_project_wrapper (1)
Pins io_oeb[29] and io_oeb[37] are shorted in cell user_project_wrapper (1)
Pins io_oeb[28] and io_oeb[37] are shorted in cell user_project_wrapper (1)
Pins io_oeb[27] and io_oeb[37] are shorted in cell user_project_wrapper (1)
Pins io_oeb[26] and io_oeb[37] are shorted in cell user_project_wrapper (1)
Pins io_oeb[25] and io_oeb[37] are shorted in cell user_project_wrapper (1)
Pins io_oeb[24] and io_oeb[37] are shorted in cell user_project_wrapper (1)
Pins io_oeb[23] and io_oeb[37] are shorted in cell user_project_wrapper (1)
Pins io_oeb[22] and io_oeb[37] are shorted in cell user_project_wrapper (1)
Pins io_oeb[21] and io_oeb[37] are shorted in cell user_project_wrapper (1)
Pins io_oeb[20] and io_oeb[37] are shorted in cell user_project_wrapper (1)
Pins io_oeb[19] and io_oeb[37] are shorted in cell user_project_wrapper (1)
Pins io_oeb[18] and io_oeb[37] are shorted in cell user_project_wrapper (1)
Pins io_oeb[17] and io_oeb[37] are shorted in cell user_project_wrapper (1)
Pins io_oeb[16] and io_oeb[37] are shorted in cell user_project_wrapper (1)
Pins io_oeb[15] and io_oeb[37] are shorted in cell user_project_wrapper (1)
Pins io_oeb[14] and io_oeb[37] are shorted in cell user_project_wrapper (1)
Pins io_oeb[13] and io_oeb[37] are shorted in cell user_project_wrapper (1)
Pins io_oeb[12] and io_oeb[37] are shorted in cell user_project_wrapper (1)
Pins io_oeb[11] and io_oeb[37] are shorted in cell user_project_wrapper (1)
Pins io_oeb[10] and io_oeb[37] are shorted in cell user_project_wrapper (1)
Pins io_oeb[9] and io_oeb[37] are shorted in cell user_project_wrapper (1)
Pins io_oeb[8] and io_oeb[37] are shorted in cell user_project_wrapper (1)
Pins io_oeb[7] and io_oeb[37] are shorted in cell user_project_wrapper (1)
Pins io_oeb[6] and wbs_ack_o are shorted in cell user_project_wrapper (1)
Pins io_oeb[5] and wbs_ack_o are shorted in cell user_project_wrapper (1)
Pins io_oeb[4] and wbs_ack_o are shorted in cell user_project_wrapper (1)
Pins io_oeb[3] and wbs_ack_o are shorted in cell user_project_wrapper (1)
Pins io_oeb[2] and wbs_ack_o are shorted in cell user_project_wrapper (1)
Pins io_oeb[1] and wbs_ack_o are shorted in cell user_project_wrapper (1)
Pins io_oeb[0] and wbs_ack_o are shorted in cell user_project_wrapper (1)
Pins io_out[37] and wbs_ack_o are shorted in cell user_project_wrapper (1)
Pins io_out[36] and wbs_ack_o are shorted in cell user_project_wrapper (1)
Pins io_out[35] and wbs_ack_o are shorted in cell user_project_wrapper (1)
Pins io_out[34] and wbs_ack_o are shorted in cell user_project_wrapper (1)
Pins io_out[33] and wbs_ack_o are shorted in cell user_project_wrapper (1)
Pins io_out[32] and wbs_ack_o are shorted in cell user_project_wrapper (1)
Pins io_out[31] and wbs_ack_o are shorted in cell user_project_wrapper (1)
Pins io_out[30] and wbs_ack_o are shorted in cell user_project_wrapper (1)
Pins io_out[29] and wbs_ack_o are shorted in cell user_project_wrapper (1)
Pins io_out[28] and wbs_ack_o are shorted in cell user_project_wrapper (1)
Pins io_out[27] and wbs_ack_o are shorted in cell user_project_wrapper (1)
Pins io_out[26] and wbs_ack_o are shorted in cell user_project_wrapper (1)
Pins io_out[25] and wbs_ack_o are shorted in cell user_project_wrapper (1)
Pins io_out[24] and wbs_ack_o are shorted in cell user_project_wrapper (1)
Pins io_out[23] and wbs_ack_o are shorted in cell user_project_wrapper (1)
Pins io_out[22] and wbs_ack_o are shorted in cell user_project_wrapper (1)
Pins io_out[21] and wbs_ack_o are shorted in cell user_project_wrapper (1)
Pins io_out[20] and wbs_ack_o are shorted in cell user_project_wrapper (1)
Pins io_out[19] and wbs_ack_o are shorted in cell user_project_wrapper (1)
Pins io_out[18] and wbs_ack_o are shorted in cell user_project_wrapper (1)
Pins io_out[17] and wbs_ack_o are shorted in cell user_project_wrapper (1)
Pins io_out[16] and wbs_ack_o are shorted in cell user_project_wrapper (1)
Pins io_out[15] and wbs_ack_o are shorted in cell user_project_wrapper (1)
Pins io_out[14] and wbs_ack_o are shorted in cell user_project_wrapper (1)
Pins io_out[13] and wbs_ack_o are shorted in cell user_project_wrapper (1)
Pins io_out[12] and wbs_ack_o are shorted in cell user_project_wrapper (1)
Pins io_out[11] and wbs_ack_o are shorted in cell user_project_wrapper (1)
Pins io_out[10] and wbs_ack_o are shorted in cell user_project_wrapper (1)
Pins io_out[9] and wbs_ack_o are shorted in cell user_project_wrapper (1)
Pins io_out[8] and wbs_ack_o are shorted in cell user_project_wrapper (1)
Pins io_out[7] and wbs_ack_o are shorted in cell user_project_wrapper (1)
Pins la_data_out[127] and wbs_ack_o are shorted in cell user_project_wrapper (1)
Pins la_data_out[126] and wbs_ack_o are shorted in cell user_project_wrapper (1)
Pins la_data_out[125] and wbs_ack_o are shorted in cell user_project_wrapper (1)
Pins la_data_out[124] and wbs_ack_o are shorted in cell user_project_wrapper (1)
Pins la_data_out[123] and wbs_ack_o are shorted in cell user_project_wrapper (1)
Pins la_data_out[122] and wbs_ack_o are shorted in cell user_project_wrapper (1)
Pins la_data_out[121] and wbs_ack_o are shorted in cell user_project_wrapper (1)
Pins la_data_out[120] and wbs_ack_o are shorted in cell user_project_wrapper (1)
Pins la_data_out[119] and wbs_ack_o are shorted in cell user_project_wrapper (1)
Pins la_data_out[118] and wbs_ack_o are shorted in cell user_project_wrapper (1)
Pins la_data_out[117] and wbs_ack_o are shorted in cell user_project_wrapper (1)
Pins la_data_out[116] and wbs_ack_o are shorted in cell user_project_wrapper (1)
Pins la_data_out[115] and wbs_ack_o are shorted in cell user_project_wrapper (1)
Pins la_data_out[114] and wbs_ack_o are shorted in cell user_project_wrapper (1)
Pins la_data_out[113] and wbs_ack_o are shorted in cell user_project_wrapper (1)
Pins la_data_out[112] and wbs_ack_o are shorted in cell user_project_wrapper (1)
Pins la_data_out[111] and wbs_ack_o are shorted in cell user_project_wrapper (1)
Pins la_data_out[110] and wbs_ack_o are shorted in cell user_project_wrapper (1)
Pins la_data_out[109] and wbs_ack_o are shorted in cell user_project_wrapper (1)
Pins la_data_out[108] and wbs_ack_o are shorted in cell user_project_wrapper (1)
Pins la_data_out[107] and wbs_ack_o are shorted in cell user_project_wrapper (1)
Pins la_data_out[106] and wbs_ack_o are shorted in cell user_project_wrapper (1)
Pins la_data_out[105] and wbs_ack_o are shorted in cell user_project_wrapper (1)
Pins la_data_out[104] and wbs_ack_o are shorted in cell user_project_wrapper (1)
Pins la_data_out[103] and wbs_ack_o are shorted in cell user_project_wrapper (1)
Pins la_data_out[102] and wbs_ack_o are shorted in cell user_project_wrapper (1)
Pins la_data_out[101] and wbs_ack_o are shorted in cell user_project_wrapper (1)
Pins la_data_out[100] and wbs_ack_o are shorted in cell user_project_wrapper (1)
Pins la_data_out[99] and wbs_ack_o are shorted in cell user_project_wrapper (1)
Pins la_data_out[98] and wbs_ack_o are shorted in cell user_project_wrapper (1)
Pins la_data_out[97] and wbs_ack_o are shorted in cell user_project_wrapper (1)
Pins la_data_out[96] and wbs_ack_o are shorted in cell user_project_wrapper (1)
Pins la_data_out[95] and wbs_ack_o are shorted in cell user_project_wrapper (1)
Pins la_data_out[94] and wbs_ack_o are shorted in cell user_project_wrapper (1)
Pins la_data_out[93] and wbs_ack_o are shorted in cell user_project_wrapper (1)
Pins la_data_out[92] and wbs_ack_o are shorted in cell user_project_wrapper (1)
Pins la_data_out[91] and wbs_ack_o are shorted in cell user_project_wrapper (1)
Pins la_data_out[90] and wbs_ack_o are shorted in cell user_project_wrapper (1)
Pins la_data_out[89] and wbs_ack_o are shorted in cell user_project_wrapper (1)
Pins la_data_out[88] and wbs_ack_o are shorted in cell user_project_wrapper (1)
Pins la_data_out[87] and wbs_ack_o are shorted in cell user_project_wrapper (1)
Pins la_data_out[86] and wbs_ack_o are shorted in cell user_project_wrapper (1)
Pins la_data_out[85] and wbs_ack_o are shorted in cell user_project_wrapper (1)
Pins la_data_out[84] and wbs_ack_o are shorted in cell user_project_wrapper (1)
Pins la_data_out[83] and wbs_ack_o are shorted in cell user_project_wrapper (1)
Pins la_data_out[82] and wbs_ack_o are shorted in cell user_project_wrapper (1)
Pins la_data_out[81] and wbs_ack_o are shorted in cell user_project_wrapper (1)
Pins la_data_out[80] and wbs_ack_o are shorted in cell user_project_wrapper (1)
Pins la_data_out[79] and wbs_ack_o are shorted in cell user_project_wrapper (1)
Pins la_data_out[78] and wbs_ack_o are shorted in cell user_project_wrapper (1)
Pins la_data_out[77] and wbs_ack_o are shorted in cell user_project_wrapper (1)
Pins la_data_out[76] and wbs_ack_o are shorted in cell user_project_wrapper (1)
Pins la_data_out[75] and wbs_ack_o are shorted in cell user_project_wrapper (1)
Pins la_data_out[74] and wbs_ack_o are shorted in cell user_project_wrapper (1)
Pins la_data_out[73] and wbs_ack_o are shorted in cell user_project_wrapper (1)
Pins la_data_out[72] and wbs_ack_o are shorted in cell user_project_wrapper (1)
Pins la_data_out[71] and wbs_ack_o are shorted in cell user_project_wrapper (1)
Pins la_data_out[70] and wbs_ack_o are shorted in cell user_project_wrapper (1)
Pins la_data_out[69] and wbs_ack_o are shorted in cell user_project_wrapper (1)
Pins la_data_out[68] and wbs_ack_o are shorted in cell user_project_wrapper (1)
Pins la_data_out[67] and wbs_ack_o are shorted in cell user_project_wrapper (1)
Pins la_data_out[66] and wbs_ack_o are shorted in cell user_project_wrapper (1)
Pins la_data_out[65] and wbs_ack_o are shorted in cell user_project_wrapper (1)
Pins la_data_out[64] and wbs_ack_o are shorted in cell user_project_wrapper (1)
Pins la_data_out[63] and wbs_ack_o are shorted in cell user_project_wrapper (1)
Pins la_data_out[62] and wbs_ack_o are shorted in cell user_project_wrapper (1)
Pins la_data_out[61] and wbs_ack_o are shorted in cell user_project_wrapper (1)
Pins la_data_out[60] and wbs_ack_o are shorted in cell user_project_wrapper (1)
Pins la_data_out[59] and wbs_ack_o are shorted in cell user_project_wrapper (1)
Pins la_data_out[58] and wbs_ack_o are shorted in cell user_project_wrapper (1)
Pins la_data_out[57] and wbs_ack_o are shorted in cell user_project_wrapper (1)
Pins la_data_out[56] and wbs_ack_o are shorted in cell user_project_wrapper (1)
Pins la_data_out[55] and wbs_ack_o are shorted in cell user_project_wrapper (1)
Pins la_data_out[54] and wbs_ack_o are shorted in cell user_project_wrapper (1)
Pins la_data_out[53] and wbs_ack_o are shorted in cell user_project_wrapper (1)
Pins la_data_out[52] and wbs_ack_o are shorted in cell user_project_wrapper (1)
Pins la_data_out[51] and wbs_ack_o are shorted in cell user_project_wrapper (1)
Pins la_data_out[50] and wbs_ack_o are shorted in cell user_project_wrapper (1)
Pins la_data_out[49] and wbs_ack_o are shorted in cell user_project_wrapper (1)
Pins la_data_out[48] and wbs_ack_o are shorted in cell user_project_wrapper (1)
Pins la_data_out[47] and wbs_ack_o are shorted in cell user_project_wrapper (1)
Pins la_data_out[46] and wbs_ack_o are shorted in cell user_project_wrapper (1)
Pins la_data_out[45] and wbs_ack_o are shorted in cell user_project_wrapper (1)
Pins la_data_out[44] and wbs_ack_o are shorted in cell user_project_wrapper (1)
Pins la_data_out[43] and wbs_ack_o are shorted in cell user_project_wrapper (1)
Pins la_data_out[42] and wbs_ack_o are shorted in cell user_project_wrapper (1)
Pins la_data_out[41] and wbs_ack_o are shorted in cell user_project_wrapper (1)
Pins la_data_out[40] and wbs_ack_o are shorted in cell user_project_wrapper (1)
Pins la_data_out[39] and wbs_ack_o are shorted in cell user_project_wrapper (1)
Pins la_data_out[38] and wbs_ack_o are shorted in cell user_project_wrapper (1)
Pins la_data_out[37] and wbs_ack_o are shorted in cell user_project_wrapper (1)
Pins la_data_out[36] and wbs_ack_o are shorted in cell user_project_wrapper (1)
Pins la_data_out[35] and wbs_ack_o are shorted in cell user_project_wrapper (1)
Pins la_data_out[34] and wbs_ack_o are shorted in cell user_project_wrapper (1)
Pins la_data_out[33] and wbs_ack_o are shorted in cell user_project_wrapper (1)
Pins la_data_out[32] and wbs_ack_o are shorted in cell user_project_wrapper (1)
Pins la_data_out[31] and wbs_ack_o are shorted in cell user_project_wrapper (1)
Pins la_data_out[30] and wbs_ack_o are shorted in cell user_project_wrapper (1)
Pins la_data_out[29] and wbs_ack_o are shorted in cell user_project_wrapper (1)
Pins la_data_out[28] and wbs_ack_o are shorted in cell user_project_wrapper (1)
Pins la_data_out[27] and wbs_ack_o are shorted in cell user_project_wrapper (1)
Pins la_data_out[26] and wbs_ack_o are shorted in cell user_project_wrapper (1)
Pins la_data_out[25] and wbs_ack_o are shorted in cell user_project_wrapper (1)
Pins la_data_out[24] and wbs_ack_o are shorted in cell user_project_wrapper (1)
Pins la_data_out[23] and wbs_ack_o are shorted in cell user_project_wrapper (1)
Pins la_data_out[22] and wbs_ack_o are shorted in cell user_project_wrapper (1)
Pins la_data_out[21] and wbs_ack_o are shorted in cell user_project_wrapper (1)
Pins la_data_out[20] and wbs_ack_o are shorted in cell user_project_wrapper (1)
Pins la_data_out[19] and wbs_ack_o are shorted in cell user_project_wrapper (1)
Pins la_data_out[18] and wbs_ack_o are shorted in cell user_project_wrapper (1)
Pins la_data_out[17] and wbs_ack_o are shorted in cell user_project_wrapper (1)
Pins la_data_out[16] and wbs_ack_o are shorted in cell user_project_wrapper (1)
Pins la_data_out[15] and wbs_ack_o are shorted in cell user_project_wrapper (1)
Pins la_data_out[14] and wbs_ack_o are shorted in cell user_project_wrapper (1)
Pins la_data_out[13] and wbs_ack_o are shorted in cell user_project_wrapper (1)
Pins la_data_out[12] and wbs_ack_o are shorted in cell user_project_wrapper (1)
Pins la_data_out[11] and wbs_ack_o are shorted in cell user_project_wrapper (1)
Pins la_data_out[10] and wbs_ack_o are shorted in cell user_project_wrapper (1)
Pins la_data_out[9] and wbs_ack_o are shorted in cell user_project_wrapper (1)
Pins la_data_out[8] and wbs_ack_o are shorted in cell user_project_wrapper (1)
Pins la_data_out[7] and wbs_ack_o are shorted in cell user_project_wrapper (1)
Pins la_data_out[6] and wbs_ack_o are shorted in cell user_project_wrapper (1)
Pins la_data_out[5] and wbs_ack_o are shorted in cell user_project_wrapper (1)
Pins la_data_out[4] and wbs_ack_o are shorted in cell user_project_wrapper (1)
Pins la_data_out[3] and wbs_ack_o are shorted in cell user_project_wrapper (1)
Pins la_data_out[2] and wbs_ack_o are shorted in cell user_project_wrapper (1)
Pins la_data_out[1] and wbs_ack_o are shorted in cell user_project_wrapper (1)
Pins la_data_out[0] and io_out[6] are shorted in cell user_project_wrapper (1)
Pins user_irq[2] and wbs_ack_o are shorted in cell user_project_wrapper (1)
Pins user_irq[1] and wbs_ack_o are shorted in cell user_project_wrapper (1)
Pins user_irq[0] and wbs_ack_o are shorted in cell user_project_wrapper (1)
Pins wbs_dat_o[31] and wbs_ack_o are shorted in cell user_project_wrapper (1)
Pins wbs_dat_o[30] and wbs_ack_o are shorted in cell user_project_wrapper (1)
Pins wbs_dat_o[29] and wbs_ack_o are shorted in cell user_project_wrapper (1)
Pins wbs_dat_o[28] and wbs_ack_o are shorted in cell user_project_wrapper (1)
Pins wbs_dat_o[27] and wbs_ack_o are shorted in cell user_project_wrapper (1)
Pins wbs_dat_o[26] and wbs_ack_o are shorted in cell user_project_wrapper (1)
Pins wbs_dat_o[25] and wbs_ack_o are shorted in cell user_project_wrapper (1)
Pins wbs_dat_o[24] and wbs_ack_o are shorted in cell user_project_wrapper (1)
Pins wbs_dat_o[23] and wbs_ack_o are shorted in cell user_project_wrapper (1)
Pins wbs_dat_o[22] and wbs_ack_o are shorted in cell user_project_wrapper (1)
Pins wbs_dat_o[21] and wbs_ack_o are shorted in cell user_project_wrapper (1)
Pins wbs_dat_o[20] and wbs_ack_o are shorted in cell user_project_wrapper (1)
Pins wbs_dat_o[19] and wbs_ack_o are shorted in cell user_project_wrapper (1)
Pins wbs_dat_o[18] and wbs_ack_o are shorted in cell user_project_wrapper (1)
Pins wbs_dat_o[17] and wbs_ack_o are shorted in cell user_project_wrapper (1)
Pins wbs_dat_o[16] and wbs_ack_o are shorted in cell user_project_wrapper (1)
Pins wbs_dat_o[15] and wbs_ack_o are shorted in cell user_project_wrapper (1)
Pins wbs_dat_o[14] and wbs_ack_o are shorted in cell user_project_wrapper (1)
Pins wbs_dat_o[13] and wbs_ack_o are shorted in cell user_project_wrapper (1)
Pins wbs_dat_o[12] and wbs_ack_o are shorted in cell user_project_wrapper (1)
Pins wbs_dat_o[11] and wbs_ack_o are shorted in cell user_project_wrapper (1)
Pins wbs_dat_o[10] and wbs_ack_o are shorted in cell user_project_wrapper (1)
Pins wbs_dat_o[9] and wbs_ack_o are shorted in cell user_project_wrapper (1)
Pins wbs_dat_o[8] and wbs_ack_o are shorted in cell user_project_wrapper (1)
Pins wbs_dat_o[7] and wbs_ack_o are shorted in cell user_project_wrapper (1)
Pins wbs_dat_o[6] and wbs_ack_o are shorted in cell user_project_wrapper (1)
Pins wbs_dat_o[5] and wbs_ack_o are shorted in cell user_project_wrapper (1)
Pins wbs_dat_o[4] and wbs_ack_o are shorted in cell user_project_wrapper (1)
Pins wbs_dat_o[3] and wbs_ack_o are shorted in cell user_project_wrapper (1)
Pins wbs_dat_o[2] and wbs_ack_o are shorted in cell user_project_wrapper (1)
Pins wbs_dat_o[1] and wbs_ack_o are shorted in cell user_project_wrapper (1)
Pins wbs_dat_o[0] and wbs_ack_o are shorted in cell user_project_wrapper (1)

Final result: 
Subcell(s) failed matching.


The following subcells failed to match:
 ucb_top\"(0)\"
 ucb_top\"(1)\"

Logging to file "/tmp/tmpvbyuj49e/repo/precheck_results/12_MAY_2026___09_35_03/tmp/lvs.report" disabled
LVS Done.
grep: /tmp/tmpvbyuj49e/repo/precheck_results/12_MAY_2026___09_35_03/tmp/abstract.glob: No such file or directory
Notice: LVS completed with these abstracted cells: 
BV_sky130_ef_sc_hd__decap_40_12 contains no devices
BV_sky130_fd_sc_hd__buf_4 contains no devices
BV_sky130_fd_sc_hd__buf_8 contains no devices
BV_sky130_fd_sc_hd__buf_6 contains no devices
BV_sky130_fd_sc_hd__clkbuf_4 contains no devices
BV_sky130_fd_sc_hd__clkbuf_8 contains no devices
BV_sky130_fd_sc_hd__buf_1 contains no devices
BV_sky130_fd_sc_hd__buf_2 contains no devices
BV_sky130_fd_sc_hd__clkbuf_2 contains no devices
BV_sky130_fd_sc_hd__decap_3 contains no devices
BV_sky130_fd_sc_hd__clkbuf_1 contains no devices
BV_sky130_fd_sc_hd__clkbuf_16 contains no devices
BV_sky130_fd_sc_hd__buf_12 contains no devices

Error: LVS mismatch.
DESIGN NAME: user_project_wrapper
WORK_ROOT   : /tmp/tmpvbyuj49e/repo/precheck_results/12_MAY_2026___09_35_03/tmp
LOG_ROOT    : /tmp/tmpvbyuj49e/repo/precheck_results/12_MAY_2026___09_35_03/logs
SIGNOFF_ROOT: /tmp/tmpvbyuj49e/repo/precheck_results/12_MAY_2026___09_35_03/outputs/reports
 
Running CVC...
Creating /tmp/tmpvbyuj49e/repo/precheck_results/12_MAY_2026___09_35_03/tmp/user_project_wrapper.cdl.gz
Default cvcrc in default.cvcrc
CVC: Circuit Validation Check  Version 1.1.7
CVC: Log output to /tmp/tmpvbyuj49e/repo/precheck_results/12_MAY_2026___09_35_03/tmp/cvc.log
CVC: Error output to /tmp/tmpvbyuj49e/repo/precheck_results/12_MAY_2026___09_35_03/tmp/cvc.error.gz
CVC: Debug output to /tmp/tmpvbyuj49e/repo/precheck_results/12_MAY_2026___09_35_03/tmp/cvc.debug.gz
CVC: Start: Tue May 12 09:40:51 2026

Using the following parameters for CVC (Circuit Validation Check) from /tmp/tmpvbyuj49e/repo/precheck_results/12_MAY_2026___09_35_03/tmp/cvcrc
CVC_TOP = 'user_project_wrapper'
CVC_NETLIST = '/tmp/tmpvbyuj49e/repo/precheck_results/12_MAY_2026___09_35_03/tmp/user_project_wrapper.cdl.gz'
CVC_MODE = 'user_project_wrapper'
CVC_MODEL_FILE = '/usr/local/lib/python3.9/site-packages/cf_precheck/be_checks/tech/sky130A/cvc.models'
CVC_POWER_FILE = '/tmp/tmpvbyuj49e/repo/precheck_results/12_MAY_2026___09_35_03/tmp/cvc.power.user_project_wrapper'
CVC_FUSE_FILE = ''
CVC_REPORT_FILE = '/tmp/tmpvbyuj49e/repo/precheck_results/12_MAY_2026___09_35_03/tmp/cvc.log'
CVC_REPORT_TITLE = 'CVC user_project_wrapper'
CVC_CIRCUIT_ERROR_LIMIT = '100'
CVC_SEARCH_LIMIT = '100'
CVC_LEAK_LIMIT = '0.0002'
CVC_SOI = 'false'
CVC_SCRC = 'false'
CVC_VTH_GATES = 'false'
CVC_MIN_VTH_GATES = 'false'
CVC_IGNORE_VTH_FLOATING = 'false'
CVC_IGNORE_NO_LEAK_FLOATING = 'false'
CVC_LEAK_OVERVOLTAGE = 'true'
CVC_LOGIC_DIODES = 'false'
CVC_ANALOG_GATES = 'true'
CVC_BACKUP_RESULTS = 'false'
CVC_MOS_DIODE_ERROR_THRESHOLD = '0'
CVC_SHORT_ERROR_THRESHOLD = '0'
CVC_BIAS_ERROR_THRESHOLD = '0'
CVC_FORWARD_ERROR_THRESHOLD = '0'
CVC_FLOATING_ERROR_THRESHOLD = '0'
CVC_GATE_ERROR_THRESHOLD = '0'
CVC_LEAK?_ERROR_THRESHOLD = '0'
CVC_EXPECTED_ERROR_THRESHOLD = '0'
CVC_OVERVOLTAGE_ERROR_THRESHOLD = '0'
CVC_PARALLEL_CIRCUIT_PORT_LIMIT = '0'
CVC_CELL_ERROR_LIMIT_FILE = ''
CVC_CELL_CHECKSUM_FILE = ''
CVC_LARGE_CIRCUIT_SIZE = '10000000'
CVC_NET_CHECK_FILE = ''
CVC_MODEL_CHECK_FILE = ''
End of parameters

CVC: Reading device model settings...
CVC: Reading power settings...
CVC: Parsing netlist /tmp/tmpvbyuj49e/repo/precheck_results/12_MAY_2026___09_35_03/tmp/user_project_wrapper.cdl.gz

Cdl fixed data size 829266
Usage CDL: Time: 0  Memory: 28508  I/O: 24  Swap: 0
CVC: Counting and linking...
CVC: Assigning IDs ...
Usage DB: Time: 0  Memory: 33788  I/O: 24  Swap: 0
CVC: 42767(42767) instances, 71528(71528) nets, 143727(143727) devices.
Setting power for mode...
Setting models...
CVC: Setting models ...
Setting model tolerances...
CVC: Shorting switches...
 model short...
	Shorted 231 short
 model sky130_fd_pr__res_generic_l1...
	Shorted 0 sky130_fd_pr__res_generic_l1
 model sky130_fd_pr__res_generic_m1...
	Shorted 0 sky130_fd_pr__res_generic_m1
 model sky130_fd_pr__res_generic_m2...
	Shorted 0 sky130_fd_pr__res_generic_m2
 model sky130_fd_pr__res_generic_m3...
	Shorted 0 sky130_fd_pr__res_generic_m3
 model sky130_fd_pr__res_generic_m4...
	Shorted 0 sky130_fd_pr__res_generic_m4
 model sky130_fd_pr__res_generic_m5...
	Shorted 0 sky130_fd_pr__res_generic_m5
Setting instance power...
CVC: Linking devices...

Usage EQUIV: Time: 0  Memory: 50072  I/O: 88  Swap: 0
Power nets 396
CVC: Shorting non conducting resistors...
CVC: Calculating resistor voltages...
Usage RES: Time: 0  Memory: 50072  I/O: 88  Swap: 0
Power nets 396
CVC: Calculating min/max voltages...
Processing trivial nets found 0 trivial nets
WARNING: unknown min gate at net->device: /Xu_ucb/net25 -> /Xu_ucb(ucb_top)/X_09036_(BV_sky130_fd_sc_hd__and4_1)/MX4
WARNING: unknown min gate at net->device: /Xu_ucb/net162 -> /Xu_ucb(ucb_top)/X_06883_(BV_sky130_fd_sc_hd__mux2_1)/MX7
WARNING: unknown min gate at net->device: /Xu_ucb/net1139 -> /Xu_ucb(ucb_top)/X_09068_(BV_sky130_fd_sc_hd__mux2_1)/MX4
WARNING: unknown min gate at net->device: /Xu_ucb/net1055 -> /Xu_ucb(ucb_top)/X_07504_(BV_sky130_fd_sc_hd__a22o_1)/MX4
WARNING: unknown min gate at net->device: /Xu_ucb/net641 -> /Xu_ucb(ucb_top)/X_09723_(BV_sky130_fd_sc_hd__a22o_1)/MX8
WARNING: unknown min gate at net->device: /Xu_ucb/net658 -> /Xu_ucb(ucb_top)/X_10343_(BV_sky130_fd_sc_hd__a2111o_1)/MX4
WARNING: unknown min gate at net->device: /Xu_ucb/net1121 -> /Xu_ucb(ucb_top)/X_05695_(BV_sky130_fd_sc_hd__o21ai_2)/MX4
WARNING: unknown min gate at net->device: /Xu_ucb/net656 -> /Xu_ucb(ucb_top)/X_09619_(BV_sky130_fd_sc_hd__o22ai_4)/MX5
WARNING: unknown min gate at net->device: /Xu_ucb/net1120 -> /Xu_ucb(ucb_top)/X_06094_(BV_sky130_fd_sc_hd__o21ai_4)/MX2
WARNING: unknown min gate at net->device: /Xu_ucb/net979 -> /Xu_ucb(ucb_top)/X_10009_(BV_sky130_fd_sc_hd__o21a_1)/MX6
WARNING: unknown min gate at net->device: /Xu_ucb/net298 -> /Xu_ucb(ucb_top)/X_09671_(BV_sky130_fd_sc_hd__a211o_1)/MX1
WARNING: unknown min gate at net->device: /Xu_ucb/net14 -> /Xu_ucb(ucb_top)/X_05696_(BV_sky130_fd_sc_hd__o22a_1)/MX5
WARNING: unknown min gate at net->device: /Xu_ucb/net1122 -> /Xu_ucb(ucb_top)/X_07949_(BV_sky130_fd_sc_hd__o22a_1)/MX2
WARNING: unknown min gate at net->device: /Xu_ucb/net1120 -> /Xu_ucb(ucb_top)/X_06194_(BV_sky130_fd_sc_hd__o2bb2a_1)/MX3
WARNING: unknown min gate at net->device: /Xu_ucb/net1122 -> /Xu_ucb(ucb_top)/X_06245_(BV_sky130_fd_sc_hd__o22a_2)/MX8
WARNING: unknown min gate at net->device: /Xu_ucb/net655 -> /Xu_ucb(ucb_top)/X_10710_(BV_sky130_fd_sc_hd__o22a_4)/MX8
WARNING: unknown min gate at net->device: /Xu_ucb/net1138 -> /Xu_ucb(ucb_top)/X_09030_(BV_sky130_fd_sc_hd__o21ba_1)/MX7
WARNING: unknown min gate at net->device: /Xu_ucb/net655 -> /Xu_ucb(ucb_top)/X_09846_(BV_sky130_fd_sc_hd__o31a_1)/MX3
WARNING: unknown min gate at net->device: /Xu_ucb/net1123 -> /Xu_ucb(ucb_top)/X_07378_(BV_sky130_fd_sc_hd__o21ai_1)/MX0
WARNING: unknown min gate at net->device: /Xu_ucb/net656 -> /Xu_ucb(ucb_top)/X_09561_(BV_sky130_fd_sc_hd__o2bb2a_4)/MX8
WARNING: unknown min gate at net->device: /Xu_ucb/net655 -> /Xu_ucb(ucb_top)/X_09999_(BV_sky130_fd_sc_hd__o32a_1)/MX8
WARNING: unknown min gate at net->device: /Xu_ucb/net655 -> /Xu_ucb(ucb_top)/X_09339_(BV_sky130_fd_sc_hd__o2bb2a_2)/MX6
WARNING: unknown min gate at net->device: /Xu_ucb/net719 -> /Xu_ucb(ucb_top)/X_08553_(BV_sky130_fd_sc_hd__xor2_1)/MX3
WARNING: unknown min gate at net->device: /Xu_ucb/net1143 -> /Xu_ucb(ucb_top)/X_05481_(BV_sky130_fd_sc_hd__nor2_4)/MX2
WARNING: unknown min gate at net->device: /Xu_ucb/net298 -> /Xu_ucb(ucb_top)/X_09683_(BV_sky130_fd_sc_hd__or2_1)/MX5
WARNING: unknown min gate at net->device: /Xu_ucb/net298 -> /Xu_ucb(ucb_top)/X_09660_(BV_sky130_fd_sc_hd__nor2_1)/MX2
WARNING: unknown min gate at net->device: /Xu_ucb/net1120 -> /Xu_ucb(ucb_top)/X_06195_(BV_sky130_fd_sc_hd__a2bb2o_2)/MX6
WARNING: unknown min gate at net->device: /Xu_ucb/net656 -> /Xu_ucb(ucb_top)/X_09283_(BV_sky130_fd_sc_hd__a2bb2o_1)/MX0
WARNING: unknown min gate at net->device: /Xu_ucb/net1132 -> /Xu_ucb(ucb_top)/X_09088_(BV_sky130_fd_sc_hd__nor4_1)/MX6
WARNING: unknown min gate at net->device: /Xu_ucb/net1148 -> /Xu_ucb(ucb_top)/X_05416_(BV_sky130_fd_sc_hd__or4_4)/MX9
WARNING: unknown min gate at net->device: /Xu_ucb/net1147 -> /Xu_ucb(ucb_top)/X_05419_(BV_sky130_fd_sc_hd__or2_4)/MX0
WARNING: unknown min gate at net->device: /Xu_ucb/net6 -> /Xu_ucb(ucb_top)/X_05417_(BV_sky130_fd_sc_hd__or2_2)/MX0
WARNING: unknown min gate at net->device: /Xu_ucb/net1141 -> /Xu_ucb(ucb_top)/X_05436_(BV_sky130_fd_sc_hd__nor2_8)/MX1
WARNING: unknown max gate at net->device: /Xu_ucb/net14 -> /Xu_ucb(ucb_top)/X_05697_(BV_sky130_fd_sc_hd__a221oi_1)/MX3
WARNING: unknown max gate at net->device: /Xu_ucb/net303 -> /Xu_ucb(ucb_top)/X_09339_(BV_sky130_fd_sc_hd__o2bb2a_2)/MX0
WARNING: unknown max gate at net->device: /Xu_ucb/net655 -> /Xu_ucb(ucb_top)/X_09999_(BV_sky130_fd_sc_hd__o32a_1)/MX6
WARNING: unknown max gate at net->device: /Xu_ucb/net1134 -> /Xu_ucb(ucb_top)/X_09112_(BV_sky130_fd_sc_hd__and4b_4)/MX10
WARNING: unknown max gate at net->device: /Xu_ucb/net1416 -> /Xu_ucb(ucb_top)/X_12907_(BV_sky130_fd_sc_hd__dfrtp_4)/MX13
WARNING: unknown max gate at net->device: /Xu_ucb/net1132 -> /Xu_ucb(ucb_top)/X_09116_(BV_sky130_fd_sc_hd__and4bb_4)/MX8
WARNING: unknown max gate at net->device: /Xu_ucb/net656 -> /Xu_ucb(ucb_top)/X_09561_(BV_sky130_fd_sc_hd__o2bb2a_4)/MX10
WARNING: unknown max gate at net->device: /Xu_ucb/net1122 -> /Xu_ucb(ucb_top)/X_07990_(BV_sky130_fd_sc_hd__o21ai_1)/MX2
WARNING: unknown max gate at net->device: /Xu_ucb/net655 -> /Xu_ucb(ucb_top)/X_09921_(BV_sky130_fd_sc_hd__o31a_1)/MX8
WARNING: unknown max gate at net->device: /Xu_ucb/net1306 -> /Xu_ucb(ucb_top)/X_10800_(BV_sky130_fd_sc_hd__dfrtp_2)/MX13
WARNING: unknown max gate at net->device: /Xu_ucb/net1416 -> /Xu_ucb(ucb_top)/X_12842_(BV_sky130_fd_sc_hd__dfstp_1)/MX26
WARNING: unknown max gate at net->device: /Xu_ucb/net653 -> /Xu_ucb(ucb_top)/X_10201_(BV_sky130_fd_sc_hd__o22a_4)/MX9
WARNING: unknown max gate at net->device: /Xu_ucb/net16 -> /Xu_ucb(ucb_top)/X_05699_(BV_sky130_fd_sc_hd__o2bb2a_1)/MX8
WARNING: unknown max gate at net->device: /Xu_ucb/net969 -> /Xu_ucb(ucb_top)/X_09091_(BV_sky130_fd_sc_hd__nand2_4)/MX3
WARNING: unknown max gate at net->device: /Xu_ucb/net9 -> /Xu_ucb(ucb_top)/X_06046_(BV_sky130_fd_sc_hd__nand2b_1)/MX2
WARNING: unknown max gate at net->device: /Xu_ucb/clknet_leaf_154_clk -> /Xu_ucb(ucb_top)/Xclkload214(BV_sky130_fd_sc_hd__clkinvlp_4)/MX3
WARNING: unknown max gate at net->device: /Xu_ucb/net9 -> /Xu_ucb(ucb_top)/X_06047_(BV_sky130_fd_sc_hd__xnor2_1)/MX9
WARNING: unknown max gate at net->device: /Xu_ucb/net1377 -> /Xu_ucb(ucb_top)/X_12529_(BV_sky130_fd_sc_hd__dfrtp_1)/MX12
WARNING: unknown max gate at net->device: /Xu_ucb/net1447 -> /Xu_ucb(ucb_top)/X_05430_(BV_sky130_fd_sc_hd__nand2_1)/MX2
WARNING: unknown max gate at net->device: /Xu_ucb/net7 -> /Xu_ucb(ucb_top)/X_05696_(BV_sky130_fd_sc_hd__o22a_1)/MX6
WARNING: unknown max gate at net->device: /Xu_ucb/net583 -> /Xu_ucb(ucb_top)/X_09746_(BV_sky130_fd_sc_hd__a22o_1)/MX9
WARNING: unknown max gate at net->device: /Xu_ucb/net594 -> /Xu_ucb(ucb_top)/X_09731_(BV_sky130_fd_sc_hd__a211o_1)/MX5
WARNING: unknown max gate at net->device: /Xu_ucb/net701 -> /Xu_ucb(ucb_top)/X_06952_(BV_sky130_fd_sc_hd__mux2_1)/MX9
WARNING: unknown max gate at net->device: /Xu_ucb/net655 -> /Xu_ucb(ucb_top)/X_09339_(BV_sky130_fd_sc_hd__o2bb2a_2)/MX7
WARNING: unknown max gate at net->device: /Xu_ucb/net68 -> /Xu_ucb(ucb_top)/X_10718_(BV_sky130_fd_sc_hd__a41o_1)/MX1
WARNING: unknown max gate at net->device: /Xu_ucb/net939 -> /Xu_ucb(ucb_top)/X_09106_(BV_sky130_fd_sc_hd__and2_2)/MX2
WARNING: unknown max gate at net->device: /Xu_ucb/net1137 -> /Xu_ucb(ucb_top)/X_09108_(BV_sky130_fd_sc_hd__and4b_1)/MX5
WARNING: unknown max gate at net->device: /Xu_ucb/net1120 -> /Xu_ucb(ucb_top)/X_06144_(BV_sky130_fd_sc_hd__o21ai_4)/MX3
WARNING: unknown max gate at net->device: /Xu_ucb/net1416 -> /Xu_ucb(ucb_top)/X_12907_(BV_sky130_fd_sc_hd__dfrtp_4)/MX5
WARNING: unknown max gate at net->device: /Xu_ucb/net297 -> /Xu_ucb(ucb_top)/X_09624_(BV_sky130_fd_sc_hd__and3b_1)/MX9
WARNING: unknown max gate at net->device: /Xu_ucb/net1136 -> /Xu_ucb(ucb_top)/X_09145_(BV_sky130_fd_sc_hd__and4bb_1)/MX8
WARNING: unknown max gate at net->device: /Xu_ucb/net1137 -> /Xu_ucb(ucb_top)/X_09119_(BV_sky130_fd_sc_hd__and4bb_2)/MX8
WARNING: unknown max gate at net->device: /Xu_ucb/net1306 -> /Xu_ucb(ucb_top)/X_10800_(BV_sky130_fd_sc_hd__dfrtp_2)/MX7
WARNING: unknown max gate at net->device: /Xu_ucb/net1416 -> /Xu_ucb(ucb_top)/X_12842_(BV_sky130_fd_sc_hd__dfstp_1)/MX31
WARNING: unknown max gate at net->device: /Xu_ucb/net1138 -> /Xu_ucb(ucb_top)/X_09030_(BV_sky130_fd_sc_hd__o21ba_1)/MX4
WARNING: unknown max gate at net->device: /Xu_ucb/net1122 -> /Xu_ucb(ucb_top)/X_07703_(BV_sky130_fd_sc_hd__o22a_2)/MX1
WARNING: unknown max gate at net->device: /Xu_ucb/net13 -> /Xu_ucb(ucb_top)/X_06246_(BV_sky130_fd_sc_hd__xor2_4)/MX7
WARNING: unknown max gate at net->device: /Xu_ucb/net655 -> /Xu_ucb(ucb_top)/X_09227_(BV_sky130_fd_sc_hd__o2bb2a_1)/MX2
WARNING: unknown max gate at net->device: /Xu_ucb/net656 -> /Xu_ucb(ucb_top)/X_09395_(BV_sky130_fd_sc_hd__o22ai_4)/MX2
WARNING: unknown max gate at net->device: /Xu_ucb/net300 -> /Xu_ucb(ucb_top)/X_10792_(BV_sky130_fd_sc_hd__a2bb2o_1)/MX6
WARNING: unknown max gate at net->device: /Xu_ucb/net1020 -> /Xu_ucb(ucb_top)/X_07204_(BV_sky130_fd_sc_hd__and2_4)/MX4
WARNING: unknown max gate at net->device: /Xu_ucb/net1120 -> /Xu_ucb(ucb_top)/X_05541_(BV_sky130_fd_sc_hd__o21ai_2)/MX0
WARNING: unknown max gate at net->device: /Xu_ucb/net1129 -> /Xu_ucb(ucb_top)/X_09069_(BV_sky130_fd_sc_hd__o21ai_2)/MX5
WARNING: unknown max gate at net->device: /Xu_ucb/net303 -> /Xu_ucb(ucb_top)/X_09340_(BV_sky130_fd_sc_hd__a2bb2o_2)/MX11
WARNING: unknown max gate at net->device: /Xu_ucb/clknet_leaf_154_clk -> /Xu_ucb(ucb_top)/Xclkload214(BV_sky130_fd_sc_hd__clkinvlp_4)/MX1
WARNING: unknown max gate at net->device: /Xu_ucb/net1057 -> /Xu_ucb(ucb_top)/X_07719_(BV_sky130_fd_sc_hd__a2111o_1)/MX0
WARNING: unknown max gate at net->device: /Xu_ucb/net9 -> /Xu_ucb(ucb_top)/X_06047_(BV_sky130_fd_sc_hd__xnor2_1)/MX5
WARNING: unknown max gate at net->device: /Xu_ucb/net931 -> /Xu_ucb(ucb_top)/X_09122_(BV_sky130_fd_sc_hd__and2_1)/MX2
WARNING: unknown max gate at net->device: /Xu_ucb/net1377 -> /Xu_ucb(ucb_top)/X_12529_(BV_sky130_fd_sc_hd__dfrtp_1)/MX5
WARNING: unknown max gate at net->device: /Xu_ucb/net1132 -> /Xu_ucb(ucb_top)/X_09124_(BV_sky130_fd_sc_hd__and4_1)/MX6
WARNING: unknown max gate at net->device: /Xu_ucb/net937 -> /Xu_ucb(ucb_top)/X_09285_(BV_sky130_fd_sc_hd__and3_1)/MX3
WARNING: unknown max gate at net->device: /Xu_ucb/net653 -> /Xu_ucb(ucb_top)/X_10363_(BV_sky130_fd_sc_hd__o22a_1)/MX4
WARNING: unknown max gate at net->device: /Xu_ucb/net623 -> /Xu_ucb(ucb_top)/X_09740_(BV_sky130_fd_sc_hd__a22o_1)/MX2
WARNING: unknown max gate at net->device: /Xu_ucb/net613 -> /Xu_ucb(ucb_top)/X_09955_(BV_sky130_fd_sc_hd__a221o_1)/MX11
WARNING: unknown max gate at net->device: /Xu_ucb/net1138 -> /Xu_ucb(ucb_top)/X_09020_(BV_sky130_fd_sc_hd__o21a_1)/MX3
WARNING: unknown max gate at net->device: /Xu_ucb/net819 -> /Xu_ucb(ucb_top)/X_05765_(BV_sky130_fd_sc_hd__a221o_1)/MX8
WARNING: unknown max gate at net->device: /Xu_ucb/net15 -> /Xu_ucb(ucb_top)/X_05697_(BV_sky130_fd_sc_hd__a221oi_1)/MX0
WARNING: unknown max gate at net->device: /Xu_ucb/net448 -> /Xu_ucb(ucb_top)/X_09702_(BV_sky130_fd_sc_hd__o21a_1)/MX1
WARNING: unknown max gate at net->device: /Xu_ucb/net300 -> /Xu_ucb(ucb_top)/X_10787_(BV_sky130_fd_sc_hd__mux2_1)/MX8
WARNING: unknown max gate at net->device: /Xu_ucb/net1139 -> /Xu_ucb(ucb_top)/X_09068_(BV_sky130_fd_sc_hd__mux2_1)/MX6
WARNING: unknown max gate at net->device: /Xu_ucb/net979 -> /Xu_ucb(ucb_top)/X_10001_(BV_sky130_fd_sc_hd__a21boi_2)/MX9
WARNING: unknown max gate at net->device: /Xu_ucb/net979 -> /Xu_ucb(ucb_top)/X_10001_(BV_sky130_fd_sc_hd__a21boi_2)/MX7
WARNING: unknown max gate at net->device: /Xu_ucb/net719 -> /Xu_ucb(ucb_top)/X_08553_(BV_sky130_fd_sc_hd__xor2_1)/MX1
WARNING: unknown max gate at net->device: /Xu_ucb/net1055 -> /Xu_ucb(ucb_top)/X_07504_(BV_sky130_fd_sc_hd__a22o_1)/MX1
WARNING: unknown max gate at net->device: /Xu_ucb/net300 -> /Xu_ucb(ucb_top)/X_10778_(BV_sky130_fd_sc_hd__o21ai_1)/MX3
WARNING: unknown max gate at net->device: /Xu_ucb/net297 -> /Xu_ucb(ucb_top)/X_09625_(BV_sky130_fd_sc_hd__a21oi_1)/MX0
WARNING: unknown max gate at net->device: /Xu_ucb/net297 -> /Xu_ucb(ucb_top)/X_09644_(BV_sky130_fd_sc_hd__a31o_1)/MX6
WARNING: unknown max gate at net->device: /Xu_ucb/net1139 -> /Xu_ucb(ucb_top)/X_10718_(BV_sky130_fd_sc_hd__a41o_1)/MX6
WARNING: unknown max gate at net->device: /Xu_ucb/net1139 -> /Xu_ucb(ucb_top)/X_10716_(BV_sky130_fd_sc_hd__a31oi_2)/MX4
WARNING: unknown max gate at net->device: /Xu_ucb/net1138 -> /Xu_ucb(ucb_top)/X_09013_(BV_sky130_fd_sc_hd__and3_1)/MX7
WARNING: unknown max gate at net->device: /Xu_ucb/net1134 -> /Xu_ucb(ucb_top)/X_09124_(BV_sky130_fd_sc_hd__and4_1)/MX9
WARNING: unknown max gate at net->device: /Xu_ucb/net1138 -> /Xu_ucb(ucb_top)/X_09019_(BV_sky130_fd_sc_hd__nand2_1)/MX1
WARNING: unknown max gate at net->device: /Xu_ucb/net958 -> /Xu_ucb(ucb_top)/X_09171_(BV_sky130_fd_sc_hd__and2_1)/MX5
WARNING: unknown max gate at net->device: /Xu_ucb/net941 -> /Xu_ucb(ucb_top)/X_09118_(BV_sky130_fd_sc_hd__and2_4)/MX5
WARNING: unknown min gate at net->device: /Xu_ucb/net1446 -> /Xu_ucb(ucb_top)/X_05416_(BV_sky130_fd_sc_hd__or4_4)/MX0
WARNING: unknown min gate at net->device: /Xu_ucb/net1446 -> /Xu_ucb(ucb_top)/X_05422_(BV_sky130_fd_sc_hd__or4bb_4)/MX4
WARNING: unknown min gate at net->device: /Xu_ucb/net1149 -> /Xu_ucb(ucb_top)/X_05444_(BV_sky130_fd_sc_hd__or3_4)/MX2
WARNING: unknown min gate at net->device: /Xu_ucb/net1134 -> /Xu_ucb(ucb_top)/X_09088_(BV_sky130_fd_sc_hd__nor4_1)/MX2
WARNING: unknown min gate at net->device: /Xu_ucb/net1134 -> /Xu_ucb(ucb_top)/X_09101_(BV_sky130_fd_sc_hd__nor4b_1)/MX5
WARNING: unknown min gate at net->device: /Xu_ucb/net1446 -> /Xu_ucb(ucb_top)/X_05437_(BV_sky130_fd_sc_hd__or4b_4)/MX8
WARNING: unknown min gate at net->device: /Xu_ucb/net1131 -> /Xu_ucb(ucb_top)/X_09088_(BV_sky130_fd_sc_hd__nor4_1)/MX1
WARNING: unknown min gate at net->device: /Xu_ucb/net1149 -> /Xu_ucb(ucb_top)/X_05416_(BV_sky130_fd_sc_hd__or4_4)/MX3
WARNING: unknown min gate at net->device: /Xu_ucb/net1148 -> /Xu_ucb(ucb_top)/X_05479_(BV_sky130_fd_sc_hd__or4b_4)/MX10
WARNING: unknown min gate at net->device: /Xu_ucb/net1132 -> /Xu_ucb(ucb_top)/X_09103_(BV_sky130_fd_sc_hd__nor4b_1)/MX6
WARNING: unknown max gate at net->device: /Xu_ucb/net1136 -> /Xu_ucb(ucb_top)/X_09096_(BV_sky130_fd_sc_hd__and4b_1)/MX10
WARNING: unknown max gate at net->device: /Xu_ucb/net1130 -> /Xu_ucb(ucb_top)/X_09124_(BV_sky130_fd_sc_hd__and4_1)/MX3
WARNING: unknown max gate at net->device: /Xu_ucb/net1136 -> /Xu_ucb(ucb_top)/X_09110_(BV_sky130_fd_sc_hd__and4b_2)/MX2
CVC: Ignoring invalid calculations...
CVC:   Removed 28945 calculations
Copying master nets
CVC: Ignoring non-conducting devices...
CVC:   Ignored 0 devices
Usage MIN/MAX1: Time: 0  Memory: 55148  I/O: 144  Swap: 0
Power nets 29341
! Checking forward bias diode errors: 

! Checking nmos source/drain vs bias errors: 

! Checking nmos gate vs source errors: 

! Checking pmos source/drain vs bias errors: 

! Checking pmos gate vs source errors: 

Usage ERROR: Time: 0  Memory: 55148  I/O: 152  Swap: 0
Saving min/max voltages...
CVC: Propagating Simulation voltages 1...
Usage SIM1: Time: 0  Memory: 55148  I/O: 152  Swap: 0
Power nets 29341
Saving simulation voltages...
CVC: Propagating Simulation voltages 3...
Usage SIM2: Time: 0  Memory: 55148  I/O: 152  Swap: 0
Power nets 29341
Added 0 latch voltages
CVC: Calculating min/max voltages...
Processing trivial nets found 0 trivial nets
WARNING: unknown max gate at net->device: /Xu_ucb/net14 -> /Xu_ucb(ucb_top)/X_05697_(BV_sky130_fd_sc_hd__a221oi_1)/MX3
WARNING: unknown max gate at net->device: /Xu_ucb/net303 -> /Xu_ucb(ucb_top)/X_09339_(BV_sky130_fd_sc_hd__o2bb2a_2)/MX0
WARNING: unknown max gate at net->device: /Xu_ucb/net655 -> /Xu_ucb(ucb_top)/X_09999_(BV_sky130_fd_sc_hd__o32a_1)/MX6
WARNING: unknown max gate at net->device: /Xu_ucb/net6 -> /Xu_ucb(ucb_top)/X_05417_(BV_sky130_fd_sc_hd__or2_2)/MX5
WARNING: unknown max gate at net->device: /Xu_ucb/net1135 -> /Xu_ucb(ucb_top)/X_09110_(BV_sky130_fd_sc_hd__and4b_2)/MX11
WARNING: unknown max gate at net->device: /Xu_ucb/net1147 -> /Xu_ucb(ucb_top)/X_05419_(BV_sky130_fd_sc_hd__or2_4)/MX5
WARNING: unknown max gate at net->device: /Xu_ucb/net1134 -> /Xu_ucb(ucb_top)/X_09112_(BV_sky130_fd_sc_hd__and4b_4)/MX10
WARNING: unknown max gate at net->device: /Xu_ucb/net1416 -> /Xu_ucb(ucb_top)/X_12907_(BV_sky130_fd_sc_hd__dfrtp_4)/MX13
WARNING: unknown max gate at net->device: /Xu_ucb/net1132 -> /Xu_ucb(ucb_top)/X_09116_(BV_sky130_fd_sc_hd__and4bb_4)/MX8
WARNING: unknown max gate at net->device: /Xu_ucb/net1134 -> /Xu_ucb(ucb_top)/X_09116_(BV_sky130_fd_sc_hd__and4bb_4)/MX2
WARNING: unknown max gate at net->device: /Xu_ucb/net1132 -> /Xu_ucb(ucb_top)/X_09145_(BV_sky130_fd_sc_hd__and4bb_1)/MX1
WARNING: unknown max gate at net->device: /Xu_ucb/net1131 -> /Xu_ucb(ucb_top)/X_09119_(BV_sky130_fd_sc_hd__and4bb_2)/MX11
WARNING: unknown max gate at net->device: /Xu_ucb/net656 -> /Xu_ucb(ucb_top)/X_09561_(BV_sky130_fd_sc_hd__o2bb2a_4)/MX10
WARNING: unknown max gate at net->device: /Xu_ucb/net1122 -> /Xu_ucb(ucb_top)/X_07990_(BV_sky130_fd_sc_hd__o21ai_1)/MX2
WARNING: unknown max gate at net->device: /Xu_ucb/net655 -> /Xu_ucb(ucb_top)/X_09921_(BV_sky130_fd_sc_hd__o31a_1)/MX8
WARNING: unknown max gate at net->device: /Xu_ucb/net1306 -> /Xu_ucb(ucb_top)/X_10800_(BV_sky130_fd_sc_hd__dfrtp_2)/MX13
WARNING: unknown max gate at net->device: /Xu_ucb/net1138 -> /Xu_ucb(ucb_top)/X_12857_(BV_sky130_fd_sc_hd__dfrtp_2)/MX16
WARNING: unknown max gate at net->device: /Xu_ucb/net68 -> /Xu_ucb(ucb_top)/X_10717_(BV_sky130_fd_sc_hd__and2b_1)/MX7
WARNING: unknown max gate at net->device: /Xu_ucb/clknet_leaf_146_clk -> /Xu_ucb(ucb_top)/Xclkload218(BV_sky130_fd_sc_hd__inv_8)/MX1
WARNING: unknown max gate at net->device: /Xu_ucb/net1148 -> /Xu_ucb(ucb_top)/X_05434_(BV_sky130_fd_sc_hd__or3b_4)/MX6
WARNING: unknown max gate at net->device: /Xu_ucb/net1416 -> /Xu_ucb(ucb_top)/X_12842_(BV_sky130_fd_sc_hd__dfstp_1)/MX26
WARNING: unknown max gate at net->device: /Xu_ucb/net1447 -> /Xu_ucb(ucb_top)/X_05416_(BV_sky130_fd_sc_hd__or4_4)/MX5
WARNING: unknown max gate at net->device: /Xu_ucb/net1447 -> /Xu_ucb(ucb_top)/X_05422_(BV_sky130_fd_sc_hd__or4bb_4)/MX11
WARNING: unknown max gate at net->device: /Xu_ucb/net1148 -> /Xu_ucb(ucb_top)/X_05422_(BV_sky130_fd_sc_hd__or4bb_4)/MX1
WARNING: unknown max gate at net->device: /Xu_ucb/net300 -> /Xu_ucb(ucb_top)/X_10786_(BV_sky130_fd_sc_hd__o21ba_1)/MX0
WARNING: unknown max gate at net->device: /Xu_ucb/clknet_leaf_147_clk -> /Xu_ucb(ucb_top)/Xclkload219(BV_sky130_fd_sc_hd__clkinv_8)/MX0
WARNING: unknown max gate at net->device: /Xu_ucb/net1148 -> /Xu_ucb(ucb_top)/X_05444_(BV_sky130_fd_sc_hd__or3_4)/MX4
WARNING: unknown max gate at net->device: /Xu_ucb/net653 -> /Xu_ucb(ucb_top)/X_10201_(BV_sky130_fd_sc_hd__o22a_4)/MX9
WARNING: unknown max gate at net->device: /Xu_ucb/net1132 -> /Xu_ucb(ucb_top)/X_09088_(BV_sky130_fd_sc_hd__nor4_1)/MX7
WARNING: unknown max gate at net->device: /Xu_ucb/net13 -> /Xu_ucb(ucb_top)/X_06246_(BV_sky130_fd_sc_hd__xor2_4)/MX2
WARNING: unknown max gate at net->device: /Xu_ucb/net1131 -> /Xu_ucb(ucb_top)/X_09141_(BV_sky130_fd_sc_hd__nor4b_1)/MX1
WARNING: unknown max gate at net->device: /Xu_ucb/net1130 -> /Xu_ucb(ucb_top)/X_09101_(BV_sky130_fd_sc_hd__nor4b_1)/MX3
WARNING: unknown max gate at net->device: /Xu_ucb/net16 -> /Xu_ucb(ucb_top)/X_05699_(BV_sky130_fd_sc_hd__o2bb2a_1)/MX8
WARNING: unknown max gate at net->device: /Xu_ucb/net969 -> /Xu_ucb(ucb_top)/X_09091_(BV_sky130_fd_sc_hd__nand2_4)/MX3
WARNING: unknown max gate at net->device: /Xu_ucb/clknet_leaf_126_clk -> /Xu_ucb(ucb_top)/Xclkload209(BV_sky130_fd_sc_hd__inv_6)/MX1
WARNING: unknown max gate at net->device: /Xu_ucb/clknet_leaf_128_clk -> /Xu_ucb(ucb_top)/Xclkload221(BV_sky130_fd_sc_hd__clkinv_2)/MX0
WARNING: unknown max gate at net->device: /Xu_ucb/net1149 -> /Xu_ucb(ucb_top)/X_05437_(BV_sky130_fd_sc_hd__or4b_4)/MX6
WARNING: unknown max gate at net->device: /Xu_ucb/net1447 -> /Xu_ucb(ucb_top)/X_05437_(BV_sky130_fd_sc_hd__or4b_4)/MX2
WARNING: unknown max gate at net->device: /Xu_ucb/net9 -> /Xu_ucb(ucb_top)/X_06046_(BV_sky130_fd_sc_hd__nand2b_1)/MX2
WARNING: unknown max gate at net->device: /Xu_ucb/net298 -> /Xu_ucb(ucb_top)/X_09622_(BV_sky130_fd_sc_hd__nor2_1)/MX3
WARNING: unknown max gate at net->device: /Xu_ucb/clknet_leaf_154_clk -> /Xu_ucb(ucb_top)/Xclkload214(BV_sky130_fd_sc_hd__clkinvlp_4)/MX3
WARNING: unknown max gate at net->device: /Xu_ucb/clknet_leaf_145_clk -> /Xu_ucb(ucb_top)/Xclkload217(BV_sky130_fd_sc_hd__bufinv_16)/MX5
WARNING: unknown max gate at net->device: /Xu_ucb/net1125 -> /Xu_ucb(ucb_top)/X_07719_(BV_sky130_fd_sc_hd__a2111o_1)/MX8
WARNING: unknown max gate at net->device: /Xu_ucb/net1146 -> /Xu_ucb(ucb_top)/X_05465_(BV_sky130_fd_sc_hd__nor2_8)/MX2
WARNING: unknown max gate at net->device: /Xu_ucb/net1140 -> /Xu_ucb(ucb_top)/X_05467_(BV_sky130_fd_sc_hd__nor2_8)/MX3
WARNING: unknown max gate at net->device: /Xu_ucb/net298 -> /Xu_ucb(ucb_top)/X_09638_(BV_sky130_fd_sc_hd__or2_1)/MX1
WARNING: unknown max gate at net->device: /Xu_ucb/net9 -> /Xu_ucb(ucb_top)/X_06047_(BV_sky130_fd_sc_hd__xnor2_1)/MX9
WARNING: unknown max gate at net->device: /Xu_ucb/net1147 -> /Xu_ucb(ucb_top)/X_05449_(BV_sky130_fd_sc_hd__nor2_4)/MX1
WARNING: unknown max gate at net->device: /Xu_ucb/net1377 -> /Xu_ucb(ucb_top)/X_12529_(BV_sky130_fd_sc_hd__dfrtp_1)/MX12
WARNING: unknown max gate at net->device: /Xu_ucb/net1139 -> /Xu_ucb(ucb_top)/X_12881_(BV_sky130_fd_sc_hd__dfrtp_1)/MX15
WARNING: unknown max gate at net->device: /Xu_ucb/net1447 -> /Xu_ucb(ucb_top)/X_05430_(BV_sky130_fd_sc_hd__nand2_1)/MX2
WARNING: unknown max gate at net->device: /Xu_ucb/net7 -> /Xu_ucb(ucb_top)/X_05696_(BV_sky130_fd_sc_hd__o22a_1)/MX6
WARNING: unknown max gate at net->device: /Xu_ucb/net583 -> /Xu_ucb(ucb_top)/X_09746_(BV_sky130_fd_sc_hd__a22o_1)/MX9
WARNING: unknown max gate at net->device: /Xu_ucb/net358 -> /Xu_ucb(ucb_top)/X_08537_(BV_sky130_fd_sc_hd__xor2_1)/MX2
WARNING: unknown max gate at net->device: /Xu_ucb/net594 -> /Xu_ucb(ucb_top)/X_09731_(BV_sky130_fd_sc_hd__a211o_1)/MX5
WARNING: unknown max gate at net->device: /Xu_ucb/net659 -> /Xu_ucb(ucb_top)/X_09842_(BV_sky130_fd_sc_hd__a211o_1)/MX9
WARNING: unknown max gate at net->device: /Xu_ucb/net701 -> /Xu_ucb(ucb_top)/X_06952_(BV_sky130_fd_sc_hd__mux2_1)/MX9
WARNING: unknown max gate at net->device: /Xu_ucb/net701 -> /Xu_ucb(ucb_top)/X_06952_(BV_sky130_fd_sc_hd__mux2_1)/MX5
WARNING: unknown max gate at net->device: /Xu_ucb/net655 -> /Xu_ucb(ucb_top)/X_09339_(BV_sky130_fd_sc_hd__o2bb2a_2)/MX7
WARNING: unknown max gate at net->device: /Xu_ucb/net68 -> /Xu_ucb(ucb_top)/X_10718_(BV_sky130_fd_sc_hd__a41o_1)/MX1
WARNING: unknown max gate at net->device: /Xu_ucb/net1131 -> /Xu_ucb(ucb_top)/X_09092_(BV_sky130_fd_sc_hd__nor4b_2)/MX3
WARNING: unknown max gate at net->device: /Xu_ucb/net939 -> /Xu_ucb(ucb_top)/X_09106_(BV_sky130_fd_sc_hd__and2_2)/MX2
WARNING: unknown max gate at net->device: /Xu_ucb/net1131 -> /Xu_ucb(ucb_top)/X_09108_(BV_sky130_fd_sc_hd__and4b_1)/MX11
WARNING: unknown max gate at net->device: /Xu_ucb/net1137 -> /Xu_ucb(ucb_top)/X_09108_(BV_sky130_fd_sc_hd__and4b_1)/MX5
WARNING: unknown max gate at net->device: /Xu_ucb/net1120 -> /Xu_ucb(ucb_top)/X_06144_(BV_sky130_fd_sc_hd__o21ai_4)/MX3
WARNING: unknown max gate at net->device: /Xu_ucb/net1137 -> /Xu_ucb(ucb_top)/X_09112_(BV_sky130_fd_sc_hd__and4b_4)/MX11
WARNING: unknown max gate at net->device: /Xu_ucb/clknet_leaf_144_clk -> /Xu_ucb(ucb_top)/X_12907_(BV_sky130_fd_sc_hd__dfrtp_4)/MX26
WARNING: unknown max gate at net->device: /Xu_ucb/net1416 -> /Xu_ucb(ucb_top)/X_12907_(BV_sky130_fd_sc_hd__dfrtp_4)/MX5
WARNING: unknown max gate at net->device: /Xu_ucb/clknet_leaf_148_clk -> /Xu_ucb(ucb_top)/X_12882_(BV_sky130_fd_sc_hd__dfxtp_1)/MX23
WARNING: unknown max gate at net->device: /Xu_ucb/net297 -> /Xu_ucb(ucb_top)/X_09624_(BV_sky130_fd_sc_hd__and3b_1)/MX9
WARNING: unknown max gate at net->device: /Xu_ucb/net1136 -> /Xu_ucb(ucb_top)/X_09116_(BV_sky130_fd_sc_hd__and4bb_4)/MX13
WARNING: unknown max gate at net->device: /Xu_ucb/net1136 -> /Xu_ucb(ucb_top)/X_09145_(BV_sky130_fd_sc_hd__and4bb_1)/MX8
WARNING: unknown max gate at net->device: /Xu_ucb/net1134 -> /Xu_ucb(ucb_top)/X_09145_(BV_sky130_fd_sc_hd__and4bb_1)/MX5
WARNING: unknown max gate at net->device: /Xu_ucb/net1135 -> /Xu_ucb(ucb_top)/X_09119_(BV_sky130_fd_sc_hd__and4bb_2)/MX13
WARNING: unknown max gate at net->device: /Xu_ucb/net1137 -> /Xu_ucb(ucb_top)/X_09119_(BV_sky130_fd_sc_hd__and4bb_2)/MX8
WARNING: unknown max gate at net->device: /Xu_ucb/net979 -> /Xu_ucb(ucb_top)/X_09693_(BV_sky130_fd_sc_hd__a21bo_1)/MX7
WARNING: unknown max gate at net->device: /Xu_ucb/clknet_leaf_206_clk -> /Xu_ucb(ucb_top)/X_10800_(BV_sky130_fd_sc_hd__dfrtp_2)/MX26
WARNING: unknown max gate at net->device: /Xu_ucb/net1306 -> /Xu_ucb(ucb_top)/X_10800_(BV_sky130_fd_sc_hd__dfrtp_2)/MX7
WARNING: unknown max gate at net->device: /Xu_ucb/net4 -> /Xu_ucb(ucb_top)/X_05450_(BV_sky130_fd_sc_hd__or3b_4)/MX9
WARNING: unknown max gate at net->device: /Xu_ucb/net1416 -> /Xu_ucb(ucb_top)/X_12842_(BV_sky130_fd_sc_hd__dfstp_1)/MX31
WARNING: unknown max gate at net->device: /Xu_ucb/clknet_leaf_144_clk -> /Xu_ucb(ucb_top)/X_12842_(BV_sky130_fd_sc_hd__dfstp_1)/MX30
WARNING: unknown max gate at net->device: /Xu_ucb/net4 -> /Xu_ucb(ucb_top)/X_05455_(BV_sky130_fd_sc_hd__or4bb_4)/MX2
WARNING: unknown max gate at net->device: /Xu_ucb/net1138 -> /Xu_ucb(ucb_top)/X_09030_(BV_sky130_fd_sc_hd__o21ba_1)/MX4
WARNING: unknown max gate at net->device: /Xu_ucb/net25 -> /Xu_ucb(ucb_top)/X_05398_(BV_sky130_fd_sc_hd__inv_2)/MX1
WARNING: unknown max gate at net->device: /Xu_ucb/net1122 -> /Xu_ucb(ucb_top)/X_07703_(BV_sky130_fd_sc_hd__o22a_2)/MX1
WARNING: unknown max gate at net->device: /Xu_ucb/net13 -> /Xu_ucb(ucb_top)/X_06246_(BV_sky130_fd_sc_hd__xor2_4)/MX7
WARNING: unknown max gate at net->device: /Xu_ucb/net655 -> /Xu_ucb(ucb_top)/X_09227_(BV_sky130_fd_sc_hd__o2bb2a_1)/MX2
WARNING: unknown max gate at net->device: /Xu_ucb/net656 -> /Xu_ucb(ucb_top)/X_09395_(BV_sky130_fd_sc_hd__o22ai_4)/MX2
WARNING: unknown max gate at net->device: /Xu_ucb/clknet_leaf_139_clk -> /Xu_ucb(ucb_top)/Xclkload229(BV_sky130_fd_sc_hd__clkinv_4)/MX1
WARNING: unknown max gate at net->device: /Xu_ucb/net300 -> /Xu_ucb(ucb_top)/X_10792_(BV_sky130_fd_sc_hd__a2bb2o_1)/MX6
WARNING: unknown max gate at net->device: /Xu_ucb/net1121 -> /Xu_ucb(ucb_top)/X_05845_(BV_sky130_fd_sc_hd__a2bb2o_1)/MX8
WARNING: unknown max gate at net->device: /Xu_ucb/net5 -> /Xu_ucb(ucb_top)/X_05421_(BV_sky130_fd_sc_hd__nand2b_1)/MX0
WARNING: unknown max gate at net->device: /Xu_ucb/net1020 -> /Xu_ucb(ucb_top)/X_07204_(BV_sky130_fd_sc_hd__and2_4)/MX4
WARNING: unknown max gate at net->device: /Xu_ucb/net1120 -> /Xu_ucb(ucb_top)/X_05541_(BV_sky130_fd_sc_hd__o21ai_2)/MX0
WARNING: unknown max gate at net->device: /Xu_ucb/net1129 -> /Xu_ucb(ucb_top)/X_09069_(BV_sky130_fd_sc_hd__o21ai_2)/MX5
WARNING: unknown max gate at net->device: /Xu_ucb/net1121 -> /Xu_ucb(ucb_top)/X_05895_(BV_sky130_fd_sc_hd__a2bb2o_2)/MX9
WARNING: unknown max gate at net->device: /Xu_ucb/net303 -> /Xu_ucb(ucb_top)/X_09340_(BV_sky130_fd_sc_hd__a2bb2o_2)/MX11
WARNING: unknown max gate at net->device: /Xu_ucb/net1128 -> /Xu_ucb(ucb_top)/X_10731_(BV_sky130_fd_sc_hd__nor2_1)/MX1
WARNING: unknown max gate at net->device: /Xu_ucb/clknet_leaf_154_clk -> /Xu_ucb(ucb_top)/Xclkload214(BV_sky130_fd_sc_hd__clkinvlp_4)/MX1
WARNING: unknown max gate at net->device: /Xu_ucb/net112 -> /Xu_ucb(ucb_top)/Xfanout111(BV_sky130_fd_sc_hd__dlymetal6s2s_1)/MX4
WARNING: unknown max gate at net->device: /Xu_ucb/net1057 -> /Xu_ucb(ucb_top)/X_07719_(BV_sky130_fd_sc_hd__a2111o_1)/MX0
WARNING: unknown max gate at net->device: /Xu_ucb/net8 -> /Xu_ucb(ucb_top)/X_05997_(BV_sky130_fd_sc_hd__or2_1)/MX0
WARNING: unknown max gate at net->device: /Xu_ucb/net9 -> /Xu_ucb(ucb_top)/X_06047_(BV_sky130_fd_sc_hd__xnor2_1)/MX5
WARNING: unknown max gate at net->device: /Xu_ucb/net931 -> /Xu_ucb(ucb_top)/X_09122_(BV_sky130_fd_sc_hd__and2_1)/MX2
WARNING: unknown max gate at net->device: /Xu_ucb/net1141 -> /Xu_ucb(ucb_top)/X_05469_(BV_sky130_fd_sc_hd__nor2_4)/MX3
WARNING: unknown max gate at net->device: /Xu_ucb/clknet_leaf_160_clk -> /Xu_ucb(ucb_top)/X_12529_(BV_sky130_fd_sc_hd__dfrtp_1)/MX26
WARNING: unknown max gate at net->device: /Xu_ucb/net1377 -> /Xu_ucb(ucb_top)/X_12529_(BV_sky130_fd_sc_hd__dfrtp_1)/MX5
WARNING: unknown max gate at net->device: /Xu_ucb/net1132 -> /Xu_ucb(ucb_top)/X_09124_(BV_sky130_fd_sc_hd__and4_1)/MX6
WARNING: unknown max gate at net->device: /Xu_ucb/net937 -> /Xu_ucb(ucb_top)/X_09285_(BV_sky130_fd_sc_hd__and3_1)/MX3
WARNING: unknown max gate at net->device: /Xu_ucb/net653 -> /Xu_ucb(ucb_top)/X_10363_(BV_sky130_fd_sc_hd__o22a_1)/MX4
WARNING: unknown max gate at net->device: /Xu_ucb/net623 -> /Xu_ucb(ucb_top)/X_09740_(BV_sky130_fd_sc_hd__a22o_1)/MX2
WARNING: unknown max gate at net->device: /Xu_ucb/net613 -> /Xu_ucb(ucb_top)/X_09955_(BV_sky130_fd_sc_hd__a221o_1)/MX11
WARNING: unknown min gate at net->device: /Xu_ucb/net1136 -> /Xu_ucb(ucb_top)/X_09124_(BV_sky130_fd_sc_hd__and4_1)/MX7
WARNING: unknown min gate at net->device: /Xu_ucb/net979 -> /Xu_ucb(ucb_top)/X_10009_(BV_sky130_fd_sc_hd__o21a_1)/MX6
WARNING: unknown min gate at net->device: /Xu_ucb/net1055 -> /Xu_ucb(ucb_top)/X_07504_(BV_sky130_fd_sc_hd__a22o_1)/MX4
WARNING: unknown min gate at net->device: /Xu_ucb/net641 -> /Xu_ucb(ucb_top)/X_09723_(BV_sky130_fd_sc_hd__a22o_1)/MX8
WARNING: unknown min gate at net->device: /Xu_ucb/net1122 -> /Xu_ucb(ucb_top)/X_07949_(BV_sky130_fd_sc_hd__o22a_1)/MX2
WARNING: unknown min gate at net->device: /Xu_ucb/net658 -> /Xu_ucb(ucb_top)/X_10343_(BV_sky130_fd_sc_hd__a2111o_1)/MX4
WARNING: unknown min gate at net->device: /Xu_ucb/net1121 -> /Xu_ucb(ucb_top)/X_05695_(BV_sky130_fd_sc_hd__o21ai_2)/MX4
WARNING: unknown min gate at net->device: /Xu_ucb/net656 -> /Xu_ucb(ucb_top)/X_09619_(BV_sky130_fd_sc_hd__o22ai_4)/MX5
WARNING: unknown min gate at net->device: /Xu_ucb/net1120 -> /Xu_ucb(ucb_top)/X_06194_(BV_sky130_fd_sc_hd__o2bb2a_1)/MX3
WARNING: unknown min gate at net->device: /Xu_ucb/net1122 -> /Xu_ucb(ucb_top)/X_06245_(BV_sky130_fd_sc_hd__o22a_2)/MX8
WARNING: unknown min gate at net->device: /Xu_ucb/net1138 -> /Xu_ucb(ucb_top)/X_09030_(BV_sky130_fd_sc_hd__o21ba_1)/MX7
WARNING: unknown min gate at net->device: /Xu_ucb/net1120 -> /Xu_ucb(ucb_top)/X_06094_(BV_sky130_fd_sc_hd__o21ai_4)/MX2
WARNING: unknown min gate at net->device: /Xu_ucb/net655 -> /Xu_ucb(ucb_top)/X_09339_(BV_sky130_fd_sc_hd__o2bb2a_2)/MX6
WARNING: unknown min gate at net->device: /Xu_ucb/net162 -> /Xu_ucb(ucb_top)/X_06883_(BV_sky130_fd_sc_hd__mux2_1)/MX7
WARNING: unknown min gate at net->device: /Xu_ucb/net657 -> /Xu_ucb(ucb_top)/X_09881_(BV_sky130_fd_sc_hd__a211o_1)/MX1
WARNING: unknown min gate at net->device: /Xu_ucb/net14 -> /Xu_ucb(ucb_top)/X_05696_(BV_sky130_fd_sc_hd__o22a_1)/MX5
WARNING: unknown min gate at net->device: /Xu_ucb/net655 -> /Xu_ucb(ucb_top)/X_10710_(BV_sky130_fd_sc_hd__o22a_4)/MX8
WARNING: unknown min gate at net->device: /Xu_ucb/net655 -> /Xu_ucb(ucb_top)/X_09846_(BV_sky130_fd_sc_hd__o31a_1)/MX3
WARNING: unknown min gate at net->device: /Xu_ucb/net1123 -> /Xu_ucb(ucb_top)/X_07378_(BV_sky130_fd_sc_hd__o21ai_1)/MX0
WARNING: unknown min gate at net->device: /Xu_ucb/net656 -> /Xu_ucb(ucb_top)/X_09561_(BV_sky130_fd_sc_hd__o2bb2a_4)/MX8
WARNING: unknown min gate at net->device: /Xu_ucb/net655 -> /Xu_ucb(ucb_top)/X_09999_(BV_sky130_fd_sc_hd__o32a_1)/MX8
WARNING: unknown min gate at net->device: /Xu_ucb/net1143 -> /Xu_ucb(ucb_top)/X_05481_(BV_sky130_fd_sc_hd__nor2_4)/MX2
WARNING: unknown min gate at net->device: /Xu_ucb/net1120 -> /Xu_ucb(ucb_top)/X_06195_(BV_sky130_fd_sc_hd__a2bb2o_2)/MX6
WARNING: unknown min gate at net->device: /Xu_ucb/net656 -> /Xu_ucb(ucb_top)/X_09283_(BV_sky130_fd_sc_hd__a2bb2o_1)/MX0
WARNING: unknown min gate at net->device: /Xu_ucb/net1132 -> /Xu_ucb(ucb_top)/X_09088_(BV_sky130_fd_sc_hd__nor4_1)/MX6
WARNING: unknown min gate at net->device: /Xu_ucb/net1148 -> /Xu_ucb(ucb_top)/X_05416_(BV_sky130_fd_sc_hd__or4_4)/MX9
WARNING: unknown min gate at net->device: /Xu_ucb/net6 -> /Xu_ucb(ucb_top)/X_05417_(BV_sky130_fd_sc_hd__or2_2)/MX0
WARNING: unknown min gate at net->device: /Xu_ucb/net719 -> /Xu_ucb(ucb_top)/X_08553_(BV_sky130_fd_sc_hd__xor2_1)/MX3
WARNING: unknown min gate at net->device: /Xu_ucb/net298 -> /Xu_ucb(ucb_top)/X_09683_(BV_sky130_fd_sc_hd__or2_1)/MX5
WARNING: unknown min gate at net->device: /Xu_ucb/net1141 -> /Xu_ucb(ucb_top)/X_05436_(BV_sky130_fd_sc_hd__nor2_8)/MX1
WARNING: unknown min gate at net->device: /Xu_ucb/net298 -> /Xu_ucb(ucb_top)/X_09660_(BV_sky130_fd_sc_hd__nor2_1)/MX2
WARNING: unknown min gate at net->device: /Xu_ucb/net1147 -> /Xu_ucb(ucb_top)/X_05419_(BV_sky130_fd_sc_hd__or2_4)/MX0
WARNING: unknown min gate at net->device: /Xu_ucb/net68 -> /Xu_ucb(ucb_top)/X_10718_(BV_sky130_fd_sc_hd__a41o_1)/MX4
WARNING: unknown min gate at net->device: /Xu_ucb/net1138 -> /Xu_ucb(ucb_top)/X_09022_(BV_sky130_fd_sc_hd__and3b_1)/MX7
WARNING: unknown min gate at net->device: /Xu_ucb/net25 -> /Xu_ucb(ucb_top)/X_09037_(BV_sky130_fd_sc_hd__a31o_1)/MX9
WARNING: unknown min gate at net->device: /Xu_ucb/net1416 -> /Xu_ucb(ucb_top)/X_10765_(BV_sky130_fd_sc_hd__and3_2)/MX6
WARNING: unknown min gate at net->device: /Xu_ucb/net13 -> /Xu_ucb(ucb_top)/X_06246_(BV_sky130_fd_sc_hd__xor2_4)/MX0
WARNING: unknown min gate at net->device: /Xu_ucb/net300 -> /Xu_ucb(ucb_top)/X_10792_(BV_sky130_fd_sc_hd__a2bb2o_1)/MX1
WARNING: unknown min gate at net->device: /Xu_ucb/net950 -> /Xu_ucb(ucb_top)/X_09117_(BV_sky130_fd_sc_hd__and2_4)/MX1
WARNING: unknown min gate at net->device: /Xu_ucb/net1057 -> /Xu_ucb(ucb_top)/X_07719_(BV_sky130_fd_sc_hd__a2111o_1)/MX6
WARNING: unknown min gate at net->device: /Xu_ucb/net9 -> /Xu_ucb(ucb_top)/X_06047_(BV_sky130_fd_sc_hd__xnor2_1)/MX0
WARNING: unknown min gate at net->device: /Xu_ucb/net12 -> /Xu_ucb(ucb_top)/X_06196_(BV_sky130_fd_sc_hd__and2_1)/MX3
WARNING: unknown min gate at net->device: /Xu_ucb/net297 -> /Xu_ucb(ucb_top)/X_09629_(BV_sky130_fd_sc_hd__and4_1)/MX0
WARNING: unknown min gate at net->device: /Xu_ucb/net25 -> /Xu_ucb(ucb_top)/X_09036_(BV_sky130_fd_sc_hd__and4_1)/MX4
WARNING: unknown min gate at net->device: /Xu_ucb/net959 -> /Xu_ucb(ucb_top)/X_09406_(BV_sky130_fd_sc_hd__and3_1)/MX4
WARNING: unknown min gate at net->device: /Xu_ucb/net701 -> /Xu_ucb(ucb_top)/X_06952_(BV_sky130_fd_sc_hd__mux2_1)/MX2
WARNING: unknown min gate at net->device: /Xu_ucb/net431 -> /Xu_ucb(ucb_top)/X_09695_(BV_sky130_fd_sc_hd__o21a_1)/MX5
WARNING: unknown min gate at net->device: /Xu_ucb/net1139 -> /Xu_ucb(ucb_top)/X_10716_(BV_sky130_fd_sc_hd__a31oi_2)/MX1
WARNING: unknown min gate at net->device: /Xu_ucb/net297 -> /Xu_ucb(ucb_top)/X_09625_(BV_sky130_fd_sc_hd__a21oi_1)/MX3
WARNING: unknown min gate at net->device: /Xu_ucb/net979 -> /Xu_ucb(ucb_top)/X_10001_(BV_sky130_fd_sc_hd__a21boi_2)/MX4
WARNING: unknown min gate at net->device: /Xu_ucb/net301 -> /Xu_ucb(ucb_top)/X_09561_(BV_sky130_fd_sc_hd__o2bb2a_4)/MX1
WARNING: unknown min gate at net->device: /Xu_ucb/net1139 -> /Xu_ucb(ucb_top)/X_09073_(BV_sky130_fd_sc_hd__o21ai_1)/MX1
WARNING: unknown min gate at net->device: /Xu_ucb/net1446 -> /Xu_ucb(ucb_top)/X_05416_(BV_sky130_fd_sc_hd__or4_4)/MX0
WARNING: unknown min gate at net->device: /Xu_ucb/net1446 -> /Xu_ucb(ucb_top)/X_05422_(BV_sky130_fd_sc_hd__or4bb_4)/MX4
WARNING: unknown min gate at net->device: /Xu_ucb/net1149 -> /Xu_ucb(ucb_top)/X_05444_(BV_sky130_fd_sc_hd__or3_4)/MX2
WARNING: unknown min gate at net->device: /Xu_ucb/net1134 -> /Xu_ucb(ucb_top)/X_09088_(BV_sky130_fd_sc_hd__nor4_1)/MX2
WARNING: unknown min gate at net->device: /Xu_ucb/net1134 -> /Xu_ucb(ucb_top)/X_09101_(BV_sky130_fd_sc_hd__nor4b_1)/MX5
WARNING: unknown min gate at net->device: /Xu_ucb/net1446 -> /Xu_ucb(ucb_top)/X_05437_(BV_sky130_fd_sc_hd__or4b_4)/MX8
WARNING: unknown min gate at net->device: /Xu_ucb/net1129 -> /Xu_ucb(ucb_top)/X_09069_(BV_sky130_fd_sc_hd__o21ai_2)/MX3
WARNING: unknown min gate at net->device: /Xu_ucb/net1128 -> /Xu_ucb(ucb_top)/X_10731_(BV_sky130_fd_sc_hd__nor2_1)/MX0
WARNING: unknown min gate at net->device: /Xu_ucb/net1146 -> /Xu_ucb(ucb_top)/X_05465_(BV_sky130_fd_sc_hd__nor2_8)/MX0
WARNING: unknown min gate at net->device: /Xu_ucb/net21 -> /Xu_ucb(ucb_top)/X_05897_(BV_sky130_fd_sc_hd__or2_1)/MX3
WARNING: unknown min gate at net->device: /Xu_ucb/net1147 -> /Xu_ucb(ucb_top)/X_05449_(BV_sky130_fd_sc_hd__nor2_4)/MX0
WARNING: unknown min gate at net->device: /Xu_ucb/net21 -> /Xu_ucb(ucb_top)/X_05896_(BV_sky130_fd_sc_hd__nand2_1)/MX0
WARNING: unknown min gate at net->device: /Xu_ucb/net1139 -> /Xu_ucb(ucb_top)/X_05415_(BV_sky130_fd_sc_hd__and3_1)/MX0
WARNING: unknown min gate at net->device: /Xu_ucb/net474 -> /Xu_ucb(ucb_top)/X_09992_(BV_sky130_fd_sc_hd__a22o_1)/MX0
WARNING: unknown min gate at net->device: /Xu_ucb/net358 -> /Xu_ucb(ucb_top)/X_08537_(BV_sky130_fd_sc_hd__xor2_1)/MX4
WARNING: unknown min gate at net->device: /Xu_ucb/net613 -> /Xu_ucb(ucb_top)/X_09955_(BV_sky130_fd_sc_hd__a221o_1)/MX6
WARNING: unknown min gate at net->device: /Xu_ucb/net659 -> /Xu_ucb(ucb_top)/X_09213_(BV_sky130_fd_sc_hd__or4_1)/MX3
WARNING: unknown min gate at net->device: /Xu_ucb/net594 -> /Xu_ucb(ucb_top)/X_09731_(BV_sky130_fd_sc_hd__a211o_1)/MX2
WARNING: unknown min gate at net->device: /Xu_ucb/net1131 -> /Xu_ucb(ucb_top)/X_09088_(BV_sky130_fd_sc_hd__nor4_1)/MX1
WARNING: unknown min gate at net->device: /Xu_ucb/net1149 -> /Xu_ucb(ucb_top)/X_05416_(BV_sky130_fd_sc_hd__or4_4)/MX3
WARNING: unknown min gate at net->device: /Xu_ucb/net1148 -> /Xu_ucb(ucb_top)/X_05479_(BV_sky130_fd_sc_hd__or4b_4)/MX10
WARNING: unknown min gate at net->device: /Xu_ucb/net1132 -> /Xu_ucb(ucb_top)/X_09103_(BV_sky130_fd_sc_hd__nor4b_1)/MX6
WARNING: unknown max gate at net->device: /Xu_ucb/net659 -> /Xu_ucb(ucb_top)/X_09213_(BV_sky130_fd_sc_hd__or4_1)/MX9
WARNING: unknown max gate at net->device: /Xu_ucb/net1138 -> /Xu_ucb(ucb_top)/X_09020_(BV_sky130_fd_sc_hd__o21a_1)/MX3
WARNING: unknown max gate at net->device: /Xu_ucb/net1130 -> /Xu_ucb(ucb_top)/X_09116_(BV_sky130_fd_sc_hd__and4bb_4)/MX5
WARNING: unknown max gate at net->device: /Xu_ucb/net14 -> /Xu_ucb(ucb_top)/X_05696_(BV_sky130_fd_sc_hd__o22a_1)/MX7
WARNING: unknown max gate at net->device: /Xu_ucb/net86 -> /Xu_ucb(ucb_top)/X_06721_(BV_sky130_fd_sc_hd__mux2_1)/MX8
WARNING: unknown max gate at net->device: /Xu_ucb/net1135 -> /Xu_ucb(ucb_top)/X_09108_(BV_sky130_fd_sc_hd__and4b_1)/MX10
WARNING: unknown max gate at net->device: /Xu_ucb/net1130 -> /Xu_ucb(ucb_top)/X_09145_(BV_sky130_fd_sc_hd__and4bb_1)/MX11
WARNING: unknown max gate at net->device: /Xu_ucb/net302 -> /Xu_ucb(ucb_top)/X_09340_(BV_sky130_fd_sc_hd__a2bb2o_2)/MX1
WARNING: unknown max gate at net->device: /Xu_ucb/net1130 -> /Xu_ucb(ucb_top)/X_09124_(BV_sky130_fd_sc_hd__and4_1)/MX3
WARNING: unknown max gate at net->device: /Xu_ucb/net972 -> /Xu_ucb(ucb_top)/X_09285_(BV_sky130_fd_sc_hd__and3_1)/MX2
WARNING: unknown max gate at net->device: /Xu_ucb/net1138 -> /Xu_ucb(ucb_top)/X_09024_(BV_sky130_fd_sc_hd__o21a_1)/MX1
WARNING: unknown max gate at net->device: /Xu_ucb/net1139 -> /Xu_ucb(ucb_top)/X_09068_(BV_sky130_fd_sc_hd__mux2_1)/MX6
WARNING: unknown max gate at net->device: /Xu_ucb/net448 -> /Xu_ucb(ucb_top)/X_09970_(BV_sky130_fd_sc_hd__a221o_1)/MX8
WARNING: unknown max gate at net->device: /Xu_ucb/net1055 -> /Xu_ucb(ucb_top)/X_07504_(BV_sky130_fd_sc_hd__a22o_1)/MX1
WARNING: unknown max gate at net->device: /Xu_ucb/net1138 -> /Xu_ucb(ucb_top)/X_09013_(BV_sky130_fd_sc_hd__and3_1)/MX7
WARNING: unknown max gate at net->device: /Xu_ucb/net1134 -> /Xu_ucb(ucb_top)/X_09124_(BV_sky130_fd_sc_hd__and4_1)/MX9
WARNING: unknown max gate at net->device: /Xu_ucb/net1138 -> /Xu_ucb(ucb_top)/X_09019_(BV_sky130_fd_sc_hd__nand2_1)/MX1
WARNING: unknown max gate at net->device: /Xu_ucb/net297 -> /Xu_ucb(ucb_top)/X_09666_(BV_sky130_fd_sc_hd__o21ai_1)/MX3
WARNING: unknown max gate at net->device: /Xu_ucb/net301 -> /Xu_ucb(ucb_top)/X_09561_(BV_sky130_fd_sc_hd__o2bb2a_4)/MX3
WARNING: unknown max gate at net->device: /Xu_ucb/net979 -> /Xu_ucb(ucb_top)/X_10001_(BV_sky130_fd_sc_hd__a21boi_2)/MX9
WARNING: unknown max gate at net->device: /Xu_ucb/net979 -> /Xu_ucb(ucb_top)/X_10001_(BV_sky130_fd_sc_hd__a21boi_2)/MX7
WARNING: unknown max gate at net->device: /Xu_ucb/net297 -> /Xu_ucb(ucb_top)/X_09625_(BV_sky130_fd_sc_hd__a21oi_1)/MX0
WARNING: unknown min gate at net->device: /Xu_ucb/net1131 -> /Xu_ucb(ucb_top)/X_09141_(BV_sky130_fd_sc_hd__nor4b_1)/MX7
WARNING: unknown min gate at net->device: /Xu_ucb/net1131 -> /Xu_ucb(ucb_top)/X_09092_(BV_sky130_fd_sc_hd__nor4b_2)/MX8
WARNING: unknown min gate at net->device: /Xu_ucb/net1139 -> /Xu_ucb(ucb_top)/X_09068_(BV_sky130_fd_sc_hd__mux2_1)/MX4
WARNING: unknown max gate at net->device: /Xu_ucb/net958 -> /Xu_ucb(ucb_top)/X_09171_(BV_sky130_fd_sc_hd__and2_1)/MX5
WARNING: unknown max gate at net->device: /Xu_ucb/net941 -> /Xu_ucb(ucb_top)/X_09118_(BV_sky130_fd_sc_hd__and2_4)/MX5
WARNING: unknown max gate at net->device: /Xu_ucb/net297 -> /Xu_ucb(ucb_top)/X_09644_(BV_sky130_fd_sc_hd__a31o_1)/MX6
WARNING: unknown max gate at net->device: /Xu_ucb/net15 -> /Xu_ucb(ucb_top)/X_05697_(BV_sky130_fd_sc_hd__a221oi_1)/MX0
WARNING: unknown max gate at net->device: /Xu_ucb/net1136 -> /Xu_ucb(ucb_top)/X_09110_(BV_sky130_fd_sc_hd__and4b_2)/MX2
WARNING: unknown max gate at net->device: /Xu_ucb/net1138 -> /Xu_ucb(ucb_top)/X_09022_(BV_sky130_fd_sc_hd__and3b_1)/MX5
WARNING: unknown max gate at net->device: /Xu_ucb/net298 -> /Xu_ucb(ucb_top)/X_09629_(BV_sky130_fd_sc_hd__and4_1)/MX1
WARNING: unknown max gate at net->device: /Xu_ucb/net1130 -> /Xu_ucb(ucb_top)/X_09110_(BV_sky130_fd_sc_hd__and4b_2)/MX10
CVC: Ignoring invalid calculations...
CVC:   Removed 36264 calculations
Copying master nets
CVC: Ignoring non-conducting devices...
CVC:   Ignored 24104 devices
Usage MIN/MAX2: Time: 1  Memory: 58316  I/O: 248  Swap: 0
Power nets 65605
! Checking overvoltage errors

! Checking nmos possible leak errors: 

! Checking pmos possible leak errors: 

! Checking mos floating input errors:

! Checking expected values:

CVC: Error Counts
CVC: Fuse Problems:         0
CVC: Min Voltage Conflicts: 0
CVC: Max Voltage Conflicts: 0
CVC: Leaks:                 0
CVC: LDD drain->source:     0
CVC: HI-Z Inputs:           34897
CVC: Forward Bias Diodes:   0
CVC: NMOS Source vs Bulk:   0
CVC: NMOS Gate vs Source:   0
CVC: NMOS Possible Leaks:   0
CVC: PMOS Source vs Bulk:   0
CVC: PMOS Gate vs Source:   0
CVC: PMOS Possible Leaks:   0
CVC: Overvoltage-VBG:       0
CVC: Overvoltage-VBS:       0
CVC: Overvoltage-VDS:       0
CVC: Overvoltage-VGS:       0
CVC: Model errors:          0
CVC: Unexpected voltage :   28
CVC: Total:                 34925
Usage Total: Time: 1  Memory: 58640  I/O: 480  Swap: 0
Virtual net update/access 487487/17963273
CVC: Log output to /tmp/tmpvbyuj49e/repo/precheck_results/12_MAY_2026___09_35_03/tmp/cvc.log
CVC: End: Tue May 12 09:40:53 2026


LVS result:
LVS problem: check the following files
/tmp/tmpvbyuj49e/repo/precheck_results/12_MAY_2026___09_35_03/logs/ext.log
/tmp/tmpvbyuj49e/repo/precheck_results/12_MAY_2026___09_35_03/logs/lvs.log
/tmp/tmpvbyuj49e/repo/precheck_results/12_MAY_2026___09_35_03/outputs/reports/lvs.report

CVC result:
CVC: Total:                 34925

Runtime: 0:02:16 (hh:mm:ss)

WARNING: possible errors SOFT - LVS 4 CVC 4 OEB -
