
TOP SOURCE: user_project_wrapper
SOURCE FILE(S): /opt/pdks/sky130A/libs.ref/sky130_fd_sc_hd/spice/sky130_ef_sc_hd__decap_12.spice
 /opt/pdks/sky130A/libs.ref/sky130_fd_sc_hd/spice/sky130_ef_sc_hd__decap_20_12.spice
 /opt/pdks/sky130A/libs.ref/sky130_fd_sc_hd/spice/sky130_ef_sc_hd__decap_40_12.spice
 /opt/pdks/sky130A/libs.ref/sky130_fd_sc_hd/spice/sky130_ef_sc_hd__decap_60_12.spice
 /opt/pdks/sky130A/libs.ref/sky130_fd_sc_hd/spice/sky130_ef_sc_hd__decap_80_12.spice
 /opt/pdks/sky130A/libs.ref/sky130_fd_sc_hd/spice/sky130_fd_sc_hd.spice
 /tmp/tmpzg_lzkto/repo/verilog/gl/ucb_top.v
 /tmp/tmpzg_lzkto/repo/verilog/gl/user_project_wrapper.nl.v
TOP LAYOUT: user_project_wrapper
LAYOUT FILE: /tmp/tmpzg_lzkto/repo/gds/user_project_wrapper.gds
EXTRACT_FLATGLOB: 
EXTRACT_ABSTRACT: *__fill_*
 *__fakediode_*
 *__tapvpwrvgnd_*
LVS_FLATTEN: user_project_wrapper
LVS_NOFLATTEN: 
LVS_IGNORE: 
WORK_ROOT   : /tmp/tmpzg_lzkto/repo/precheck_results/13_MAY_2026___13_26_23/tmp
LOG_ROOT    : /tmp/tmpzg_lzkto/repo/precheck_results/13_MAY_2026___13_26_23/logs
SIGNOFF_ROOT: /tmp/tmpzg_lzkto/repo/precheck_results/13_MAY_2026___13_26_23/outputs/reports
 
Running hierarchical comparison between verilog and layout...
Creating /tmp/tmpzg_lzkto/repo/precheck_results/13_MAY_2026___13_26_23/tmp/verilog.cells from the following files...
	/tmp/tmpzg_lzkto/repo/verilog/gl/ucb_top.v
	/tmp/tmpzg_lzkto/repo/verilog/gl/user_project_wrapper.nl.v
[INFO] Changing from /tmp/tmpzg_lzkto/repo/gds/user_project_wrapper.gds
	to /tmp/tmpzg_lzkto/repo/precheck_results/13_MAY_2026___13_26_23/tmp/layout.txt
Hierarchy check for user_project_wrapper passed.
 
Running LVS...
TOP SOURCE: user_project_wrapper
SOURCE FILE(S): /opt/pdks/sky130A/libs.ref/sky130_fd_sc_hd/spice/sky130_ef_sc_hd__decap_12.spice
 /opt/pdks/sky130A/libs.ref/sky130_fd_sc_hd/spice/sky130_ef_sc_hd__decap_20_12.spice
 /opt/pdks/sky130A/libs.ref/sky130_fd_sc_hd/spice/sky130_ef_sc_hd__decap_40_12.spice
 /opt/pdks/sky130A/libs.ref/sky130_fd_sc_hd/spice/sky130_ef_sc_hd__decap_60_12.spice
 /opt/pdks/sky130A/libs.ref/sky130_fd_sc_hd/spice/sky130_ef_sc_hd__decap_80_12.spice
 /opt/pdks/sky130A/libs.ref/sky130_fd_sc_hd/spice/sky130_fd_sc_hd.spice
 /tmp/tmpzg_lzkto/repo/verilog/gl/ucb_top.v
 /tmp/tmpzg_lzkto/repo/verilog/gl/user_project_wrapper.nl.v
TOP LAYOUT: user_project_wrapper
LAYOUT FILE: /tmp/tmpzg_lzkto/repo/gds/user_project_wrapper.gds
EXTRACT_FLATGLOB: 
EXTRACT_ABSTRACT: *__fill_*
 *__fakediode_*
 *__tapvpwrvgnd_*
LVS_FLATTEN: user_project_wrapper
LVS_NOFLATTEN: 
LVS_IGNORE: 
WORK_ROOT   : /tmp/tmpzg_lzkto/repo/precheck_results/13_MAY_2026___13_26_23/tmp
LOG_ROOT    : /tmp/tmpzg_lzkto/repo/precheck_results/13_MAY_2026___13_26_23/logs
SIGNOFF_ROOT: /tmp/tmpzg_lzkto/repo/precheck_results/13_MAY_2026___13_26_23/outputs/reports
 
Running extract...
TOP LAYOUT: user_project_wrapper
LAYOUT FILE: /tmp/tmpzg_lzkto/repo/gds/user_project_wrapper.gds
EXTRACT_FLATGLOB: 
EXTRACT_ABSTRACT: *__fill_*
 *__fakediode_*
 *__tapvpwrvgnd_*
WORK_ROOT   : /tmp/tmpzg_lzkto/repo/precheck_results/13_MAY_2026___13_26_23/tmp
LOG_ROOT    : /tmp/tmpzg_lzkto/repo/precheck_results/13_MAY_2026___13_26_23/logs
SIGNOFF_ROOT: /tmp/tmpzg_lzkto/repo/precheck_results/13_MAY_2026___13_26_23/outputs/reports
LOG FILE: /tmp/tmpzg_lzkto/repo/precheck_results/13_MAY_2026___13_26_23/logs/ext.log
Adding subcutout style to tech file.
/opt/pdks/sky130A/libs.tech/magic/sky130A.tech: version 1.0.493
Extracting to /tmp/tmpzg_lzkto/repo/precheck_results/13_MAY_2026___13_26_23/tmp/ext
 

Magic 8.3 revision 471 - Compiled on Wed Apr 22 16:23:58 UTC 2026.
Starting magic under Tcl interpreter
Using the terminal as the console.
Using NULL graphics device.
Processing system .magicrc file
Sourcing design magicrc.well for technology sky130A ...
2 Magic internal units = 1 Lambda
Loading tech file /tmp/tmpzg_lzkto/repo/precheck_results/13_MAY_2026___13_26_23/tmp/sky130A.tech
Input style sky130(): scaleFactor=2, multiplier=2
The following types are not handled by extraction and will be treated as non-electrical types:
    ubm 
Scaled tech values by 2 / 1 to match internal grid scaling
Loading "/tmp/tmpzg_lzkto/repo/precheck_results/13_MAY_2026___13_26_23/tmp/ext/abstract.tcl" from command line.
Abstracting
CIF input style is now "sky130()"
Abstracting /tmp/tmpzg_lzkto/repo/gds/user_project_wrapper.gds
Warning: Calma reading is not undoable!  I hope that's OK.
Library written using GDS-II Release 6.0
Library name: user_project_wrapper
Reading "ucb_top".
    5000 uses
    10000 uses
    15000 uses
    20000 uses
    25000 uses
    30000 uses
Reading "user_project_wrapper".
CIF file read warning: CIF style sky130(): units rescaled by factor of 5 / 1
Reading "sky130_ef_sc_hd__decap_12".
Reading "sky130_fd_sc_hd__decap_3".
Reading "sky130_fd_sc_hd__fill_1".
Reading "sky130_fd_sc_hd__tapvpwrvgnd_1".
Reading "sky130_fd_sc_hd__decap_4".
Reading "sky130_fd_sc_hd__decap_6".
Reading "sky130_fd_sc_hd__nor2_1".
Reading "sky130_fd_sc_hd__decap_8".
Reading "sky130_fd_sc_hd__diode_2".
Reading "sky130_fd_sc_hd__clkbuf_1".
Reading "sky130_fd_sc_hd__fill_2".
Reading "sky130_fd_sc_hd__buf_1".
Reading "sky130_fd_sc_hd__nand2b_1".
Reading "sky130_fd_sc_hd__nand2_1".
Reading "sky130_fd_sc_hd__or2_1".
Reading "sky130_fd_sc_hd__nor3_1".
Reading "sky130_fd_sc_hd__o21a_1".
Reading "sky130_fd_sc_hd__and2_2".
Reading "sky130_fd_sc_hd__dfrtp_1".
Reading "sky130_fd_sc_hd__and2_1".
Reading "sky130_fd_sc_hd__xnor2_1".
Reading "sky130_fd_sc_hd__a21o_1".
Reading "sky130_fd_sc_hd__a21bo_1".
Reading "sky130_fd_sc_hd__xnor2_2".
Reading "sky130_fd_sc_hd__dlygate4sd3_1".
Reading "sky130_fd_sc_hd__or3_1".
Reading "sky130_fd_sc_hd__mux2_1".
Reading "sky130_fd_sc_hd__clkbuf_2".
Reading "sky130_fd_sc_hd__nand3_1".
Reading "sky130_fd_sc_hd__nor2_2".
Reading "sky130_fd_sc_hd__o21ai_1".
Reading "sky130_fd_sc_hd__buf_2".
Reading "sky130_fd_sc_hd__buf_8".
Reading "sky130_fd_sc_hd__clkbuf_8".
Reading "sky130_fd_sc_hd__clkbuf_4".
Reading "sky130_fd_sc_hd__clkinvlp_4".
Reading "sky130_fd_sc_hd__buf_6".
Reading "sky130_fd_sc_hd__buf_4".
Reading "sky130_fd_sc_hd__clkinv_4".
Reading "sky130_fd_sc_hd__clkinv_2".
Reading "sky130_fd_sc_hd__bufinv_16".
Reading "sky130_fd_sc_hd__dfrtp_2".
Reading "sky130_fd_sc_hd__dlymetal6s2s_1".
Reading "sky130_fd_sc_hd__clkbuf_16".
Reading "sky130_fd_sc_hd__inv_8".
Reading "sky130_fd_sc_hd__or4_1".
Reading "sky130_fd_sc_hd__a22o_1".
Reading "sky130_fd_sc_hd__and2_4".
Reading "sky130_fd_sc_hd__a221o_1".
Reading "sky130_fd_sc_hd__o21ai_4".
Reading "sky130_fd_sc_hd__a2111o_1".
Reading "sky130_fd_sc_hd__inv_6".
Reading "sky130_fd_sc_hd__o22ai_4".
Reading "sky130_fd_sc_hd__or4_2".
Reading "sky130_fd_sc_hd__nor4_1".
Reading "sky130_fd_sc_hd__a2bb2o_1".
Reading "sky130_fd_sc_hd__o22a_4".
Reading "sky130_fd_sc_hd__o22a_2".
Reading "sky130_fd_sc_hd__a2bb2o_2".
Reading "sky130_fd_sc_hd__nand2_2".
Reading "sky130_fd_sc_hd__o2bb2a_1".
Reading "sky130_fd_sc_hd__inv_12".
Reading "sky130_fd_sc_hd__o21ai_2".
Reading "sky130_fd_sc_hd__o22a_1".
Reading "sky130_fd_sc_hd__and3_1".
Reading "sky130_fd_sc_hd__a21oi_1".
Reading "sky130_fd_sc_hd__a21bo_2".
Reading "sky130_fd_sc_hd__clkinv_8".
Reading "sky130_fd_sc_hd__xor2_1".
Reading "sky130_fd_sc_hd__or3b_1".
Reading "sky130_fd_sc_hd__o221a_1".
Reading "sky130_fd_sc_hd__a211o_1".
Reading "sky130_fd_sc_hd__a221oi_1".
Reading "sky130_fd_sc_hd__o31a_1".
Reading "sky130_fd_sc_hd__inv_2".
Reading "sky130_fd_sc_hd__o21ba_1".
Reading "sky130_fd_sc_hd__or3_2".
Reading "sky130_fd_sc_hd__xor2_2".
Reading "sky130_fd_sc_hd__xor2_4".
Reading "sky130_fd_sc_hd__a32o_1".
Reading "sky130_fd_sc_hd__and3_2".
Reading "sky130_fd_sc_hd__and2b_1".
Reading "sky130_fd_sc_hd__nor2_4".
Reading "sky130_fd_sc_hd__or4_4".
Reading "sky130_fd_sc_hd__a21boi_1".
Reading "sky130_fd_sc_hd__and3b_1".
Reading "sky130_fd_sc_hd__or3b_4".
Reading "sky130_fd_sc_hd__inv_4".
Reading "sky130_fd_sc_hd__nand4b_1".
Reading "sky130_fd_sc_hd__or4bb_4".
Reading "sky130_fd_sc_hd__nor2_8".
Reading "sky130_fd_sc_hd__or2_4".
Reading "sky130_fd_sc_hd__a41o_1".
Reading "sky130_fd_sc_hd__or4b_4".
Reading "sky130_fd_sc_hd__dfxtp_1".
Reading "sky130_fd_sc_hd__or3_4".
Reading "sky130_fd_sc_hd__a21boi_2".
Reading "sky130_fd_sc_hd__o211a_1".
Reading "sky130_fd_sc_hd__a31oi_1".
Reading "sky130_fd_sc_hd__a31o_1".
Reading "sky130_fd_sc_hd__and2b_2".
Reading "sky130_fd_sc_hd__nor4b_1".
Reading "sky130_fd_sc_hd__o22ai_2".
Reading "sky130_fd_sc_hd__and4bb_4".
Reading "sky130_fd_sc_hd__and4b_2".
Reading "sky130_fd_sc_hd__and4b_1".
Reading "sky130_fd_sc_hd__and4_2".
Reading "sky130_fd_sc_hd__dfstp_1".
Reading "sky130_fd_sc_hd__and4bb_1".
Reading "sky130_fd_sc_hd__and4bb_2".
Reading "sky130_fd_sc_hd__and3_4".
Reading "sky130_fd_sc_hd__a2111o_2".
Reading "sky130_fd_sc_hd__and4_1".
Reading "sky130_fd_sc_hd__dfrtp_4".
Reading "sky130_fd_sc_hd__a21oi_2".
Reading "sky130_fd_sc_hd__o21bai_1".
Reading "sky130_fd_sc_hd__o32a_2".
Reading "sky130_fd_sc_hd__o2bb2a_2".
Reading "sky130_fd_sc_hd__or4b_1".
Reading "sky130_fd_sc_hd__o31ai_1".

TIME: read GDS: 00:00:10 


TIME: create subcut: 00:00:00 

Abstracting sky130_fd_sc_hd__fill_1
instance count:0 port count:5
Abstracting sky130_fd_sc_hd__fill_2
instance count:0 port count:5
Abstracting sky130_fd_sc_hd__tapvpwrvgnd_1
instance count:0 port count:3

TIME: create abstract: 00:00:00 

Using technology "sky130A", version 1.0.493

Magic 8.3 revision 471 - Compiled on Wed Apr 22 16:23:58 UTC 2026.
Starting magic under Tcl interpreter
Using the terminal as the console.
Using NULL graphics device.
Processing system .magicrc file
Sourcing design magicrc.well for technology sky130A ...
2 Magic internal units = 1 Lambda
Loading tech file /tmp/tmpzg_lzkto/repo/precheck_results/13_MAY_2026___13_26_23/tmp/sky130A.tech
Input style sky130(): scaleFactor=2, multiplier=2
The following types are not handled by extraction and will be treated as non-electrical types:
    ubm 
Scaled tech values by 2 / 1 to match internal grid scaling
Loading "/tmp/tmpzg_lzkto/repo/precheck_results/13_MAY_2026___13_26_23/tmp/ext/extract.tcl" from command line.
Extracting with top ports unique (digital)
CIF input style is now "sky130()"
Flattening 

Extracting /tmp/tmpzg_lzkto/repo/gds/user_project_wrapper.gds
Warning: Calma reading is not undoable!  I hope that's OK.
Library written using GDS-II Release 6.0
Library name: user_project_wrapper
Reading "ucb_top".
Reading "sky130_ef_sc_hd__decap_12".
Reading "sky130_fd_sc_hd__decap_3".
Reading "sky130_fd_sc_hd__fill_1".
Reading "sky130_fd_sc_hd__tapvpwrvgnd_1".
Reading "sky130_fd_sc_hd__decap_4".
Reading "sky130_fd_sc_hd__decap_6".
Reading "sky130_fd_sc_hd__nor2_1".
Reading "sky130_fd_sc_hd__decap_8".
Reading "sky130_fd_sc_hd__diode_2".
Reading "sky130_fd_sc_hd__clkbuf_1".
Reading "sky130_fd_sc_hd__fill_2".
Reading "sky130_fd_sc_hd__buf_1".
Reading "sky130_fd_sc_hd__nand2b_1".
Reading "sky130_fd_sc_hd__nand2_1".
Reading "sky130_fd_sc_hd__or2_1".
Reading "sky130_fd_sc_hd__nor3_1".
Reading "sky130_fd_sc_hd__o21a_1".
Reading "sky130_fd_sc_hd__and2_2".
Reading "sky130_fd_sc_hd__dfrtp_1".
Reading "sky130_fd_sc_hd__and2_1".
Reading "sky130_fd_sc_hd__xnor2_1".
Reading "sky130_fd_sc_hd__a21o_1".
Reading "sky130_fd_sc_hd__a21bo_1".
Reading "sky130_fd_sc_hd__xnor2_2".
Reading "sky130_fd_sc_hd__dlygate4sd3_1".
Reading "sky130_fd_sc_hd__or3_1".
Reading "sky130_fd_sc_hd__mux2_1".
Reading "sky130_fd_sc_hd__clkbuf_2".
Reading "sky130_fd_sc_hd__nand3_1".
Reading "sky130_fd_sc_hd__nor2_2".
Reading "sky130_fd_sc_hd__o21ai_1".
Reading "sky130_fd_sc_hd__buf_2".
Reading "sky130_fd_sc_hd__buf_8".
Reading "sky130_fd_sc_hd__clkbuf_8".
Reading "sky130_fd_sc_hd__clkbuf_4".
Reading "sky130_fd_sc_hd__clkinvlp_4".
Reading "sky130_fd_sc_hd__buf_6".
Reading "sky130_fd_sc_hd__buf_4".
Reading "sky130_fd_sc_hd__clkinv_4".
Reading "sky130_fd_sc_hd__clkinv_2".
Reading "sky130_fd_sc_hd__bufinv_16".
Reading "sky130_fd_sc_hd__dfrtp_2".
Reading "sky130_fd_sc_hd__dlymetal6s2s_1".
Reading "sky130_fd_sc_hd__clkbuf_16".
Reading "sky130_fd_sc_hd__inv_8".
Reading "sky130_fd_sc_hd__or4_1".
Reading "sky130_fd_sc_hd__a22o_1".
Reading "sky130_fd_sc_hd__and2_4".
Reading "sky130_fd_sc_hd__a221o_1".
Reading "sky130_fd_sc_hd__o21ai_4".
Reading "sky130_fd_sc_hd__a2111o_1".
Reading "sky130_fd_sc_hd__inv_6".
Reading "sky130_fd_sc_hd__o22ai_4".
Reading "sky130_fd_sc_hd__or4_2".
Reading "sky130_fd_sc_hd__nor4_1".
Reading "sky130_fd_sc_hd__a2bb2o_1".
Reading "sky130_fd_sc_hd__o22a_4".
Reading "sky130_fd_sc_hd__o22a_2".
    5000 uses
Reading "sky130_fd_sc_hd__a2bb2o_2".
Reading "sky130_fd_sc_hd__nand2_2".
Reading "sky130_fd_sc_hd__o2bb2a_1".
Reading "sky130_fd_sc_hd__inv_12".
Reading "sky130_fd_sc_hd__o21ai_2".
Reading "sky130_fd_sc_hd__o22a_1".
Reading "sky130_fd_sc_hd__and3_1".
Reading "sky130_fd_sc_hd__a21oi_1".
    10000 uses
Reading "sky130_fd_sc_hd__a21bo_2".
Reading "sky130_fd_sc_hd__clkinv_8".
Reading "sky130_fd_sc_hd__xor2_1".
Reading "sky130_fd_sc_hd__or3b_1".
Reading "sky130_fd_sc_hd__o221a_1".
Reading "sky130_fd_sc_hd__a211o_1".
Reading "sky130_fd_sc_hd__a221oi_1".
Reading "sky130_fd_sc_hd__o31a_1".
Reading "sky130_fd_sc_hd__inv_2".
Reading "sky130_fd_sc_hd__o21ba_1".
Reading "sky130_fd_sc_hd__or3_2".
Reading "sky130_fd_sc_hd__xor2_2".
Reading "sky130_fd_sc_hd__xor2_4".
    15000 uses
Reading "sky130_fd_sc_hd__a32o_1".
Reading "sky130_fd_sc_hd__and3_2".
Reading "sky130_fd_sc_hd__and2b_1".
Reading "sky130_fd_sc_hd__nor2_4".
Reading "sky130_fd_sc_hd__or4_4".
Reading "sky130_fd_sc_hd__a21boi_1".
Reading "sky130_fd_sc_hd__and3b_1".
Reading "sky130_fd_sc_hd__or3b_4".
Reading "sky130_fd_sc_hd__inv_4".
Reading "sky130_fd_sc_hd__nand4b_1".
Reading "sky130_fd_sc_hd__or4bb_4".
Reading "sky130_fd_sc_hd__nor2_8".
Reading "sky130_fd_sc_hd__or2_4".
Reading "sky130_fd_sc_hd__a41o_1".
Reading "sky130_fd_sc_hd__or4b_4".
Reading "sky130_fd_sc_hd__dfxtp_1".
Reading "sky130_fd_sc_hd__or3_4".
Reading "sky130_fd_sc_hd__a21boi_2".
Reading "sky130_fd_sc_hd__o211a_1".
Reading "sky130_fd_sc_hd__a31oi_1".
Reading "sky130_fd_sc_hd__a31o_1".
    20000 uses
Reading "sky130_fd_sc_hd__and2b_2".
Reading "sky130_fd_sc_hd__nor4b_1".
Reading "sky130_fd_sc_hd__o22ai_2".
Reading "sky130_fd_sc_hd__and4bb_4".
Reading "sky130_fd_sc_hd__and4b_2".
Reading "sky130_fd_sc_hd__and4b_1".
Reading "sky130_fd_sc_hd__and4_2".
Reading "sky130_fd_sc_hd__dfstp_1".
Reading "sky130_fd_sc_hd__and4bb_1".
Reading "sky130_fd_sc_hd__and4bb_2".
Reading "sky130_fd_sc_hd__and3_4".
Reading "sky130_fd_sc_hd__a2111o_2".
Reading "sky130_fd_sc_hd__and4_1".
Reading "sky130_fd_sc_hd__dfrtp_4".
Reading "sky130_fd_sc_hd__a21oi_2".
Reading "sky130_fd_sc_hd__o21bai_1".
Reading "sky130_fd_sc_hd__o32a_2".
Reading "sky130_fd_sc_hd__o2bb2a_2".
    25000 uses
Reading "sky130_fd_sc_hd__or4b_1".
Reading "sky130_fd_sc_hd__o31ai_1".
    30000 uses
Reading "user_project_wrapper".
CIF file read warning: CIF style sky130(): units rescaled by factor of 5 / 1
Reading "sky130_ef_sc_hd__decap_12".
Error while reading cell "user_project_wrapper" (byte position 38291514): Cell "sky130_ef_sc_hd__decap_12" was already defined in this file.
Error while reading cell "user_project_wrapper" (byte position 38291514): Ignoring duplicate definition
Reading "sky130_fd_sc_hd__decap_3".
Error while reading cell "user_project_wrapper" (byte position 38295314): Cell "sky130_fd_sc_hd__decap_3" was already defined in this file.
Error while reading cell "user_project_wrapper" (byte position 38295314): Ignoring duplicate definition
Reading "sky130_fd_sc_hd__fill_1".
Error while reading cell "user_project_wrapper" (byte position 38297994): Cell "sky130_fd_sc_hd__fill_1" was already defined in this file.
Error while reading cell "user_project_wrapper" (byte position 38297994): Ignoring duplicate definition
Reading "sky130_fd_sc_hd__tapvpwrvgnd_1".
Error while reading cell "user_project_wrapper" (byte position 38299314): Cell "sky130_fd_sc_hd__tapvpwrvgnd_1" was already defined in this file.
Error while reading cell "user_project_wrapper" (byte position 38299314): Ignoring duplicate definition
Reading "sky130_fd_sc_hd__decap_4".
Error while reading cell "user_project_wrapper" (byte position 38300996): Cell "sky130_fd_sc_hd__decap_4" was already defined in this file.
Error while reading cell "user_project_wrapper" (byte position 38300996): Ignoring duplicate definition
Reading "sky130_fd_sc_hd__decap_6".
Error while reading cell "user_project_wrapper" (byte position 38303804): Cell "sky130_fd_sc_hd__decap_6" was already defined in this file.
Error while reading cell "user_project_wrapper" (byte position 38303804): Ignoring duplicate definition
Reading "sky130_fd_sc_hd__nor2_1".
Error while reading cell "user_project_wrapper" (byte position 38306964): Cell "sky130_fd_sc_hd__nor2_1" was already defined in this file.
Error while reading cell "user_project_wrapper" (byte position 38306964): Ignoring duplicate definition
Reading "sky130_fd_sc_hd__decap_8".
Error while reading cell "user_project_wrapper" (byte position 38310644): Cell "sky130_fd_sc_hd__decap_8" was already defined in this file.
Error while reading cell "user_project_wrapper" (byte position 38310644): Ignoring duplicate definition
Reading "sky130_fd_sc_hd__diode_2".
Error while reading cell "user_project_wrapper" (byte position 38314188): Cell "sky130_fd_sc_hd__diode_2" was already defined in this file.
Error while reading cell "user_project_wrapper" (byte position 38314188): Ignoring duplicate definition
Reading "sky130_fd_sc_hd__clkbuf_1".
Error while reading cell "user_project_wrapper" (byte position 38317706): Cell "sky130_fd_sc_hd__clkbuf_1" was already defined in this file.
Error while reading cell "user_project_wrapper" (byte position 38317706): Ignoring duplicate definition
Reading "sky130_fd_sc_hd__fill_2".
Error while reading cell "user_project_wrapper" (byte position 38321530): Cell "sky130_fd_sc_hd__fill_2" was already defined in this file.
Error while reading cell "user_project_wrapper" (byte position 38321530): Ignoring duplicate definition
Reading "sky130_fd_sc_hd__buf_1".
Error while reading cell "user_project_wrapper" (byte position 38322970): Cell "sky130_fd_sc_hd__buf_1" was already defined in this file.
Error while reading cell "user_project_wrapper" (byte position 38322970): Ignoring duplicate definition
Reading "sky130_fd_sc_hd__nand2b_1".
Error while reading cell "user_project_wrapper" (byte position 38326954): Cell "sky130_fd_sc_hd__nand2b_1" was already defined in this file.
Error while reading cell "user_project_wrapper" (byte position 38326954): Ignoring duplicate definition
Reading "sky130_fd_sc_hd__nand2_1".
Error while reading cell "user_project_wrapper" (byte position 38331558): Cell "sky130_fd_sc_hd__nand2_1" was already defined in this file.
Error while reading cell "user_project_wrapper" (byte position 38331558): Ignoring duplicate definition
Reading "sky130_fd_sc_hd__or2_1".
Error while reading cell "user_project_wrapper" (byte position 38335522): Cell "sky130_fd_sc_hd__or2_1" was already defined in this file.
Error while reading cell "user_project_wrapper" (byte position 38335522): Ignoring duplicate definition
Reading "sky130_fd_sc_hd__nor3_1".
Error while reading cell "user_project_wrapper" (byte position 38339762): Cell "sky130_fd_sc_hd__nor3_1" was already defined in this file.
Error while reading cell "user_project_wrapper" (byte position 38339762): Ignoring duplicate definition
Reading "sky130_fd_sc_hd__o21a_1".
Error while reading cell "user_project_wrapper" (byte position 38344016): Cell "sky130_fd_sc_hd__o21a_1" was already defined in this file.
Error while reading cell "user_project_wrapper" (byte position 38344016): Ignoring duplicate definition
Reading "sky130_fd_sc_hd__and2_2".
Error while reading cell "user_project_wrapper" (byte position 38349662): Cell "sky130_fd_sc_hd__and2_2" was already defined in this file.
Error while reading cell "user_project_wrapper" (byte position 38349662): Ignoring duplicate definition
Reading "sky130_fd_sc_hd__dfrtp_1".
Error while reading cell "user_project_wrapper" (byte position 38355122): Cell "sky130_fd_sc_hd__dfrtp_1" was already defined in this file.
Error while reading cell "user_project_wrapper" (byte position 38355122): Ignoring duplicate definition
Reading "sky130_fd_sc_hd__and2_1".
Error while reading cell "user_project_wrapper" (byte position 38370424): Cell "sky130_fd_sc_hd__and2_1" was already defined in this file.
Error while reading cell "user_project_wrapper" (byte position 38370424): Ignoring duplicate definition
Reading "sky130_fd_sc_hd__xnor2_1".
Error while reading cell "user_project_wrapper" (byte position 38375340): Cell "sky130_fd_sc_hd__xnor2_1" was already defined in this file.
Error while reading cell "user_project_wrapper" (byte position 38375340): Ignoring duplicate definition
Reading "sky130_fd_sc_hd__a21o_1".
Error while reading cell "user_project_wrapper" (byte position 38380718): Cell "sky130_fd_sc_hd__a21o_1" was already defined in this file.
Error while reading cell "user_project_wrapper" (byte position 38380718): Ignoring duplicate definition
Reading "sky130_fd_sc_hd__a21bo_1".
Error while reading cell "user_project_wrapper" (byte position 38386782): Cell "sky130_fd_sc_hd__a21bo_1" was already defined in this file.
Error while reading cell "user_project_wrapper" (byte position 38386782): Ignoring duplicate definition
Reading "sky130_fd_sc_hd__xnor2_2".
Error while reading cell "user_project_wrapper" (byte position 38394402): Cell "sky130_fd_sc_hd__xnor2_2" was already defined in this file.
Error while reading cell "user_project_wrapper" (byte position 38394402): Ignoring duplicate definition
Reading "sky130_fd_sc_hd__dlygate4sd3_1".
Error while reading cell "user_project_wrapper" (byte position 38403162): Cell "sky130_fd_sc_hd__dlygate4sd3_1" was already defined in this file.
Error while reading cell "user_project_wrapper" (byte position 38403162): Ignoring duplicate definition
Reading "sky130_fd_sc_hd__or3_1".
Error while reading cell "user_project_wrapper" (byte position 38409154): Cell "sky130_fd_sc_hd__or3_1" was already defined in this file.
Error while reading cell "user_project_wrapper" (byte position 38409154): Ignoring duplicate definition
Reading "sky130_fd_sc_hd__mux2_1".
Error while reading cell "user_project_wrapper" (byte position 38414298): Cell "sky130_fd_sc_hd__mux2_1" was already defined in this file.
Error while reading cell "user_project_wrapper" (byte position 38414298): Ignoring duplicate definition
Reading "sky130_fd_sc_hd__clkbuf_2".
Error while reading cell "user_project_wrapper" (byte position 38421202): Cell "sky130_fd_sc_hd__clkbuf_2" was already defined in this file.
Error while reading cell "user_project_wrapper" (byte position 38421202): Ignoring duplicate definition
Reading "sky130_fd_sc_hd__nand3_1".
Error while reading cell "user_project_wrapper" (byte position 38425810): Cell "sky130_fd_sc_hd__nand3_1" was already defined in this file.
Error while reading cell "user_project_wrapper" (byte position 38425810): Ignoring duplicate definition
Reading "sky130_fd_sc_hd__nor2_2".
Error while reading cell "user_project_wrapper" (byte position 38430226): Cell "sky130_fd_sc_hd__nor2_2" was already defined in this file.
Error while reading cell "user_project_wrapper" (byte position 38430226): Ignoring duplicate definition
Reading "sky130_fd_sc_hd__o21ai_1".
Error while reading cell "user_project_wrapper" (byte position 38435042): Cell "sky130_fd_sc_hd__o21ai_1" was already defined in this file.
Error while reading cell "user_project_wrapper" (byte position 38435042): Ignoring duplicate definition
Reading "sky130_fd_sc_hd__buf_2".
Error while reading cell "user_project_wrapper" (byte position 38439832): Cell "sky130_fd_sc_hd__buf_2" was already defined in this file.
Error while reading cell "user_project_wrapper" (byte position 38439832): Ignoring duplicate definition
Reading "sky130_fd_sc_hd__buf_8".
Error while reading cell "user_project_wrapper" (byte position 38444340): Cell "sky130_fd_sc_hd__buf_8" was already defined in this file.
Error while reading cell "user_project_wrapper" (byte position 38444340): Ignoring duplicate definition
Reading "sky130_fd_sc_hd__clkbuf_8".
Error while reading cell "user_project_wrapper" (byte position 38453248): Cell "sky130_fd_sc_hd__clkbuf_8" was already defined in this file.
Error while reading cell "user_project_wrapper" (byte position 38453248): Ignoring duplicate definition
Reading "sky130_fd_sc_hd__clkbuf_4".
Error while reading cell "user_project_wrapper" (byte position 38461078): Cell "sky130_fd_sc_hd__clkbuf_4" was already defined in this file.
Error while reading cell "user_project_wrapper" (byte position 38461078): Ignoring duplicate definition
Reading "sky130_fd_sc_hd__clkinvlp_4".
Error while reading cell "user_project_wrapper" (byte position 38466312): Cell "sky130_fd_sc_hd__clkinvlp_4" was already defined in this file.
Error while reading cell "user_project_wrapper" (byte position 38466312): Ignoring duplicate definition
Reading "sky130_fd_sc_hd__buf_6".
Error while reading cell "user_project_wrapper" (byte position 38471424): Cell "sky130_fd_sc_hd__buf_6" was already defined in this file.
Error while reading cell "user_project_wrapper" (byte position 38471424): Ignoring duplicate definition
Reading "sky130_fd_sc_hd__buf_4".
Error while reading cell "user_project_wrapper" (byte position 38478474): Cell "sky130_fd_sc_hd__buf_4" was already defined in this file.
Error while reading cell "user_project_wrapper" (byte position 38478474): Ignoring duplicate definition
Reading "sky130_fd_sc_hd__clkinv_4".
Error while reading cell "user_project_wrapper" (byte position 38483898): Cell "sky130_fd_sc_hd__clkinv_4" was already defined in this file.
Error while reading cell "user_project_wrapper" (byte position 38483898): Ignoring duplicate definition
Reading "sky130_fd_sc_hd__clkinv_2".
Error while reading cell "user_project_wrapper" (byte position 38489780): Cell "sky130_fd_sc_hd__clkinv_2" was already defined in this file.
Error while reading cell "user_project_wrapper" (byte position 38489780): Ignoring duplicate definition
Reading "sky130_fd_sc_hd__bufinv_16".
Error while reading cell "user_project_wrapper" (byte position 38494098): Cell "sky130_fd_sc_hd__bufinv_16" was already defined in this file.
Error while reading cell "user_project_wrapper" (byte position 38494098): Ignoring duplicate definition
Reading "sky130_fd_sc_hd__dfrtp_2".
Error while reading cell "user_project_wrapper" (byte position 38510998): Cell "sky130_fd_sc_hd__dfrtp_2" was already defined in this file.
Error while reading cell "user_project_wrapper" (byte position 38510998): Ignoring duplicate definition
Reading "sky130_fd_sc_hd__dlymetal6s2s_1".
Error while reading cell "user_project_wrapper" (byte position 38527164): Cell "sky130_fd_sc_hd__dlymetal6s2s_1" was already defined in this file.
Error while reading cell "user_project_wrapper" (byte position 38527164): Ignoring duplicate definition
Reading "sky130_fd_sc_hd__clkbuf_16".
Error while reading cell "user_project_wrapper" (byte position 38535016): Cell "sky130_fd_sc_hd__clkbuf_16" was already defined in this file.
Error while reading cell "user_project_wrapper" (byte position 38535016): Ignoring duplicate definition
Reading "sky130_fd_sc_hd__inv_8".
Error while reading cell "user_project_wrapper" (byte position 38547748): Cell "sky130_fd_sc_hd__inv_8" was already defined in this file.
Error while reading cell "user_project_wrapper" (byte position 38547748): Ignoring duplicate definition
Reading "sky130_fd_sc_hd__or4_1".
Error while reading cell "user_project_wrapper" (byte position 38555320): Cell "sky130_fd_sc_hd__or4_1" was already defined in this file.
Error while reading cell "user_project_wrapper" (byte position 38555320): Ignoring duplicate definition
Reading "sky130_fd_sc_hd__a22o_1".
Error while reading cell "user_project_wrapper" (byte position 38561416): Cell "sky130_fd_sc_hd__a22o_1" was already defined in this file.
Error while reading cell "user_project_wrapper" (byte position 38561416): Ignoring duplicate definition
Reading "sky130_fd_sc_hd__and2_4".
Error while reading cell "user_project_wrapper" (byte position 38568078): Cell "sky130_fd_sc_hd__and2_4" was already defined in this file.
Error while reading cell "user_project_wrapper" (byte position 38568078): Ignoring duplicate definition
Reading "sky130_fd_sc_hd__a221o_1".
Error while reading cell "user_project_wrapper" (byte position 38573838): Cell "sky130_fd_sc_hd__a221o_1" was already defined in this file.
Error while reading cell "user_project_wrapper" (byte position 38573838): Ignoring duplicate definition
Reading "sky130_fd_sc_hd__o21ai_4".
Error while reading cell "user_project_wrapper" (byte position 38581044): Cell "sky130_fd_sc_hd__o21ai_4" was already defined in this file.
Error while reading cell "user_project_wrapper" (byte position 38581044): Ignoring duplicate definition
Reading "sky130_fd_sc_hd__a2111o_1".
Error while reading cell "user_project_wrapper" (byte position 38589174): Cell "sky130_fd_sc_hd__a2111o_1" was already defined in this file.
Error while reading cell "user_project_wrapper" (byte position 38589174): Ignoring duplicate definition
Reading "sky130_fd_sc_hd__inv_6".
Error while reading cell "user_project_wrapper" (byte position 38597938): Cell "sky130_fd_sc_hd__inv_6" was already defined in this file.
Error while reading cell "user_project_wrapper" (byte position 38597938): Ignoring duplicate definition
Reading "sky130_fd_sc_hd__o22ai_4".
Error while reading cell "user_project_wrapper" (byte position 38603962): Cell "sky130_fd_sc_hd__o22ai_4" was already defined in this file.
Error while reading cell "user_project_wrapper" (byte position 38603962): Ignoring duplicate definition
Reading "sky130_fd_sc_hd__or4_2".
Error while reading cell "user_project_wrapper" (byte position 38614638): Cell "sky130_fd_sc_hd__or4_2" was already defined in this file.
Error while reading cell "user_project_wrapper" (byte position 38614638): Ignoring duplicate definition
Reading "sky130_fd_sc_hd__nor4_1".
Error while reading cell "user_project_wrapper" (byte position 38621262): Cell "sky130_fd_sc_hd__nor4_1" was already defined in this file.
Error while reading cell "user_project_wrapper" (byte position 38621262): Ignoring duplicate definition
Reading "sky130_fd_sc_hd__a2bb2o_1".
Error while reading cell "user_project_wrapper" (byte position 38626058): Cell "sky130_fd_sc_hd__a2bb2o_1" was already defined in this file.
Error while reading cell "user_project_wrapper" (byte position 38626058): Ignoring duplicate definition
Reading "sky130_fd_sc_hd__o22a_4".
Error while reading cell "user_project_wrapper" (byte position 38633300): Cell "sky130_fd_sc_hd__o22a_4" was already defined in this file.
Error while reading cell "user_project_wrapper" (byte position 38633300): Ignoring duplicate definition
Reading "sky130_fd_sc_hd__o22a_2".
Error while reading cell "user_project_wrapper" (byte position 38643000): Cell "sky130_fd_sc_hd__o22a_2" was already defined in this file.
Error while reading cell "user_project_wrapper" (byte position 38643000): Ignoring duplicate definition
Reading "sky130_fd_sc_hd__a2bb2o_2".
Error while reading cell "user_project_wrapper" (byte position 38649670): Cell "sky130_fd_sc_hd__a2bb2o_2" was already defined in this file.
Error while reading cell "user_project_wrapper" (byte position 38649670): Ignoring duplicate definition
Reading "sky130_fd_sc_hd__nand2_2".
Error while reading cell "user_project_wrapper" (byte position 38657472): Cell "sky130_fd_sc_hd__nand2_2" was already defined in this file.
Error while reading cell "user_project_wrapper" (byte position 38657472): Ignoring duplicate definition
Reading "sky130_fd_sc_hd__o2bb2a_1".
Error while reading cell "user_project_wrapper" (byte position 38662528): Cell "sky130_fd_sc_hd__o2bb2a_1" was already defined in this file.
Error while reading cell "user_project_wrapper" (byte position 38662528): Ignoring duplicate definition
Reading "sky130_fd_sc_hd__inv_12".
Error while reading cell "user_project_wrapper" (byte position 38668994): Cell "sky130_fd_sc_hd__inv_12" was already defined in this file.
Error while reading cell "user_project_wrapper" (byte position 38668994): Ignoring duplicate definition
Reading "sky130_fd_sc_hd__o21ai_2".
Error while reading cell "user_project_wrapper" (byte position 38679376): Cell "sky130_fd_sc_hd__o21ai_2" was already defined in this file.
Error while reading cell "user_project_wrapper" (byte position 38679376): Ignoring duplicate definition
Reading "sky130_fd_sc_hd__o22a_1".
Error while reading cell "user_project_wrapper" (byte position 38685894): Cell "sky130_fd_sc_hd__o22a_1" was already defined in this file.
Error while reading cell "user_project_wrapper" (byte position 38685894): Ignoring duplicate definition
Reading "sky130_fd_sc_hd__and3_1".
Error while reading cell "user_project_wrapper" (byte position 38691986): Cell "sky130_fd_sc_hd__and3_1" was already defined in this file.
Error while reading cell "user_project_wrapper" (byte position 38691986): Ignoring duplicate definition
Reading "sky130_fd_sc_hd__a21oi_1".
Error while reading cell "user_project_wrapper" (byte position 38699166): Cell "sky130_fd_sc_hd__a21oi_1" was already defined in this file.
Error while reading cell "user_project_wrapper" (byte position 38699166): Ignoring duplicate definition
Reading "sky130_fd_sc_hd__a21bo_2".
Error while reading cell "user_project_wrapper" (byte position 38703910): Cell "sky130_fd_sc_hd__a21bo_2" was already defined in this file.
Error while reading cell "user_project_wrapper" (byte position 38703910): Ignoring duplicate definition
Reading "sky130_fd_sc_hd__clkinv_8".
Error while reading cell "user_project_wrapper" (byte position 38710282): Cell "sky130_fd_sc_hd__clkinv_8" was already defined in this file.
Error while reading cell "user_project_wrapper" (byte position 38710282): Ignoring duplicate definition
Reading "sky130_fd_sc_hd__xor2_1".
Error while reading cell "user_project_wrapper" (byte position 38719546): Cell "sky130_fd_sc_hd__xor2_1" was already defined in this file.
Error while reading cell "user_project_wrapper" (byte position 38719546): Ignoring duplicate definition
Reading "sky130_fd_sc_hd__or3b_1".
Error while reading cell "user_project_wrapper" (byte position 38725002): Cell "sky130_fd_sc_hd__or3b_1" was already defined in this file.
Error while reading cell "user_project_wrapper" (byte position 38725002): Ignoring duplicate definition
Reading "sky130_fd_sc_hd__o221a_1".
Error while reading cell "user_project_wrapper" (byte position 38731282): Cell "sky130_fd_sc_hd__o221a_1" was already defined in this file.
Error while reading cell "user_project_wrapper" (byte position 38731282): Ignoring duplicate definition
Reading "sky130_fd_sc_hd__a211o_1".
Error while reading cell "user_project_wrapper" (byte position 38738586): Cell "sky130_fd_sc_hd__a211o_1" was already defined in this file.
Error while reading cell "user_project_wrapper" (byte position 38738586): Ignoring duplicate definition
Reading "sky130_fd_sc_hd__a221oi_1".
Error while reading cell "user_project_wrapper" (byte position 38745008): Cell "sky130_fd_sc_hd__a221oi_1" was already defined in this file.
Error while reading cell "user_project_wrapper" (byte position 38745008): Ignoring duplicate definition
Reading "sky130_fd_sc_hd__o31a_1".
Error while reading cell "user_project_wrapper" (byte position 38751652): Cell "sky130_fd_sc_hd__o31a_1" was already defined in this file.
Error while reading cell "user_project_wrapper" (byte position 38751652): Ignoring duplicate definition
Reading "sky130_fd_sc_hd__inv_2".
Error while reading cell "user_project_wrapper" (byte position 38758288): Cell "sky130_fd_sc_hd__inv_2" was already defined in this file.
Error while reading cell "user_project_wrapper" (byte position 38758288): Ignoring duplicate definition
Reading "sky130_fd_sc_hd__o21ba_1".
Error while reading cell "user_project_wrapper" (byte position 38762110): Cell "sky130_fd_sc_hd__o21ba_1" was already defined in this file.
Error while reading cell "user_project_wrapper" (byte position 38762110): Ignoring duplicate definition
Reading "sky130_fd_sc_hd__or3_2".
Error while reading cell "user_project_wrapper" (byte position 38768286): Cell "sky130_fd_sc_hd__or3_2" was already defined in this file.
Error while reading cell "user_project_wrapper" (byte position 38768286): Ignoring duplicate definition
Reading "sky130_fd_sc_hd__xor2_2".
Error while reading cell "user_project_wrapper" (byte position 38773974): Cell "sky130_fd_sc_hd__xor2_2" was already defined in this file.
Error while reading cell "user_project_wrapper" (byte position 38773974): Ignoring duplicate definition
Reading "sky130_fd_sc_hd__xor2_4".
Error while reading cell "user_project_wrapper" (byte position 38783126): Cell "sky130_fd_sc_hd__xor2_4" was already defined in this file.
Error while reading cell "user_project_wrapper" (byte position 38783126): Ignoring duplicate definition
Reading "sky130_fd_sc_hd__a32o_1".
Error while reading cell "user_project_wrapper" (byte position 38797606): Cell "sky130_fd_sc_hd__a32o_1" was already defined in this file.
Error while reading cell "user_project_wrapper" (byte position 38797606): Ignoring duplicate definition
Reading "sky130_fd_sc_hd__and3_2".
Error while reading cell "user_project_wrapper" (byte position 38805054): Cell "sky130_fd_sc_hd__and3_2" was already defined in this file.
Error while reading cell "user_project_wrapper" (byte position 38805054): Ignoring duplicate definition
Reading "sky130_fd_sc_hd__and2b_1".
Error while reading cell "user_project_wrapper" (byte position 38810940): Cell "sky130_fd_sc_hd__and2b_1" was already defined in this file.
Error while reading cell "user_project_wrapper" (byte position 38810940): Ignoring duplicate definition
Reading "sky130_fd_sc_hd__nor2_4".
Error while reading cell "user_project_wrapper" (byte position 38816490): Cell "sky130_fd_sc_hd__nor2_4" was already defined in this file.
Error while reading cell "user_project_wrapper" (byte position 38816490): Ignoring duplicate definition
Reading "sky130_fd_sc_hd__or4_4".
Error while reading cell "user_project_wrapper" (byte position 38823608): Cell "sky130_fd_sc_hd__or4_4" was already defined in this file.
Error while reading cell "user_project_wrapper" (byte position 38823608): Ignoring duplicate definition
Reading "sky130_fd_sc_hd__a21boi_1".
Error while reading cell "user_project_wrapper" (byte position 38830930): Cell "sky130_fd_sc_hd__a21boi_1" was already defined in this file.
Error while reading cell "user_project_wrapper" (byte position 38830930): Ignoring duplicate definition
Reading "sky130_fd_sc_hd__and3b_1".
Error while reading cell "user_project_wrapper" (byte position 38837240): Cell "sky130_fd_sc_hd__and3b_1" was already defined in this file.
Error while reading cell "user_project_wrapper" (byte position 38837240): Ignoring duplicate definition
Reading "sky130_fd_sc_hd__or3b_4".
Error while reading cell "user_project_wrapper" (byte position 38843656): Cell "sky130_fd_sc_hd__or3b_4" was already defined in this file.
Error while reading cell "user_project_wrapper" (byte position 38843656): Ignoring duplicate definition
Reading "sky130_fd_sc_hd__inv_4".
Error while reading cell "user_project_wrapper" (byte position 38850162): Cell "sky130_fd_sc_hd__inv_4" was already defined in this file.
Error while reading cell "user_project_wrapper" (byte position 38850162): Ignoring duplicate definition
Reading "sky130_fd_sc_hd__nand4b_1".
Error while reading cell "user_project_wrapper" (byte position 38855228): Cell "sky130_fd_sc_hd__nand4b_1" was already defined in this file.
Error while reading cell "user_project_wrapper" (byte position 38855228): Ignoring duplicate definition
Reading "sky130_fd_sc_hd__or4bb_4".
Error while reading cell "user_project_wrapper" (byte position 38861116): Cell "sky130_fd_sc_hd__or4bb_4" was already defined in this file.
Error while reading cell "user_project_wrapper" (byte position 38861116): Ignoring duplicate definition
Reading "sky130_fd_sc_hd__nor2_8".
Error while reading cell "user_project_wrapper" (byte position 38869948): Cell "sky130_fd_sc_hd__nor2_8" was already defined in this file.
Error while reading cell "user_project_wrapper" (byte position 38869948): Ignoring duplicate definition
Reading "sky130_fd_sc_hd__or2_4".
Error while reading cell "user_project_wrapper" (byte position 38881418): Cell "sky130_fd_sc_hd__or2_4" was already defined in this file.
Error while reading cell "user_project_wrapper" (byte position 38881418): Ignoring duplicate definition
Reading "sky130_fd_sc_hd__a41o_1".
Error while reading cell "user_project_wrapper" (byte position 38887194): Cell "sky130_fd_sc_hd__a41o_1" was already defined in this file.
Error while reading cell "user_project_wrapper" (byte position 38887194): Ignoring duplicate definition
Reading "sky130_fd_sc_hd__or4b_4".
Error while reading cell "user_project_wrapper" (byte position 38895150): Cell "sky130_fd_sc_hd__or4b_4" was already defined in this file.
Error while reading cell "user_project_wrapper" (byte position 38895150): Ignoring duplicate definition
Reading "sky130_fd_sc_hd__dfxtp_1".
Error while reading cell "user_project_wrapper" (byte position 38903656): Cell "sky130_fd_sc_hd__dfxtp_1" was already defined in this file.
Error while reading cell "user_project_wrapper" (byte position 38903656): Ignoring duplicate definition
Reading "sky130_fd_sc_hd__or3_4".
Error while reading cell "user_project_wrapper" (byte position 38915790): Cell "sky130_fd_sc_hd__or3_4" was already defined in this file.
Error while reading cell "user_project_wrapper" (byte position 38915790): Ignoring duplicate definition
Reading "sky130_fd_sc_hd__a21boi_2".
Error while reading cell "user_project_wrapper" (byte position 38922924): Cell "sky130_fd_sc_hd__a21boi_2" was already defined in this file.
Error while reading cell "user_project_wrapper" (byte position 38922924): Ignoring duplicate definition
Reading "sky130_fd_sc_hd__o211a_1".
Error while reading cell "user_project_wrapper" (byte position 38929630): Cell "sky130_fd_sc_hd__o211a_1" was already defined in this file.
Error while reading cell "user_project_wrapper" (byte position 38929630): Ignoring duplicate definition
Reading "sky130_fd_sc_hd__a31oi_1".
Error while reading cell "user_project_wrapper" (byte position 38936488): Cell "sky130_fd_sc_hd__a31oi_1" was already defined in this file.
Error while reading cell "user_project_wrapper" (byte position 38936488): Ignoring duplicate definition
Reading "sky130_fd_sc_hd__a31o_1".
Error while reading cell "user_project_wrapper" (byte position 38941808): Cell "sky130_fd_sc_hd__a31o_1" was already defined in this file.
Error while reading cell "user_project_wrapper" (byte position 38941808): Ignoring duplicate definition
Reading "sky130_fd_sc_hd__and2b_2".
Error while reading cell "user_project_wrapper" (byte position 38948368): Cell "sky130_fd_sc_hd__and2b_2" was already defined in this file.
Error while reading cell "user_project_wrapper" (byte position 38948368): Ignoring duplicate definition
Reading "sky130_fd_sc_hd__nor4b_1".
Error while reading cell "user_project_wrapper" (byte position 38954046): Cell "sky130_fd_sc_hd__nor4b_1" was already defined in this file.
Error while reading cell "user_project_wrapper" (byte position 38954046): Ignoring duplicate definition
Reading "sky130_fd_sc_hd__o22ai_2".
Error while reading cell "user_project_wrapper" (byte position 38959326): Cell "sky130_fd_sc_hd__o22ai_2" was already defined in this file.
Error while reading cell "user_project_wrapper" (byte position 38959326): Ignoring duplicate definition
Reading "sky130_fd_sc_hd__and4bb_4".
Error while reading cell "user_project_wrapper" (byte position 38967278): Cell "sky130_fd_sc_hd__and4bb_4" was already defined in this file.
Error while reading cell "user_project_wrapper" (byte position 38967278): Ignoring duplicate definition
Reading "sky130_fd_sc_hd__and4b_2".
Error while reading cell "user_project_wrapper" (byte position 38976010): Cell "sky130_fd_sc_hd__and4b_2" was already defined in this file.
Error while reading cell "user_project_wrapper" (byte position 38976010): Ignoring duplicate definition
Reading "sky130_fd_sc_hd__and4b_1".
Error while reading cell "user_project_wrapper" (byte position 38984296): Cell "sky130_fd_sc_hd__and4b_1" was already defined in this file.
Error while reading cell "user_project_wrapper" (byte position 38984296): Ignoring duplicate definition
Reading "sky130_fd_sc_hd__and4_2".
Error while reading cell "user_project_wrapper" (byte position 38991924): Cell "sky130_fd_sc_hd__and4_2" was already defined in this file.
Error while reading cell "user_project_wrapper" (byte position 38991924): Ignoring duplicate definition
Reading "sky130_fd_sc_hd__dfstp_1".
Error while reading cell "user_project_wrapper" (byte position 38999216): Cell "sky130_fd_sc_hd__dfstp_1" was already defined in this file.
Error while reading cell "user_project_wrapper" (byte position 38999216): Ignoring duplicate definition
Reading "sky130_fd_sc_hd__and4bb_1".
Error while reading cell "user_project_wrapper" (byte position 39014822): Cell "sky130_fd_sc_hd__and4bb_1" was already defined in this file.
Error while reading cell "user_project_wrapper" (byte position 39014822): Ignoring duplicate definition
Reading "sky130_fd_sc_hd__and4bb_2".
Error while reading cell "user_project_wrapper" (byte position 39023238): Cell "sky130_fd_sc_hd__and4bb_2" was already defined in this file.
Error while reading cell "user_project_wrapper" (byte position 39023238): Ignoring duplicate definition
Reading "sky130_fd_sc_hd__and3_4".
Error while reading cell "user_project_wrapper" (byte position 39031248): Cell "sky130_fd_sc_hd__and3_4" was already defined in this file.
Error while reading cell "user_project_wrapper" (byte position 39031248): Ignoring duplicate definition
Reading "sky130_fd_sc_hd__a2111o_2".
Error while reading cell "user_project_wrapper" (byte position 39038160): Cell "sky130_fd_sc_hd__a2111o_2" was already defined in this file.
Error while reading cell "user_project_wrapper" (byte position 39038160): Ignoring duplicate definition
Reading "sky130_fd_sc_hd__and4_1".
Error while reading cell "user_project_wrapper" (byte position 39047294): Cell "sky130_fd_sc_hd__and4_1" was already defined in this file.
Error while reading cell "user_project_wrapper" (byte position 39047294): Ignoring duplicate definition
Reading "sky130_fd_sc_hd__dfrtp_4".
Error while reading cell "user_project_wrapper" (byte position 39053722): Cell "sky130_fd_sc_hd__dfrtp_4" was already defined in this file.
Error while reading cell "user_project_wrapper" (byte position 39053722): Ignoring duplicate definition
Reading "sky130_fd_sc_hd__a21oi_2".
Error while reading cell "user_project_wrapper" (byte position 39071660): Cell "sky130_fd_sc_hd__a21oi_2" was already defined in this file.
Error while reading cell "user_project_wrapper" (byte position 39071660): Ignoring duplicate definition
Reading "sky130_fd_sc_hd__o21bai_1".
Error while reading cell "user_project_wrapper" (byte position 39077600): Cell "sky130_fd_sc_hd__o21bai_1" was already defined in this file.
Error while reading cell "user_project_wrapper" (byte position 39077600): Ignoring duplicate definition
Reading "sky130_fd_sc_hd__o32a_2".
Error while reading cell "user_project_wrapper" (byte position 39083186): Cell "sky130_fd_sc_hd__o32a_2" was already defined in this file.
Error while reading cell "user_project_wrapper" (byte position 39083186): Ignoring duplicate definition
Reading "sky130_fd_sc_hd__o2bb2a_2".
Error while reading cell "user_project_wrapper" (byte position 39090996): Cell "sky130_fd_sc_hd__o2bb2a_2" was already defined in this file.
Error while reading cell "user_project_wrapper" (byte position 39090996): Ignoring duplicate definition
Reading "sky130_fd_sc_hd__or4b_1".
Error while reading cell "user_project_wrapper" (byte position 39098118): Cell "sky130_fd_sc_hd__or4b_1" was already defined in this file.
Error while reading cell "user_project_wrapper" (byte position 39098118): Ignoring duplicate definition
Reading "sky130_fd_sc_hd__o31ai_1".
Error while reading cell "user_project_wrapper" (byte position 39105416): Cell "sky130_fd_sc_hd__o31ai_1" was already defined in this file.
Error while reading cell "user_project_wrapper" (byte position 39105416): Ignoring duplicate definition

TIME: read GDS: 00:02:55 


TIME: add subcut: 00:00:00 

Abstracting sky130_fd_sc_hd__fill_1
Abstracting sky130_fd_sc_hd__fill_2
Abstracting sky130_fd_sc_hd__tapvpwrvgnd_1

TIME: set abstract: 00:00:00 

Processing sky130_fd_sc_hd__decap_3
Processing sky130_ef_sc_hd__decap_12
Processing sky130_fd_sc_hd__decap_6
Processing sky130_fd_sc_hd__buf_2
Processing sky130_fd_sc_hd__decap_4
Processing sky130_fd_sc_hd__dlygate4sd3_1
Processing sky130_fd_sc_hd__mux2_1
Processing sky130_fd_sc_hd__diode_2
Processing sky130_fd_sc_hd__dfrtp_1
Processing sky130_fd_sc_hd__decap_8
Processing sky130_fd_sc_hd__clkbuf_8
Processing sky130_fd_sc_hd__clkinvlp_4
Processing sky130_fd_sc_hd__bufinv_16
Processing sky130_fd_sc_hd__clkinv_2
Processing sky130_fd_sc_hd__clkbuf_2
Processing sky130_fd_sc_hd__clkbuf_4
Processing sky130_fd_sc_hd__dlymetal6s2s_1
Processing sky130_fd_sc_hd__nor2_1
Processing sky130_fd_sc_hd__and2_1
Processing sky130_fd_sc_hd__nand2_1
Processing sky130_fd_sc_hd__a21oi_1
Processing sky130_fd_sc_hd__and3_1
Processing sky130_fd_sc_hd__xor2_1
Processing sky130_fd_sc_hd__inv_8
Processing sky130_fd_sc_hd__xnor2_1
Processing sky130_fd_sc_hd__or2_1
Processing sky130_fd_sc_hd__buf_1
Processing sky130_fd_sc_hd__or4_1
Processing sky130_fd_sc_hd__nor3_1
Processing sky130_fd_sc_hd__a22o_1
Processing sky130_fd_sc_hd__buf_4
Processing sky130_fd_sc_hd__inv_6
Processing sky130_fd_sc_hd__a2111o_1
Processing sky130_fd_sc_hd__buf_6
Processing sky130_fd_sc_hd__a221o_1
Processing sky130_fd_sc_hd__or3b_1
Processing sky130_fd_sc_hd__buf_8
Processing sky130_fd_sc_hd__clkinv_8
Processing sky130_fd_sc_hd__or3_1
Processing sky130_fd_sc_hd__o31ai_1
Processing sky130_fd_sc_hd__nor4_1
Processing sky130_fd_sc_hd__or4_2
Processing sky130_fd_sc_hd__clkinv_4
Processing sky130_fd_sc_hd__o21a_1
Processing sky130_fd_sc_hd__a211o_1
Processing sky130_fd_sc_hd__o21ai_1
Processing sky130_fd_sc_hd__a2bb2o_1
Processing sky130_fd_sc_hd__o21ba_1
Processing sky130_fd_sc_hd__and2b_1
Processing sky130_fd_sc_hd__or4b_1
Processing sky130_fd_sc_hd__inv_2
Processing sky130_fd_sc_hd__o22a_1
Processing sky130_fd_sc_hd__clkbuf_16
Processing sky130_fd_sc_hd__a31o_1
Processing sky130_fd_sc_hd__and4_1
Processing sky130_fd_sc_hd__clkbuf_1
Processing sky130_fd_sc_hd__dfxtp_1
Processing sky130_fd_sc_hd__inv_12
Processing sky130_fd_sc_hd__o22ai_4
Processing sky130_fd_sc_hd__o22a_4
Processing sky130_fd_sc_hd__o22a_2
Processing sky130_fd_sc_hd__a2bb2o_2
Processing sky130_fd_sc_hd__o2bb2a_2
Processing sky130_fd_sc_hd__nand2b_1
Processing sky130_fd_sc_hd__a21oi_2
Processing sky130_fd_sc_hd__a21o_1
Processing sky130_fd_sc_hd__xnor2_2
Processing sky130_fd_sc_hd__o21ai_2
Processing sky130_fd_sc_hd__o32a_2
Processing sky130_fd_sc_hd__and2_4
Processing sky130_fd_sc_hd__o21bai_1
Processing sky130_fd_sc_hd__and3_2
Processing sky130_fd_sc_hd__nor2_2
Processing sky130_fd_sc_hd__xor2_2
Processing sky130_fd_sc_hd__xor2_4
Processing sky130_fd_sc_hd__dfrtp_4
Processing sky130_fd_sc_hd__o31a_1
Processing sky130_fd_sc_hd__or4_4
Processing sky130_fd_sc_hd__and3b_1
Processing sky130_fd_sc_hd__a2111o_2
Processing sky130_fd_sc_hd__nor4b_1
Processing sky130_fd_sc_hd__and4b_1
Processing sky130_fd_sc_hd__o2bb2a_1
Processing sky130_fd_sc_hd__and3_4
Processing sky130_fd_sc_hd__and4bb_1
Processing sky130_fd_sc_hd__and4bb_2
Processing sky130_fd_sc_hd__dfstp_1
Processing sky130_fd_sc_hd__and4_2
Processing sky130_fd_sc_hd__and4b_2
Processing sky130_fd_sc_hd__and4bb_4
Processing sky130_fd_sc_hd__o22ai_2
Processing sky130_fd_sc_hd__and2b_2
Processing sky130_fd_sc_hd__dfrtp_2
Processing sky130_fd_sc_hd__a21bo_1
Processing sky130_fd_sc_hd__or3b_4
Processing sky130_fd_sc_hd__inv_4
Processing sky130_fd_sc_hd__a31oi_1
Processing sky130_fd_sc_hd__o211a_1
Processing sky130_fd_sc_hd__a21boi_2
Processing sky130_fd_sc_hd__nor2_4
Processing sky130_fd_sc_hd__or3_4
Processing sky130_fd_sc_hd__or4b_4
Processing sky130_fd_sc_hd__or4bb_4
Processing sky130_fd_sc_hd__nor2_8
Processing sky130_fd_sc_hd__a41o_1
Processing sky130_fd_sc_hd__or2_4
Processing sky130_fd_sc_hd__nand4b_1
Processing sky130_fd_sc_hd__a21boi_1
Processing sky130_fd_sc_hd__nand3_1
Processing sky130_fd_sc_hd__a32o_1
Processing sky130_fd_sc_hd__o221a_1
Processing sky130_fd_sc_hd__o21ai_4
Processing sky130_fd_sc_hd__or3_2
Processing sky130_fd_sc_hd__a221oi_1
Processing sky130_fd_sc_hd__a21bo_2
Processing sky130_fd_sc_hd__nand2_2
Processing sky130_fd_sc_hd__and2_2
Processing ucb_top
Processing user_project_wrapper
The following types are not handled by extraction and will be treated as non-electrical types:
    ubm 
Extraction style is now "ngspice()"
Extracting sky130_fd_sc_hd__tapvpwrvgnd_1 into sky130_fd_sc_hd__tapvpwrvgnd_1.ext:
Extracting sky130_fd_sc_hd__decap_3 into sky130_fd_sc_hd__decap_3.ext:
sky130_fd_sc_hd__decap_3: 2 warnings
Extracting sky130_fd_sc_hd__fill_2 into sky130_fd_sc_hd__fill_2.ext:
Extracting sky130_ef_sc_hd__decap_12 into sky130_ef_sc_hd__decap_12.ext:
sky130_ef_sc_hd__decap_12: 2 warnings
Extracting sky130_fd_sc_hd__fill_1 into sky130_fd_sc_hd__fill_1.ext:
Extracting sky130_fd_sc_hd__decap_6 into sky130_fd_sc_hd__decap_6.ext:
sky130_fd_sc_hd__decap_6: 2 warnings
Extracting sky130_fd_sc_hd__buf_2 into sky130_fd_sc_hd__buf_2.ext:
Extracting sky130_fd_sc_hd__decap_4 into sky130_fd_sc_hd__decap_4.ext:
sky130_fd_sc_hd__decap_4: 2 warnings
Extracting sky130_fd_sc_hd__dlygate4sd3_1 into sky130_fd_sc_hd__dlygate4sd3_1.ext:
Extracting sky130_fd_sc_hd__mux2_1 into sky130_fd_sc_hd__mux2_1.ext:
Extracting sky130_fd_sc_hd__diode_2 into sky130_fd_sc_hd__diode_2.ext:
sky130_fd_sc_hd__diode_2: 1 warning
Extracting sky130_fd_sc_hd__dfrtp_1 into sky130_fd_sc_hd__dfrtp_1.ext:
Extracting sky130_fd_sc_hd__decap_8 into sky130_fd_sc_hd__decap_8.ext:
sky130_fd_sc_hd__decap_8: 2 warnings
Extracting sky130_fd_sc_hd__clkbuf_8 into sky130_fd_sc_hd__clkbuf_8.ext:
Extracting sky130_fd_sc_hd__clkinvlp_4 into sky130_fd_sc_hd__clkinvlp_4.ext:
Extracting sky130_fd_sc_hd__bufinv_16 into sky130_fd_sc_hd__bufinv_16.ext:
Extracting sky130_fd_sc_hd__clkinv_2 into sky130_fd_sc_hd__clkinv_2.ext:
Extracting sky130_fd_sc_hd__clkbuf_2 into sky130_fd_sc_hd__clkbuf_2.ext:
Extracting sky130_fd_sc_hd__clkbuf_4 into sky130_fd_sc_hd__clkbuf_4.ext:
Extracting sky130_fd_sc_hd__dlymetal6s2s_1 into sky130_fd_sc_hd__dlymetal6s2s_1.ext:
Extracting sky130_fd_sc_hd__nor2_1 into sky130_fd_sc_hd__nor2_1.ext:
Extracting sky130_fd_sc_hd__and2_1 into sky130_fd_sc_hd__and2_1.ext:
Extracting sky130_fd_sc_hd__nand2_1 into sky130_fd_sc_hd__nand2_1.ext:
Extracting sky130_fd_sc_hd__a21oi_1 into sky130_fd_sc_hd__a21oi_1.ext:
Extracting sky130_fd_sc_hd__and3_1 into sky130_fd_sc_hd__and3_1.ext:
Extracting sky130_fd_sc_hd__xor2_1 into sky130_fd_sc_hd__xor2_1.ext:
Extracting sky130_fd_sc_hd__inv_8 into sky130_fd_sc_hd__inv_8.ext:
Extracting sky130_fd_sc_hd__xnor2_1 into sky130_fd_sc_hd__xnor2_1.ext:
Extracting sky130_fd_sc_hd__or2_1 into sky130_fd_sc_hd__or2_1.ext:
Extracting sky130_fd_sc_hd__buf_1 into sky130_fd_sc_hd__buf_1.ext:
Extracting sky130_fd_sc_hd__or4_1 into sky130_fd_sc_hd__or4_1.ext:
Extracting sky130_fd_sc_hd__nor3_1 into sky130_fd_sc_hd__nor3_1.ext:
Extracting sky130_fd_sc_hd__a22o_1 into sky130_fd_sc_hd__a22o_1.ext:
Extracting sky130_fd_sc_hd__buf_4 into sky130_fd_sc_hd__buf_4.ext:
Extracting sky130_fd_sc_hd__inv_6 into sky130_fd_sc_hd__inv_6.ext:
Extracting sky130_fd_sc_hd__a2111o_1 into sky130_fd_sc_hd__a2111o_1.ext:
Extracting sky130_fd_sc_hd__buf_6 into sky130_fd_sc_hd__buf_6.ext:
Extracting sky130_fd_sc_hd__a221o_1 into sky130_fd_sc_hd__a221o_1.ext:
Extracting sky130_fd_sc_hd__or3b_1 into sky130_fd_sc_hd__or3b_1.ext:
Extracting sky130_fd_sc_hd__buf_8 into sky130_fd_sc_hd__buf_8.ext:
Extracting sky130_fd_sc_hd__clkinv_8 into sky130_fd_sc_hd__clkinv_8.ext:
Extracting sky130_fd_sc_hd__or3_1 into sky130_fd_sc_hd__or3_1.ext:
Extracting sky130_fd_sc_hd__o31ai_1 into sky130_fd_sc_hd__o31ai_1.ext:
Extracting sky130_fd_sc_hd__nor4_1 into sky130_fd_sc_hd__nor4_1.ext:
Extracting sky130_fd_sc_hd__or4_2 into sky130_fd_sc_hd__or4_2.ext:
Extracting sky130_fd_sc_hd__clkinv_4 into sky130_fd_sc_hd__clkinv_4.ext:
Extracting sky130_fd_sc_hd__o21a_1 into sky130_fd_sc_hd__o21a_1.ext:
Extracting sky130_fd_sc_hd__a211o_1 into sky130_fd_sc_hd__a211o_1.ext:
Extracting sky130_fd_sc_hd__o21ai_1 into sky130_fd_sc_hd__o21ai_1.ext:
Extracting sky130_fd_sc_hd__a2bb2o_1 into sky130_fd_sc_hd__a2bb2o_1.ext:
Extracting sky130_fd_sc_hd__o21ba_1 into sky130_fd_sc_hd__o21ba_1.ext:
Extracting sky130_fd_sc_hd__and2b_1 into sky130_fd_sc_hd__and2b_1.ext:
Extracting sky130_fd_sc_hd__or4b_1 into sky130_fd_sc_hd__or4b_1.ext:
Extracting sky130_fd_sc_hd__inv_2 into sky130_fd_sc_hd__inv_2.ext:
Extracting sky130_fd_sc_hd__o22a_1 into sky130_fd_sc_hd__o22a_1.ext:
Extracting sky130_fd_sc_hd__clkbuf_16 into sky130_fd_sc_hd__clkbuf_16.ext:
Extracting sky130_fd_sc_hd__a31o_1 into sky130_fd_sc_hd__a31o_1.ext:
Extracting sky130_fd_sc_hd__and4_1 into sky130_fd_sc_hd__and4_1.ext:
Extracting sky130_fd_sc_hd__clkbuf_1 into sky130_fd_sc_hd__clkbuf_1.ext:
Extracting sky130_fd_sc_hd__dfxtp_1 into sky130_fd_sc_hd__dfxtp_1.ext:
Extracting sky130_fd_sc_hd__inv_12 into sky130_fd_sc_hd__inv_12.ext:
Extracting sky130_fd_sc_hd__o22ai_4 into sky130_fd_sc_hd__o22ai_4.ext:
Extracting sky130_fd_sc_hd__o22a_4 into sky130_fd_sc_hd__o22a_4.ext:
Extracting sky130_fd_sc_hd__o22a_2 into sky130_fd_sc_hd__o22a_2.ext:
Extracting sky130_fd_sc_hd__a2bb2o_2 into sky130_fd_sc_hd__a2bb2o_2.ext:
Extracting sky130_fd_sc_hd__o2bb2a_2 into sky130_fd_sc_hd__o2bb2a_2.ext:
Extracting sky130_fd_sc_hd__nand2b_1 into sky130_fd_sc_hd__nand2b_1.ext:
Extracting sky130_fd_sc_hd__a21oi_2 into sky130_fd_sc_hd__a21oi_2.ext:
Extracting sky130_fd_sc_hd__a21o_1 into sky130_fd_sc_hd__a21o_1.ext:
Extracting sky130_fd_sc_hd__xnor2_2 into sky130_fd_sc_hd__xnor2_2.ext:
Extracting sky130_fd_sc_hd__o21ai_2 into sky130_fd_sc_hd__o21ai_2.ext:
Extracting sky130_fd_sc_hd__o32a_2 into sky130_fd_sc_hd__o32a_2.ext:
Extracting sky130_fd_sc_hd__and2_4 into sky130_fd_sc_hd__and2_4.ext:
Extracting sky130_fd_sc_hd__o21bai_1 into sky130_fd_sc_hd__o21bai_1.ext:
Extracting sky130_fd_sc_hd__and3_2 into sky130_fd_sc_hd__and3_2.ext:
Extracting sky130_fd_sc_hd__nor2_2 into sky130_fd_sc_hd__nor2_2.ext:
Extracting sky130_fd_sc_hd__xor2_2 into sky130_fd_sc_hd__xor2_2.ext:
Extracting sky130_fd_sc_hd__xor2_4 into sky130_fd_sc_hd__xor2_4.ext:
Extracting sky130_fd_sc_hd__dfrtp_4 into sky130_fd_sc_hd__dfrtp_4.ext:
Extracting sky130_fd_sc_hd__o31a_1 into sky130_fd_sc_hd__o31a_1.ext:
Extracting sky130_fd_sc_hd__or4_4 into sky130_fd_sc_hd__or4_4.ext:
Extracting sky130_fd_sc_hd__and3b_1 into sky130_fd_sc_hd__and3b_1.ext:
Extracting sky130_fd_sc_hd__a2111o_2 into sky130_fd_sc_hd__a2111o_2.ext:
Extracting sky130_fd_sc_hd__nor4b_1 into sky130_fd_sc_hd__nor4b_1.ext:
Extracting sky130_fd_sc_hd__and4b_1 into sky130_fd_sc_hd__and4b_1.ext:
Extracting sky130_fd_sc_hd__o2bb2a_1 into sky130_fd_sc_hd__o2bb2a_1.ext:
Extracting sky130_fd_sc_hd__and3_4 into sky130_fd_sc_hd__and3_4.ext:
Extracting sky130_fd_sc_hd__and4bb_1 into sky130_fd_sc_hd__and4bb_1.ext:
Extracting sky130_fd_sc_hd__and4bb_2 into sky130_fd_sc_hd__and4bb_2.ext:
Extracting sky130_fd_sc_hd__dfstp_1 into sky130_fd_sc_hd__dfstp_1.ext:
Extracting sky130_fd_sc_hd__and4_2 into sky130_fd_sc_hd__and4_2.ext:
Extracting sky130_fd_sc_hd__and4b_2 into sky130_fd_sc_hd__and4b_2.ext:
Extracting sky130_fd_sc_hd__and4bb_4 into sky130_fd_sc_hd__and4bb_4.ext:
Extracting sky130_fd_sc_hd__o22ai_2 into sky130_fd_sc_hd__o22ai_2.ext:
Extracting sky130_fd_sc_hd__and2b_2 into sky130_fd_sc_hd__and2b_2.ext:
Extracting sky130_fd_sc_hd__dfrtp_2 into sky130_fd_sc_hd__dfrtp_2.ext:
Extracting sky130_fd_sc_hd__a21bo_1 into sky130_fd_sc_hd__a21bo_1.ext:
Extracting sky130_fd_sc_hd__or3b_4 into sky130_fd_sc_hd__or3b_4.ext:
Extracting sky130_fd_sc_hd__inv_4 into sky130_fd_sc_hd__inv_4.ext:
Extracting sky130_fd_sc_hd__a31oi_1 into sky130_fd_sc_hd__a31oi_1.ext:
Extracting sky130_fd_sc_hd__o211a_1 into sky130_fd_sc_hd__o211a_1.ext:
Extracting sky130_fd_sc_hd__a21boi_2 into sky130_fd_sc_hd__a21boi_2.ext:
Extracting sky130_fd_sc_hd__nor2_4 into sky130_fd_sc_hd__nor2_4.ext:
Extracting sky130_fd_sc_hd__or3_4 into sky130_fd_sc_hd__or3_4.ext:
Extracting sky130_fd_sc_hd__or4b_4 into sky130_fd_sc_hd__or4b_4.ext:
Extracting sky130_fd_sc_hd__or4bb_4 into sky130_fd_sc_hd__or4bb_4.ext:
Extracting sky130_fd_sc_hd__nor2_8 into sky130_fd_sc_hd__nor2_8.ext:
Extracting sky130_fd_sc_hd__a41o_1 into sky130_fd_sc_hd__a41o_1.ext:
Extracting sky130_fd_sc_hd__or2_4 into sky130_fd_sc_hd__or2_4.ext:
Extracting sky130_fd_sc_hd__nand4b_1 into sky130_fd_sc_hd__nand4b_1.ext:
Extracting sky130_fd_sc_hd__a21boi_1 into sky130_fd_sc_hd__a21boi_1.ext:
Extracting sky130_fd_sc_hd__nand3_1 into sky130_fd_sc_hd__nand3_1.ext:
Extracting sky130_fd_sc_hd__a32o_1 into sky130_fd_sc_hd__a32o_1.ext:
Extracting sky130_fd_sc_hd__o221a_1 into sky130_fd_sc_hd__o221a_1.ext:
Extracting sky130_fd_sc_hd__o21ai_4 into sky130_fd_sc_hd__o21ai_4.ext:
Extracting sky130_fd_sc_hd__or3_2 into sky130_fd_sc_hd__or3_2.ext:
Extracting sky130_fd_sc_hd__a221oi_1 into sky130_fd_sc_hd__a221oi_1.ext:
Extracting sky130_fd_sc_hd__a21bo_2 into sky130_fd_sc_hd__a21bo_2.ext:
Extracting sky130_fd_sc_hd__nand2_2 into sky130_fd_sc_hd__nand2_2.ext:
Extracting sky130_fd_sc_hd__and2_2 into sky130_fd_sc_hd__and2_2.ext:
Extracting ucb_top into ucb_top.ext:
Extracting user_project_wrapper into user_project_wrapper.ext:
Total of 11 warnings.

TIME: extract: 00:01:30 

Devs merged: 0
Devs merged: 0
Devs merged: 0
Devs merged: 0
Devs merged: 0
Devs merged: 0
Devs merged: 0
Devs merged: 0
Devs merged: 0
Devs merged: 0
Devs merged: 0
Devs merged: 0
Devs merged: 0
Devs merged: 0
Devs merged: 0
Devs merged: 0
Devs merged: 0
Devs merged: 16
Devs merged: 22
Devs merged: 28
Devs merged: 40
Devs merged: 40
Devs merged: 40
Devs merged: 40
Devs merged: 52
Devs merged: 54
Devs merged: 54
Devs merged: 56
Devs merged: 66
Devs merged: 84
Devs merged: 84
Devs merged: 84
Devs merged: 84
Devs merged: 86
Devs merged: 122
Devs merged: 122
Devs merged: 125
Devs merged: 125
Devs merged: 127
Devs merged: 145
Devs merged: 145
Devs merged: 145
Devs merged: 151
Devs merged: 151
Devs merged: 151
Devs merged: 151
Devs merged: 157
Devs merged: 201
Devs merged: 225
Devs merged: 253
Devs merged: 257
Devs merged: 257
Devs merged: 259
Devs merged: 259
Devs merged: 289
Devs merged: 289
Devs merged: 307
Devs merged: 309
Devs merged: 319
Devs merged: 321
Devs merged: 321
Devs merged: 335
Devs merged: 337
Devs merged: 343
Devs merged: 351
Devs merged: 365
Devs merged: 367
Devs merged: 367
Devs merged: 373
Devs merged: 379
Devs merged: 379
Devs merged: 382
Devs merged: 388
Devs merged: 388
Devs merged: 390
Devs merged: 390
Devs merged: 390
Devs merged: 390
Devs merged: 396
Devs merged: 396
Devs merged: 400
Devs merged: 402
Devs merged: 404
Devs merged: 408
Devs merged: 408
Devs merged: 430
Devs merged: 440
Devs merged: 440
Devs merged: 440
Devs merged: 440
Devs merged: 440
Devs merged: 446
Devs merged: 446
Devs merged: 446
Devs merged: 448
Devs merged: 450
Devs merged: 450
Devs merged: 450
Devs merged: 454
Devs merged: 460
Devs merged: 460
Devs merged: 460
Devs merged: 466
Devs merged: 466
Devs merged: 468
Devs merged: 468
Devs merged: 470
Devs merged: 476
Devs merged: 478
Devs merged: 484
Devs merged: 484
Devs merged: 492
Devs merged: 492
Devs merged: 492
Devs merged: 494
Devs merged: 494
Devs merged: 494
Devs merged: 494
Devs merged: 494
exttospice finished.

TIME: netlist: 00:00:03 

Using technology "sky130A", version 1.0.493
Creating layout hierarchy in /tmp/tmpzg_lzkto/repo/precheck_results/13_MAY_2026___13_26_23/tmp/ext/user_project_wrapper.hier...
 
Netgen 1.5.272 compiled on Wed Apr 22 16:24:02 UTC 2026
Warning: netgen command 'format' use fully-qualified name '::netgen::format'
Warning: netgen command 'global' use fully-qualified name '::netgen::global'
Reading layout /tmp/tmpzg_lzkto/repo/precheck_results/13_MAY_2026___13_26_23/tmp/ext/user_project_wrapper.gds.spice...
Call to undefined subcircuit sky130_fd_pr__pfet_01v8_hvt
Creating placeholder cell definition.
Call to undefined subcircuit sky130_fd_pr__nfet_01v8
Creating placeholder cell definition.
Call to undefined subcircuit sky130_fd_pr__special_nfet_01v8
Creating placeholder cell definition.
Call to undefined subcircuit sky130_fd_pr__diode_pw2nd_05v5
Creating placeholder cell definition.
Reading source /opt/pdks/sky130A/libs.ref/sky130_fd_sc_hd/spice/sky130_ef_sc_hd__decap_12.spice...
Call to undefined subcircuit sky130_fd_pr__pfet_01v8_hvt
Creating placeholder cell definition.
Call to undefined subcircuit sky130_fd_pr__nfet_01v8
Creating placeholder cell definition.
Reading source /opt/pdks/sky130A/libs.ref/sky130_fd_sc_hd/spice/sky130_ef_sc_hd__decap_20_12.spice...
Reading source /opt/pdks/sky130A/libs.ref/sky130_fd_sc_hd/spice/sky130_ef_sc_hd__decap_40_12.spice...
Reading source /opt/pdks/sky130A/libs.ref/sky130_fd_sc_hd/spice/sky130_ef_sc_hd__decap_60_12.spice...
Reading source /opt/pdks/sky130A/libs.ref/sky130_fd_sc_hd/spice/sky130_ef_sc_hd__decap_80_12.spice...
Reading source /opt/pdks/sky130A/libs.ref/sky130_fd_sc_hd/spice/sky130_fd_sc_hd.spice...
Call to undefined subcircuit sky130_fd_pr__res_generic_po
Creating placeholder cell definition.
Call to undefined subcircuit sky130_fd_pr__special_nfet_01v8
Creating placeholder cell definition.
Call to undefined subcircuit sky130_fd_pr__diode_pw2nd_05v5
Creating placeholder cell definition.
Call to undefined subcircuit sky130_fd_pr__special_pfet_01v8_hvt
Creating placeholder cell definition.
Call to undefined subcircuit sky130_fd_sc_hd__nand2_2
Creating placeholder cell definition.
Call to undefined subcircuit sky130_fd_sc_hd__nor2_2
Creating placeholder cell definition.
Reading source /tmp/tmpzg_lzkto/repo/verilog/gl/ucb_top.v...
Warning:  A case-insensitive file has been read and so the	verilog file must be treated case-insensitive to match.
Note:  Implicit pin Y in instance clkload0 of sky130_fd_sc_hd__clkinvlp_4 in cell ucb_top
Note:  Implicit pin Y in instance clkload1 of sky130_fd_sc_hd__clkinvlp_4 in cell ucb_top
Note:  Implicit pin X in instance clkload2 of sky130_fd_sc_hd__clkbuf_8 in cell ucb_top
Note:  Implicit pin X in instance clkload3 of sky130_fd_sc_hd__clkbuf_8 in cell ucb_top
Note:  Implicit pin X in instance clkload4 of sky130_fd_sc_hd__clkbuf_8 in cell ucb_top
Note:  Implicit pin X in instance clkload5 of sky130_fd_sc_hd__clkbuf_8 in cell ucb_top
Note:  Implicit pin Y in instance clkload6 of sky130_fd_sc_hd__inv_6 in cell ucb_top
Note:  Implicit pin X in instance clkload7 of sky130_fd_sc_hd__clkbuf_4 in cell ucb_top
Note:  Implicit pin Y in instance clkload8 of sky130_fd_sc_hd__inv_6 in cell ucb_top
Note:  Implicit pin Y in instance clkload9 of sky130_fd_sc_hd__inv_6 in cell ucb_top
Note:  Implicit pin Y in instance clkload10 of sky130_fd_sc_hd__inv_6 in cell ucb_top
Note:  Implicit pin X in instance clkload11 of sky130_fd_sc_hd__clkbuf_8 in cell ucb_top
Note:  Implicit pin Y in instance clkload12 of sky130_fd_sc_hd__bufinv_16 in cell ucb_top
Note:  Implicit pin X in instance clkload13 of sky130_fd_sc_hd__clkbuf_8 in cell ucb_top
Note:  Implicit pin Y in instance clkload14 of sky130_fd_sc_hd__bufinv_16 in cell ucb_top
Note:  Implicit pin Y in instance clkload15 of sky130_fd_sc_hd__bufinv_16 in cell ucb_top
Note:  Implicit pin Y in instance clkload16 of sky130_fd_sc_hd__clkinv_4 in cell ucb_top
Note:  Implicit pin Y in instance clkload17 of sky130_fd_sc_hd__inv_6 in cell ucb_top
Note:  Implicit pin Y in instance clkload18 of sky130_fd_sc_hd__inv_12 in cell ucb_top
Note:  Implicit pin Y in instance clkload19 of sky130_fd_sc_hd__inv_8 in cell ucb_top
Note:  Implicit pin Y in instance clkload20 of sky130_fd_sc_hd__clkinv_4 in cell ucb_top
Note:  Implicit pin Y in instance clkload21 of sky130_fd_sc_hd__inv_8 in cell ucb_top
Note:  Implicit pin Y in instance clkload22 of sky130_fd_sc_hd__inv_6 in cell ucb_top
Note:  Implicit pin Y in instance clkload23 of sky130_fd_sc_hd__clkinvlp_4 in cell ucb_top
Note:  Implicit pin Y in instance clkload24 of sky130_fd_sc_hd__clkinv_4 in cell ucb_top
Note:  Implicit pin Y in instance clkload25 of sky130_fd_sc_hd__inv_6 in cell ucb_top
Note:  Implicit pin Y in instance clkload26 of sky130_fd_sc_hd__clkinvlp_4 in cell ucb_top
Note:  Implicit pin Y in instance clkload27 of sky130_fd_sc_hd__clkinv_8 in cell ucb_top
Note:  Implicit pin Y in instance clkload28 of sky130_fd_sc_hd__clkinv_4 in cell ucb_top
Note:  Implicit pin Y in instance clkload29 of sky130_fd_sc_hd__clkinvlp_4 in cell ucb_top
Note:  Implicit pin Y in instance clkload30 of sky130_fd_sc_hd__clkinv_2 in cell ucb_top
Note:  Implicit pin Y in instance clkload31 of sky130_fd_sc_hd__bufinv_16 in cell ucb_top
Note:  Implicit pin Y in instance clkload32 of sky130_fd_sc_hd__inv_8 in cell ucb_top
Note:  Implicit pin Y in instance clkload33 of sky130_fd_sc_hd__inv_8 in cell ucb_top
Note:  Implicit pin X in instance clkload34 of sky130_fd_sc_hd__clkbuf_4 in cell ucb_top
Note:  Implicit pin Y in instance clkload35 of sky130_fd_sc_hd__clkinvlp_4 in cell ucb_top
Note:  Implicit pin Y in instance clkload36 of sky130_fd_sc_hd__clkinv_4 in cell ucb_top
Note:  Implicit pin Y in instance clkload37 of sky130_fd_sc_hd__inv_8 in cell ucb_top
Note:  Implicit pin Y in instance clkload38 of sky130_fd_sc_hd__clkinvlp_4 in cell ucb_top
Note:  Implicit pin Y in instance clkload39 of sky130_fd_sc_hd__inv_6 in cell ucb_top
Note:  Implicit pin Y in instance clkload40 of sky130_fd_sc_hd__inv_6 in cell ucb_top
Note:  Implicit pin Y in instance clkload41 of sky130_fd_sc_hd__inv_6 in cell ucb_top
Note:  Implicit pin Y in instance clkload42 of sky130_fd_sc_hd__bufinv_16 in cell ucb_top
Note:  Implicit pin Y in instance clkload43 of sky130_fd_sc_hd__inv_8 in cell ucb_top
Note:  Implicit pin Y in instance clkload44 of sky130_fd_sc_hd__clkinvlp_4 in cell ucb_top
Note:  Implicit pin Y in instance clkload45 of sky130_fd_sc_hd__inv_6 in cell ucb_top
Note:  Implicit pin X in instance clkload46 of sky130_fd_sc_hd__clkbuf_8 in cell ucb_top
Note:  Implicit pin Y in instance clkload47 of sky130_fd_sc_hd__clkinvlp_4 in cell ucb_top
Note:  Implicit pin Y in instance clkload48 of sky130_fd_sc_hd__inv_6 in cell ucb_top
Note:  Implicit pin Y in instance clkload49 of sky130_fd_sc_hd__inv_6 in cell ucb_top
Note:  Implicit pin Y in instance clkload50 of sky130_fd_sc_hd__inv_6 in cell ucb_top
Note:  Implicit pin Y in instance clkload51 of sky130_fd_sc_hd__clkinv_2 in cell ucb_top
Note:  Implicit pin X in instance clkload52 of sky130_fd_sc_hd__clkbuf_4 in cell ucb_top
Note:  Implicit pin Y in instance clkload53 of sky130_fd_sc_hd__clkinvlp_4 in cell ucb_top
Note:  Implicit pin Y in instance clkload54 of sky130_fd_sc_hd__clkinvlp_4 in cell ucb_top
Note:  Implicit pin Y in instance clkload55 of sky130_fd_sc_hd__clkinv_2 in cell ucb_top
Note:  Implicit pin Y in instance clkload56 of sky130_fd_sc_hd__inv_6 in cell ucb_top
Note:  Implicit pin Y in instance clkload57 of sky130_fd_sc_hd__clkinvlp_4 in cell ucb_top
Note:  Implicit pin Y in instance clkload58 of sky130_fd_sc_hd__inv_8 in cell ucb_top
Note:  Implicit pin Y in instance clkload59 of sky130_fd_sc_hd__bufinv_16 in cell ucb_top
Note:  Implicit pin Y in instance clkload60 of sky130_fd_sc_hd__clkinv_2 in cell ucb_top
Note:  Implicit pin Y in instance clkload61 of sky130_fd_sc_hd__clkinv_2 in cell ucb_top
Note:  Implicit pin X in instance clkload62 of sky130_fd_sc_hd__clkbuf_4 in cell ucb_top
Note:  Implicit pin Y in instance clkload63 of sky130_fd_sc_hd__inv_6 in cell ucb_top
Note:  Implicit pin Y in instance clkload64 of sky130_fd_sc_hd__inv_8 in cell ucb_top
Note:  Implicit pin Y in instance clkload65 of sky130_fd_sc_hd__inv_12 in cell ucb_top
Note:  Implicit pin X in instance clkload66 of sky130_fd_sc_hd__clkbuf_4 in cell ucb_top
Note:  Implicit pin Y in instance clkload67 of sky130_fd_sc_hd__bufinv_16 in cell ucb_top
Note:  Implicit pin Y in instance clkload68 of sky130_fd_sc_hd__clkinv_8 in cell ucb_top
Note:  Implicit pin Y in instance clkload69 of sky130_fd_sc_hd__inv_6 in cell ucb_top
Note:  Implicit pin X in instance clkload70 of sky130_fd_sc_hd__clkbuf_4 in cell ucb_top
Note:  Implicit pin Y in instance clkload71 of sky130_fd_sc_hd__clkinv_2 in cell ucb_top
Note:  Implicit pin Y in instance clkload72 of sky130_fd_sc_hd__clkinv_8 in cell ucb_top
Note:  Implicit pin Y in instance clkload73 of sky130_fd_sc_hd__bufinv_16 in cell ucb_top
Note:  Implicit pin Y in instance clkload74 of sky130_fd_sc_hd__clkinvlp_4 in cell ucb_top
Note:  Implicit pin Y in instance clkload75 of sky130_fd_sc_hd__clkinv_8 in cell ucb_top
Note:  Implicit pin Y in instance clkload76 of sky130_fd_sc_hd__clkinv_4 in cell ucb_top
Note:  Implicit pin Y in instance clkload77 of sky130_fd_sc_hd__inv_6 in cell ucb_top
Note:  Implicit pin Y in instance clkload78 of sky130_fd_sc_hd__inv_6 in cell ucb_top
Note:  Implicit pin Y in instance clkload79 of sky130_fd_sc_hd__inv_6 in cell ucb_top
Note:  Implicit pin Y in instance clkload80 of sky130_fd_sc_hd__bufinv_16 in cell ucb_top
Note:  Implicit pin Y in instance clkload81 of sky130_fd_sc_hd__clkinv_8 in cell ucb_top
Note:  Implicit pin Y in instance clkload82 of sky130_fd_sc_hd__clkinv_4 in cell ucb_top
Note:  Implicit pin Y in instance clkload83 of sky130_fd_sc_hd__inv_6 in cell ucb_top
Note:  Implicit pin Y in instance clkload84 of sky130_fd_sc_hd__clkinv_8 in cell ucb_top
Note:  Implicit pin Y in instance clkload85 of sky130_fd_sc_hd__clkinv_4 in cell ucb_top
Note:  Implicit pin Y in instance clkload86 of sky130_fd_sc_hd__inv_6 in cell ucb_top
Note:  Implicit pin Y in instance clkload87 of sky130_fd_sc_hd__inv_8 in cell ucb_top
Note:  Implicit pin Y in instance clkload88 of sky130_fd_sc_hd__clkinv_8 in cell ucb_top
Note:  Implicit pin Y in instance clkload89 of sky130_fd_sc_hd__inv_8 in cell ucb_top
Note:  Implicit pin X in instance clkload90 of sky130_fd_sc_hd__clkbuf_4 in cell ucb_top
Note:  Implicit pin X in instance clkload91 of sky130_fd_sc_hd__clkbuf_4 in cell ucb_top
Note:  Implicit pin Y in instance clkload92 of sky130_fd_sc_hd__clkinv_2 in cell ucb_top
Note:  Implicit pin Y in instance clkload93 of sky130_fd_sc_hd__inv_8 in cell ucb_top
Note:  Implicit pin Y in instance clkload94 of sky130_fd_sc_hd__inv_6 in cell ucb_top
Note:  Implicit pin Y in instance clkload95 of sky130_fd_sc_hd__clkinv_8 in cell ucb_top
Note:  Implicit pin Y in instance clkload96 of sky130_fd_sc_hd__clkinv_8 in cell ucb_top
Note:  Implicit pin Y in instance clkload97 of sky130_fd_sc_hd__clkinv_8 in cell ucb_top
Note:  Implicit pin Y in instance clkload98 of sky130_fd_sc_hd__clkinv_8 in cell ucb_top
Note:  Implicit pin Y in instance clkload99 of sky130_fd_sc_hd__clkinv_4 in cell ucb_top
Note:  Implicit pin Y in instance clkload100 of sky130_fd_sc_hd__bufinv_16 in cell ucb_top
Note:  Implicit pin X in instance clkload101 of sky130_fd_sc_hd__clkbuf_8 in cell ucb_top
Note:  Implicit pin Y in instance clkload102 of sky130_fd_sc_hd__inv_8 in cell ucb_top
Note:  Implicit pin Y in instance clkload103 of sky130_fd_sc_hd__clkinv_2 in cell ucb_top
Note:  Implicit pin Y in instance clkload104 of sky130_fd_sc_hd__inv_8 in cell ucb_top
Note:  Implicit pin Y in instance clkload105 of sky130_fd_sc_hd__clkinv_4 in cell ucb_top
Note:  Implicit pin X in instance clkload106 of sky130_fd_sc_hd__clkbuf_4 in cell ucb_top
Note:  Implicit pin Y in instance clkload107 of sky130_fd_sc_hd__inv_6 in cell ucb_top
Note:  Implicit pin X in instance clkload108 of sky130_fd_sc_hd__clkbuf_4 in cell ucb_top
Note:  Implicit pin Y in instance clkload109 of sky130_fd_sc_hd__clkinv_4 in cell ucb_top
Note:  Implicit pin Y in instance clkload110 of sky130_fd_sc_hd__clkinv_4 in cell ucb_top
Note:  Implicit pin Y in instance clkload111 of sky130_fd_sc_hd__clkinv_4 in cell ucb_top
Note:  Implicit pin Y in instance clkload112 of sky130_fd_sc_hd__bufinv_16 in cell ucb_top
Note:  Implicit pin Y in instance clkload113 of sky130_fd_sc_hd__clkinvlp_4 in cell ucb_top
Note:  Implicit pin Y in instance clkload114 of sky130_fd_sc_hd__bufinv_16 in cell ucb_top
Note:  Implicit pin Y in instance clkload115 of sky130_fd_sc_hd__inv_8 in cell ucb_top
Note:  Implicit pin Y in instance clkload116 of sky130_fd_sc_hd__inv_6 in cell ucb_top
Note:  Implicit pin Y in instance clkload117 of sky130_fd_sc_hd__clkinv_4 in cell ucb_top
Note:  Implicit pin Y in instance clkload118 of sky130_fd_sc_hd__clkinv_8 in cell ucb_top
Note:  Implicit pin Y in instance clkload119 of sky130_fd_sc_hd__clkinv_2 in cell ucb_top
Note:  Implicit pin Y in instance clkload120 of sky130_fd_sc_hd__clkinv_4 in cell ucb_top
Note:  Implicit pin Y in instance clkload121 of sky130_fd_sc_hd__bufinv_16 in cell ucb_top
Note:  Implicit pin Y in instance clkload122 of sky130_fd_sc_hd__clkinv_2 in cell ucb_top
Note:  Implicit pin Y in instance clkload123 of sky130_fd_sc_hd__inv_6 in cell ucb_top
Note:  Implicit pin Y in instance clkload124 of sky130_fd_sc_hd__clkinv_4 in cell ucb_top
Note:  Implicit pin X in instance clkload125 of sky130_fd_sc_hd__clkbuf_4 in cell ucb_top
Note:  Implicit pin Y in instance clkload126 of sky130_fd_sc_hd__bufinv_16 in cell ucb_top
Note:  Implicit pin Y in instance clkload127 of sky130_fd_sc_hd__clkinv_4 in cell ucb_top
Note:  Implicit pin Y in instance clkload128 of sky130_fd_sc_hd__inv_6 in cell ucb_top
Note:  Implicit pin Y in instance clkload129 of sky130_fd_sc_hd__inv_8 in cell ucb_top
Note:  Implicit pin Y in instance clkload130 of sky130_fd_sc_hd__bufinv_16 in cell ucb_top
Note:  Implicit pin Y in instance clkload131 of sky130_fd_sc_hd__inv_8 in cell ucb_top
Note:  Implicit pin Y in instance clkload132 of sky130_fd_sc_hd__clkinvlp_4 in cell ucb_top
Note:  Implicit pin X in instance clkload133 of sky130_fd_sc_hd__clkbuf_4 in cell ucb_top
Note:  Implicit pin Y in instance clkload134 of sky130_fd_sc_hd__bufinv_16 in cell ucb_top
Note:  Implicit pin Y in instance clkload135 of sky130_fd_sc_hd__clkinvlp_4 in cell ucb_top
Note:  Implicit pin Y in instance clkload136 of sky130_fd_sc_hd__clkinv_2 in cell ucb_top
Note:  Implicit pin Y in instance clkload137 of sky130_fd_sc_hd__clkinv_4 in cell ucb_top
Note:  Implicit pin Y in instance clkload138 of sky130_fd_sc_hd__clkinvlp_4 in cell ucb_top
Note:  Implicit pin Y in instance clkload139 of sky130_fd_sc_hd__clkinv_2 in cell ucb_top
Note:  Implicit pin Y in instance clkload140 of sky130_fd_sc_hd__clkinv_2 in cell ucb_top
Note:  Implicit pin Y in instance clkload141 of sky130_fd_sc_hd__clkinvlp_4 in cell ucb_top
Note:  Implicit pin Y in instance clkload142 of sky130_fd_sc_hd__inv_6 in cell ucb_top
Note:  Implicit pin Y in instance clkload143 of sky130_fd_sc_hd__clkinvlp_4 in cell ucb_top
Note:  Implicit pin X in instance clkload144 of sky130_fd_sc_hd__clkbuf_8 in cell ucb_top
Note:  Implicit pin Y in instance clkload145 of sky130_fd_sc_hd__clkinvlp_4 in cell ucb_top
Note:  Implicit pin Y in instance clkload146 of sky130_fd_sc_hd__clkinv_4 in cell ucb_top
Note:  Implicit pin Y in instance clkload147 of sky130_fd_sc_hd__inv_8 in cell ucb_top
Note:  Implicit pin X in instance clkload148 of sky130_fd_sc_hd__clkbuf_4 in cell ucb_top
Note:  Implicit pin Y in instance clkload149 of sky130_fd_sc_hd__clkinv_4 in cell ucb_top
Note:  Implicit pin X in instance clkload150 of sky130_fd_sc_hd__clkbuf_4 in cell ucb_top
Note:  Implicit pin Y in instance clkload151 of sky130_fd_sc_hd__inv_6 in cell ucb_top
Note:  Implicit pin Y in instance clkload152 of sky130_fd_sc_hd__inv_6 in cell ucb_top
Note:  Implicit pin Y in instance clkload153 of sky130_fd_sc_hd__clkinvlp_4 in cell ucb_top
Note:  Implicit pin Y in instance clkload154 of sky130_fd_sc_hd__clkinv_4 in cell ucb_top
Note:  Implicit pin Y in instance clkload155 of sky130_fd_sc_hd__inv_8 in cell ucb_top
Note:  Implicit pin X in instance clkload156 of sky130_fd_sc_hd__clkbuf_8 in cell ucb_top
Note:  Implicit pin Y in instance clkload157 of sky130_fd_sc_hd__inv_6 in cell ucb_top
Note:  Implicit pin Y in instance clkload158 of sky130_fd_sc_hd__inv_8 in cell ucb_top
Note:  Implicit pin Y in instance clkload159 of sky130_fd_sc_hd__inv_8 in cell ucb_top
Note:  Implicit pin X in instance clkload160 of sky130_fd_sc_hd__clkbuf_4 in cell ucb_top
Note:  Implicit pin Y in instance clkload161 of sky130_fd_sc_hd__clkinv_4 in cell ucb_top
Note:  Implicit pin X in instance clkload162 of sky130_fd_sc_hd__clkbuf_4 in cell ucb_top
Note:  Implicit pin Y in instance clkload163 of sky130_fd_sc_hd__inv_8 in cell ucb_top
Note:  Implicit pin Y in instance clkload164 of sky130_fd_sc_hd__clkinv_2 in cell ucb_top
Note:  Implicit pin Y in instance clkload165 of sky130_fd_sc_hd__bufinv_16 in cell ucb_top
Note:  Implicit pin X in instance clkload166 of sky130_fd_sc_hd__clkbuf_4 in cell ucb_top
Note:  Implicit pin Y in instance clkload167 of sky130_fd_sc_hd__bufinv_16 in cell ucb_top
Note:  Implicit pin Y in instance clkload168 of sky130_fd_sc_hd__clkinv_4 in cell ucb_top
Note:  Implicit pin Y in instance clkload169 of sky130_fd_sc_hd__inv_8 in cell ucb_top
Note:  Implicit pin Y in instance clkload170 of sky130_fd_sc_hd__clkinv_8 in cell ucb_top
Note:  Implicit pin Y in instance clkload171 of sky130_fd_sc_hd__inv_8 in cell ucb_top
Note:  Implicit pin Y in instance clkload172 of sky130_fd_sc_hd__inv_6 in cell ucb_top
Note:  Implicit pin Y in instance clkload173 of sky130_fd_sc_hd__inv_6 in cell ucb_top
Note:  Implicit pin Y in instance clkload174 of sky130_fd_sc_hd__inv_4 in cell ucb_top
Note:  Implicit pin Y in instance clkload175 of sky130_fd_sc_hd__inv_6 in cell ucb_top
Note:  Implicit pin Y in instance clkload176 of sky130_fd_sc_hd__inv_4 in cell ucb_top
Note:  Implicit pin Y in instance clkload177 of sky130_fd_sc_hd__inv_8 in cell ucb_top
Note:  Implicit pin Y in instance clkload178 of sky130_fd_sc_hd__clkinv_8 in cell ucb_top
Note:  Implicit pin Y in instance clkload179 of sky130_fd_sc_hd__clkinv_8 in cell ucb_top
Note:  Implicit pin X in instance clkload180 of sky130_fd_sc_hd__clkbuf_8 in cell ucb_top
Note:  Implicit pin Y in instance clkload181 of sky130_fd_sc_hd__inv_6 in cell ucb_top
Note:  Implicit pin Y in instance clkload182 of sky130_fd_sc_hd__clkinv_4 in cell ucb_top
Note:  Implicit pin Y in instance clkload183 of sky130_fd_sc_hd__clkinv_4 in cell ucb_top
Note:  Implicit pin Y in instance clkload184 of sky130_fd_sc_hd__inv_6 in cell ucb_top
Note:  Implicit pin Y in instance clkload185 of sky130_fd_sc_hd__clkinv_2 in cell ucb_top
Note:  Implicit pin Y in instance clkload186 of sky130_fd_sc_hd__clkinvlp_4 in cell ucb_top
Note:  Implicit pin X in instance clkload187 of sky130_fd_sc_hd__clkbuf_8 in cell ucb_top
Note:  Implicit pin Y in instance clkload188 of sky130_fd_sc_hd__inv_8 in cell ucb_top
Note:  Implicit pin X in instance clkload189 of sky130_fd_sc_hd__clkbuf_8 in cell ucb_top
Note:  Implicit pin Y in instance clkload190 of sky130_fd_sc_hd__clkinv_2 in cell ucb_top
Note:  Implicit pin Y in instance clkload191 of sky130_fd_sc_hd__clkinv_2 in cell ucb_top
Note:  Implicit pin X in instance clkload192 of sky130_fd_sc_hd__clkbuf_8 in cell ucb_top
Note:  Implicit pin Y in instance clkload193 of sky130_fd_sc_hd__inv_6 in cell ucb_top
Note:  Implicit pin Y in instance clkload194 of sky130_fd_sc_hd__clkinv_8 in cell ucb_top
Reading source /tmp/tmpzg_lzkto/repo/verilog/gl/user_project_wrapper.nl.v...
Warning:  A case-insensitive file has been read and so the	verilog file must be treated case-insensitive to match.
Treating empty subcircuits as black-box cells
Generating JSON file result

Reading setup file /tmp/tmpzg_lzkto/repo/precheck_results/13_MAY_2026___13_26_23/tmp/sky130A_setup.tcl

Model sky130_fd_pr__res_generic_po pin 1 == 2
No property value found for device sky130_fd_pr__res_generic_po
No property mult found for device sky130_fd_pr__res_generic_po
Model sky130_fd_pr__nfet_01v8 pin 1 == 3
No property mult found for device sky130_fd_pr__nfet_01v8
No property sa found for device sky130_fd_pr__nfet_01v8
No property sb found for device sky130_fd_pr__nfet_01v8
No property sd found for device sky130_fd_pr__nfet_01v8
No property nf found for device sky130_fd_pr__nfet_01v8
No property nrd found for device sky130_fd_pr__nfet_01v8
No property nrs found for device sky130_fd_pr__nfet_01v8
No property area found for device sky130_fd_pr__nfet_01v8
No property perim found for device sky130_fd_pr__nfet_01v8
No property topography found for device sky130_fd_pr__nfet_01v8
Model sky130_fd_pr__nfet_01v8 pin 1 == 3
No property mult found for device sky130_fd_pr__nfet_01v8
No property sa found for device sky130_fd_pr__nfet_01v8
No property sb found for device sky130_fd_pr__nfet_01v8
No property sd found for device sky130_fd_pr__nfet_01v8
No property nf found for device sky130_fd_pr__nfet_01v8
No property nrd found for device sky130_fd_pr__nfet_01v8
No property nrs found for device sky130_fd_pr__nfet_01v8
No property area found for device sky130_fd_pr__nfet_01v8
No property perim found for device sky130_fd_pr__nfet_01v8
No property topography found for device sky130_fd_pr__nfet_01v8
Model sky130_fd_pr__pfet_01v8_hvt pin 1 == 3
No property mult found for device sky130_fd_pr__pfet_01v8_hvt
No property sa found for device sky130_fd_pr__pfet_01v8_hvt
No property sb found for device sky130_fd_pr__pfet_01v8_hvt
No property sd found for device sky130_fd_pr__pfet_01v8_hvt
No property nf found for device sky130_fd_pr__pfet_01v8_hvt
No property nrd found for device sky130_fd_pr__pfet_01v8_hvt
No property nrs found for device sky130_fd_pr__pfet_01v8_hvt
No property area found for device sky130_fd_pr__pfet_01v8_hvt
No property perim found for device sky130_fd_pr__pfet_01v8_hvt
No property topography found for device sky130_fd_pr__pfet_01v8_hvt
Model sky130_fd_pr__pfet_01v8_hvt pin 1 == 3
No property mult found for device sky130_fd_pr__pfet_01v8_hvt
No property sa found for device sky130_fd_pr__pfet_01v8_hvt
No property sb found for device sky130_fd_pr__pfet_01v8_hvt
No property sd found for device sky130_fd_pr__pfet_01v8_hvt
No property nf found for device sky130_fd_pr__pfet_01v8_hvt
No property nrd found for device sky130_fd_pr__pfet_01v8_hvt
No property nrs found for device sky130_fd_pr__pfet_01v8_hvt
No property area found for device sky130_fd_pr__pfet_01v8_hvt
No property perim found for device sky130_fd_pr__pfet_01v8_hvt
No property topography found for device sky130_fd_pr__pfet_01v8_hvt
Model sky130_fd_pr__special_nfet_01v8 pin 1 == 3
No property mult found for device sky130_fd_pr__special_nfet_01v8
No property sa found for device sky130_fd_pr__special_nfet_01v8
No property sb found for device sky130_fd_pr__special_nfet_01v8
No property sd found for device sky130_fd_pr__special_nfet_01v8
No property nf found for device sky130_fd_pr__special_nfet_01v8
No property nrd found for device sky130_fd_pr__special_nfet_01v8
No property nrs found for device sky130_fd_pr__special_nfet_01v8
No property area found for device sky130_fd_pr__special_nfet_01v8
No property perim found for device sky130_fd_pr__special_nfet_01v8
No property topography found for device sky130_fd_pr__special_nfet_01v8
Model sky130_fd_pr__special_nfet_01v8 pin 1 == 3
No property as found for device sky130_fd_pr__special_nfet_01v8
No property ad found for device sky130_fd_pr__special_nfet_01v8
No property ps found for device sky130_fd_pr__special_nfet_01v8
No property pd found for device sky130_fd_pr__special_nfet_01v8
No property mult found for device sky130_fd_pr__special_nfet_01v8
No property sa found for device sky130_fd_pr__special_nfet_01v8
No property sb found for device sky130_fd_pr__special_nfet_01v8
No property sd found for device sky130_fd_pr__special_nfet_01v8
No property nf found for device sky130_fd_pr__special_nfet_01v8
No property nrd found for device sky130_fd_pr__special_nfet_01v8
No property nrs found for device sky130_fd_pr__special_nfet_01v8
No property area found for device sky130_fd_pr__special_nfet_01v8
No property perim found for device sky130_fd_pr__special_nfet_01v8
No property topography found for device sky130_fd_pr__special_nfet_01v8
Model sky130_fd_pr__special_pfet_01v8_hvt pin 1 == 3
No property as found for device sky130_fd_pr__special_pfet_01v8_hvt
No property ad found for device sky130_fd_pr__special_pfet_01v8_hvt
No property ps found for device sky130_fd_pr__special_pfet_01v8_hvt
No property pd found for device sky130_fd_pr__special_pfet_01v8_hvt
No property mult found for device sky130_fd_pr__special_pfet_01v8_hvt
No property sa found for device sky130_fd_pr__special_pfet_01v8_hvt
No property sb found for device sky130_fd_pr__special_pfet_01v8_hvt
No property sd found for device sky130_fd_pr__special_pfet_01v8_hvt
No property nf found for device sky130_fd_pr__special_pfet_01v8_hvt
No property nrd found for device sky130_fd_pr__special_pfet_01v8_hvt
No property nrs found for device sky130_fd_pr__special_pfet_01v8_hvt
No property area found for device sky130_fd_pr__special_pfet_01v8_hvt
No property perim found for device sky130_fd_pr__special_pfet_01v8_hvt
No property topography found for device sky130_fd_pr__special_pfet_01v8_hvt
No property value found for device sky130_fd_pr__diode_pw2nd_05v5
No property mult found for device sky130_fd_pr__diode_pw2nd_05v5
No property value found for device sky130_fd_pr__diode_pw2nd_05v5
No property mult found for device sky130_fd_pr__diode_pw2nd_05v5
Matching pins of sky130_fd_pr__nfet_01v8 in circuits 1 and 2

Subcircuit pins:
Circuit 1: sky130_fd_pr__nfet_01v8                                                |Circuit 2: sky130_fd_pr__nfet_01v8                                                
----------------------------------------------------------------------------------|----------------------------------------------------------------------------------
1                                                                                 |1                                                                                 
2                                                                                 |2                                                                                 
3                                                                                 |3                                                                                 
4                                                                                 |4                                                                                 
---------------------------------------------------------------------------------------------------------------------------------------------------------------------
Cell pin lists are equivalent.
Matching pins of sky130_fd_pr__pfet_01v8_hvt in circuits 1 and 2

Subcircuit pins:
Circuit 1: sky130_fd_pr__pfet_01v8_hvt                                            |Circuit 2: sky130_fd_pr__pfet_01v8_hvt                                            
----------------------------------------------------------------------------------|----------------------------------------------------------------------------------
1                                                                                 |1                                                                                 
2                                                                                 |2                                                                                 
3                                                                                 |3                                                                                 
4                                                                                 |4                                                                                 
---------------------------------------------------------------------------------------------------------------------------------------------------------------------
Cell pin lists are equivalent.
Matching pins of sky130_fd_pr__diode_pw2nd_05v5 in circuits 1 and 2

Subcircuit pins:
Circuit 1: sky130_fd_pr__diode_pw2nd_05v5                                         |Circuit 2: sky130_fd_pr__diode_pw2nd_05v5                                         
----------------------------------------------------------------------------------|----------------------------------------------------------------------------------
1                                                                                 |1                                                                                 
2                                                                                 |2                                                                                 
---------------------------------------------------------------------------------------------------------------------------------------------------------------------
Cell pin lists are equivalent.
Matching pins of sky130_fd_pr__special_nfet_01v8 in circuits 1 and 2

Subcircuit pins:
Circuit 1: sky130_fd_pr__special_nfet_01v8                                        |Circuit 2: sky130_fd_pr__special_nfet_01v8                                        
----------------------------------------------------------------------------------|----------------------------------------------------------------------------------
1                                                                                 |1                                                                                 
2                                                                                 |2                                                                                 
3                                                                                 |3                                                                                 
4                                                                                 |4                                                                                 
---------------------------------------------------------------------------------------------------------------------------------------------------------------------
Cell pin lists are equivalent.
Flattening instances of user_project_wrapper in file /tmp/tmpzg_lzkto/repo/precheck_results/13_MAY_2026___13_26_23/tmp/ext/user_project_wrapper.gds.spice
Flattening instances of user_project_wrapper in file /tmp/tmpzg_lzkto/repo/verilog/gl/user_project_wrapper.nl.v
Comparison output logged to file /tmp/tmpzg_lzkto/repo/precheck_results/13_MAY_2026___13_26_23/tmp/lvs.report
Logging to file "/tmp/tmpzg_lzkto/repo/precheck_results/13_MAY_2026___13_26_23/tmp/lvs.report" enabled
Circuit sky130_fd_pr__pfet_01v8_hvt contains no devices.
Circuit sky130_fd_pr__nfet_01v8 contains no devices.
Circuit sky130_fd_pr__special_nfet_01v8 contains no devices.
Circuit sky130_fd_pr__diode_pw2nd_05v5 contains no devices.

Contents of circuit 1:  Circuit: 'sky130_fd_sc_hd__o21a_1'
Circuit sky130_fd_sc_hd__o21a_1 contains 8 device instances.
  Class: sky130_fd_pr__nfet_01v8 instances:   4
  Class: sky130_fd_pr__pfet_01v8_hvt instances:   4
Circuit contains 11 nets.
Contents of circuit 2:  Circuit: 'sky130_fd_sc_hd__o21a_1'
Circuit sky130_fd_sc_hd__o21a_1 contains 8 device instances.
  Class: sky130_fd_pr__nfet_01v8 instances:   4
  Class: sky130_fd_pr__pfet_01v8_hvt instances:   4
Circuit contains 11 nets.

Circuit 1 contains 8 devices, Circuit 2 contains 8 devices.
Circuit 1 contains 11 nets,    Circuit 2 contains 11 nets.


Contents of circuit 1:  Circuit: 'sky130_fd_sc_hd__a211o_1'
Circuit sky130_fd_sc_hd__a211o_1 contains 10 device instances.
  Class: sky130_fd_pr__nfet_01v8 instances:   5
  Class: sky130_fd_pr__pfet_01v8_hvt instances:   5
Circuit contains 13 nets.
Contents of circuit 2:  Circuit: 'sky130_fd_sc_hd__a211o_1'
Circuit sky130_fd_sc_hd__a211o_1 contains 10 device instances.
  Class: sky130_fd_pr__nfet_01v8 instances:   5
  Class: sky130_fd_pr__pfet_01v8_hvt instances:   5
Circuit contains 13 nets.

Circuit 1 contains 10 devices, Circuit 2 contains 10 devices.
Circuit 1 contains 13 nets,    Circuit 2 contains 13 nets.


Contents of circuit 1:  Circuit: 'sky130_fd_sc_hd__mux2_1'
Circuit sky130_fd_sc_hd__mux2_1 contains 12 device instances.
  Class: sky130_fd_pr__nfet_01v8 instances:   6
  Class: sky130_fd_pr__pfet_01v8_hvt instances:   6
Circuit contains 14 nets.
Contents of circuit 2:  Circuit: 'sky130_fd_sc_hd__mux2_1'
Circuit sky130_fd_sc_hd__mux2_1 contains 12 device instances.
  Class: sky130_fd_pr__nfet_01v8 instances:   6
  Class: sky130_fd_pr__pfet_01v8_hvt instances:   6
Circuit contains 14 nets.

Circuit 1 contains 12 devices, Circuit 2 contains 12 devices.
Circuit 1 contains 14 nets,    Circuit 2 contains 14 nets.


Contents of circuit 1:  Circuit: 'sky130_fd_sc_hd__fill_2'
Circuit sky130_fd_sc_hd__fill_2 contains 0 device instances.
Circuit contains 0 nets, and 4 disconnected pins.
Contents of circuit 2:  Circuit: 'sky130_fd_sc_hd__fill_2'
Circuit sky130_fd_sc_hd__fill_2 contains 0 device instances.
Circuit contains 0 nets, and 4 disconnected pins.

Circuit sky130_fd_sc_hd__fill_2 contains no devices.

Contents of circuit 1:  Circuit: 'sky130_fd_sc_hd__fill_1'
Circuit sky130_fd_sc_hd__fill_1 contains 0 device instances.
Circuit contains 0 nets, and 4 disconnected pins.
Contents of circuit 2:  Circuit: 'sky130_fd_sc_hd__fill_1'
Circuit sky130_fd_sc_hd__fill_1 contains 0 device instances.
Circuit contains 0 nets, and 4 disconnected pins.

Circuit sky130_fd_sc_hd__fill_1 contains no devices.

Contents of circuit 1:  Circuit: 'sky130_fd_sc_hd__or4_1'
Circuit sky130_fd_sc_hd__or4_1 contains 10 device instances.
  Class: sky130_fd_pr__nfet_01v8 instances:   5
  Class: sky130_fd_pr__pfet_01v8_hvt instances:   5
Circuit contains 13 nets.
Contents of circuit 2:  Circuit: 'sky130_fd_sc_hd__or4_1'
Circuit sky130_fd_sc_hd__or4_1 contains 10 device instances.
  Class: sky130_fd_pr__nfet_01v8 instances:   5
  Class: sky130_fd_pr__pfet_01v8_hvt instances:   5
Circuit contains 13 nets.

Circuit 1 contains 10 devices, Circuit 2 contains 10 devices.
Circuit 1 contains 13 nets,    Circuit 2 contains 13 nets.


Contents of circuit 1:  Circuit: 'sky130_ef_sc_hd__decap_12'
Circuit sky130_ef_sc_hd__decap_12 contains 2 device instances.
  Class: sky130_fd_pr__nfet_01v8 instances:   1
  Class: sky130_fd_pr__pfet_01v8_hvt instances:   1
Circuit contains 4 nets.
Contents of circuit 2:  Circuit: 'sky130_ef_sc_hd__decap_12'
Circuit sky130_ef_sc_hd__decap_12 contains 2 device instances.
  Class: sky130_fd_pr__nfet_01v8 instances:   1
  Class: sky130_fd_pr__pfet_01v8_hvt instances:   1
Circuit contains 4 nets.

Circuit 1 contains 2 devices, Circuit 2 contains 2 devices.
Circuit 1 contains 4 nets,    Circuit 2 contains 4 nets.


Contents of circuit 1:  Circuit: 'sky130_fd_sc_hd__a221o_1'
Circuit sky130_fd_sc_hd__a221o_1 contains 12 device instances.
  Class: sky130_fd_pr__nfet_01v8 instances:   6
  Class: sky130_fd_pr__pfet_01v8_hvt instances:   6
Circuit contains 15 nets.
Contents of circuit 2:  Circuit: 'sky130_fd_sc_hd__a221o_1'
Circuit sky130_fd_sc_hd__a221o_1 contains 12 device instances.
  Class: sky130_fd_pr__nfet_01v8 instances:   6
  Class: sky130_fd_pr__pfet_01v8_hvt instances:   6
Circuit contains 15 nets.

Circuit 1 contains 12 devices, Circuit 2 contains 12 devices.
Circuit 1 contains 15 nets,    Circuit 2 contains 15 nets.


Contents of circuit 1:  Circuit: 'sky130_fd_sc_hd__xor2_1'
Circuit sky130_fd_sc_hd__xor2_1 contains 10 device instances.
  Class: sky130_fd_pr__nfet_01v8 instances:   5
  Class: sky130_fd_pr__pfet_01v8_hvt instances:   5
Circuit contains 11 nets.
Contents of circuit 2:  Circuit: 'sky130_fd_sc_hd__xor2_1'
Circuit sky130_fd_sc_hd__xor2_1 contains 10 device instances.
  Class: sky130_fd_pr__nfet_01v8 instances:   5
  Class: sky130_fd_pr__pfet_01v8_hvt instances:   5
Circuit contains 11 nets.

Circuit 1 contains 10 devices, Circuit 2 contains 10 devices.
Circuit 1 contains 11 nets,    Circuit 2 contains 11 nets.


Contents of circuit 1:  Circuit: 'sky130_fd_sc_hd__decap_6'
Circuit sky130_fd_sc_hd__decap_6 contains 2 device instances.
  Class: sky130_fd_pr__nfet_01v8 instances:   1
  Class: sky130_fd_pr__pfet_01v8_hvt instances:   1
Circuit contains 4 nets.
Contents of circuit 2:  Circuit: 'sky130_fd_sc_hd__decap_6'
Circuit sky130_fd_sc_hd__decap_6 contains 2 device instances.
  Class: sky130_fd_pr__nfet_01v8 instances:   1
  Class: sky130_fd_pr__pfet_01v8_hvt instances:   1
Circuit contains 4 nets.

Circuit 1 contains 2 devices, Circuit 2 contains 2 devices.
Circuit 1 contains 4 nets,    Circuit 2 contains 4 nets.


Contents of circuit 1:  Circuit: 'sky130_fd_sc_hd__a22o_1'
Circuit sky130_fd_sc_hd__a22o_1 contains 10 device instances.
  Class: sky130_fd_pr__nfet_01v8 instances:   5
  Class: sky130_fd_pr__pfet_01v8_hvt instances:   5
Circuit contains 13 nets.
Contents of circuit 2:  Circuit: 'sky130_fd_sc_hd__a22o_1'
Circuit sky130_fd_sc_hd__a22o_1 contains 10 device instances.
  Class: sky130_fd_pr__nfet_01v8 instances:   5
  Class: sky130_fd_pr__pfet_01v8_hvt instances:   5
Circuit contains 13 nets.

Circuit 1 contains 10 devices, Circuit 2 contains 10 devices.
Circuit 1 contains 13 nets,    Circuit 2 contains 13 nets.


Contents of circuit 1:  Circuit: 'sky130_fd_sc_hd__tapvpwrvgnd_1'
Circuit sky130_fd_sc_hd__tapvpwrvgnd_1 contains 0 device instances.
Circuit contains 0 nets, and 2 disconnected pins.
Contents of circuit 2:  Circuit: 'sky130_fd_sc_hd__tapvpwrvgnd_1'
Circuit sky130_fd_sc_hd__tapvpwrvgnd_1 contains 0 device instances.
Circuit contains 0 nets, and 2 disconnected pins.

Circuit sky130_fd_sc_hd__tapvpwrvgnd_1 contains no devices.

Contents of circuit 1:  Circuit: 'sky130_fd_sc_hd__o22a_1'
Circuit sky130_fd_sc_hd__o22a_1 contains 10 device instances.
  Class: sky130_fd_pr__nfet_01v8 instances:   5
  Class: sky130_fd_pr__pfet_01v8_hvt instances:   5
Circuit contains 13 nets.
Contents of circuit 2:  Circuit: 'sky130_fd_sc_hd__o22a_1'
Circuit sky130_fd_sc_hd__o22a_1 contains 10 device instances.
  Class: sky130_fd_pr__nfet_01v8 instances:   5
  Class: sky130_fd_pr__pfet_01v8_hvt instances:   5
Circuit contains 13 nets.

Circuit 1 contains 10 devices, Circuit 2 contains 10 devices.
Circuit 1 contains 13 nets,    Circuit 2 contains 13 nets.


Contents of circuit 1:  Circuit: 'sky130_fd_sc_hd__decap_4'
Circuit sky130_fd_sc_hd__decap_4 contains 2 device instances.
  Class: sky130_fd_pr__nfet_01v8 instances:   1
  Class: sky130_fd_pr__pfet_01v8_hvt instances:   1
Circuit contains 4 nets.
Contents of circuit 2:  Circuit: 'sky130_fd_sc_hd__decap_4'
Circuit sky130_fd_sc_hd__decap_4 contains 2 device instances.
  Class: sky130_fd_pr__nfet_01v8 instances:   1
  Class: sky130_fd_pr__pfet_01v8_hvt instances:   1
Circuit contains 4 nets.

Circuit 1 contains 2 devices, Circuit 2 contains 2 devices.
Circuit 1 contains 4 nets,    Circuit 2 contains 4 nets.


Contents of circuit 1:  Circuit: 'sky130_fd_sc_hd__decap_8'
Circuit sky130_fd_sc_hd__decap_8 contains 2 device instances.
  Class: sky130_fd_pr__nfet_01v8 instances:   1
  Class: sky130_fd_pr__pfet_01v8_hvt instances:   1
Circuit contains 4 nets.
Contents of circuit 2:  Circuit: 'sky130_fd_sc_hd__decap_8'
Circuit sky130_fd_sc_hd__decap_8 contains 2 device instances.
  Class: sky130_fd_pr__nfet_01v8 instances:   1
  Class: sky130_fd_pr__pfet_01v8_hvt instances:   1
Circuit contains 4 nets.

Circuit 1 contains 2 devices, Circuit 2 contains 2 devices.
Circuit 1 contains 4 nets,    Circuit 2 contains 4 nets.


Contents of circuit 1:  Circuit: 'sky130_fd_sc_hd__decap_3'
Circuit sky130_fd_sc_hd__decap_3 contains 2 device instances.
  Class: sky130_fd_pr__nfet_01v8 instances:   1
  Class: sky130_fd_pr__pfet_01v8_hvt instances:   1
Circuit contains 4 nets.
Contents of circuit 2:  Circuit: 'sky130_fd_sc_hd__decap_3'
Circuit sky130_fd_sc_hd__decap_3 contains 2 device instances.
  Class: sky130_fd_pr__nfet_01v8 instances:   1
  Class: sky130_fd_pr__pfet_01v8_hvt instances:   1
Circuit contains 4 nets.

Circuit 1 contains 2 devices, Circuit 2 contains 2 devices.
Circuit 1 contains 4 nets,    Circuit 2 contains 4 nets.


Contents of circuit 1:  Circuit: 'sky130_fd_sc_hd__and3_1'
Circuit sky130_fd_sc_hd__and3_1 contains 8 device instances.
  Class: sky130_fd_pr__nfet_01v8 instances:   4
  Class: sky130_fd_pr__pfet_01v8_hvt instances:   4
Circuit contains 11 nets.
Contents of circuit 2:  Circuit: 'sky130_fd_sc_hd__and3_1'
Circuit sky130_fd_sc_hd__and3_1 contains 8 device instances.
  Class: sky130_fd_pr__nfet_01v8 instances:   4
  Class: sky130_fd_pr__pfet_01v8_hvt instances:   4
Circuit contains 11 nets.

Circuit 1 contains 8 devices, Circuit 2 contains 8 devices.
Circuit 1 contains 11 nets,    Circuit 2 contains 11 nets.


Contents of circuit 1:  Circuit: 'sky130_fd_sc_hd__and4_1'
Circuit sky130_fd_sc_hd__and4_1 contains 10 device instances.
  Class: sky130_fd_pr__nfet_01v8 instances:   5
  Class: sky130_fd_pr__pfet_01v8_hvt instances:   5
Circuit contains 13 nets.
Contents of circuit 2:  Circuit: 'sky130_fd_sc_hd__and4_1'
Circuit sky130_fd_sc_hd__and4_1 contains 10 device instances.
  Class: sky130_fd_pr__nfet_01v8 instances:   5
  Class: sky130_fd_pr__pfet_01v8_hvt instances:   5
Circuit contains 13 nets.

Circuit 1 contains 10 devices, Circuit 2 contains 10 devices.
Circuit 1 contains 13 nets,    Circuit 2 contains 13 nets.


Contents of circuit 1:  Circuit: 'sky130_fd_sc_hd__nand2_1'
Circuit sky130_fd_sc_hd__nand2_1 contains 4 device instances.
  Class: sky130_fd_pr__nfet_01v8 instances:   2
  Class: sky130_fd_pr__pfet_01v8_hvt instances:   2
Circuit contains 8 nets.
Contents of circuit 2:  Circuit: 'sky130_fd_sc_hd__nand2_1'
Circuit sky130_fd_sc_hd__nand2_1 contains 4 device instances.
  Class: sky130_fd_pr__nfet_01v8 instances:   2
  Class: sky130_fd_pr__pfet_01v8_hvt instances:   2
Circuit contains 8 nets.

Circuit 1 contains 4 devices, Circuit 2 contains 4 devices.
Circuit 1 contains 8 nets,    Circuit 2 contains 8 nets.


Contents of circuit 1:  Circuit: 'sky130_fd_sc_hd__dlygate4sd3_1'
Circuit sky130_fd_sc_hd__dlygate4sd3_1 contains 8 device instances.
  Class: sky130_fd_pr__nfet_01v8 instances:   4
  Class: sky130_fd_pr__pfet_01v8_hvt instances:   4
Circuit contains 9 nets.
Contents of circuit 2:  Circuit: 'sky130_fd_sc_hd__dlygate4sd3_1'
Circuit sky130_fd_sc_hd__dlygate4sd3_1 contains 8 device instances.
  Class: sky130_fd_pr__nfet_01v8 instances:   4
  Class: sky130_fd_pr__pfet_01v8_hvt instances:   4
Circuit contains 9 nets.

Circuit 1 contains 8 devices, Circuit 2 contains 8 devices.
Circuit 1 contains 9 nets,    Circuit 2 contains 9 nets.


Contents of circuit 1:  Circuit: 'sky130_fd_sc_hd__clkbuf_8'
Circuit sky130_fd_sc_hd__clkbuf_8 contains 4 device instances.
  Class: sky130_fd_pr__nfet_01v8 instances:   2
  Class: sky130_fd_pr__pfet_01v8_hvt instances:   2
Circuit contains 7 nets.
Contents of circuit 2:  Circuit: 'sky130_fd_sc_hd__clkbuf_8'
Circuit sky130_fd_sc_hd__clkbuf_8 contains 20 device instances.
  Class: sky130_fd_pr__nfet_01v8 instances:  10
  Class: sky130_fd_pr__pfet_01v8_hvt instances:  10
Circuit contains 7 nets.

Circuit was modified by parallel/series device merging.
New circuit summary:

Contents of circuit 1:  Circuit: 'sky130_fd_sc_hd__clkbuf_8'
Circuit sky130_fd_sc_hd__clkbuf_8 contains 4 device instances.
  Class: sky130_fd_pr__nfet_01v8 instances:   2
  Class: sky130_fd_pr__pfet_01v8_hvt instances:   2
Circuit contains 7 nets.
Contents of circuit 2:  Circuit: 'sky130_fd_sc_hd__clkbuf_8'
Circuit sky130_fd_sc_hd__clkbuf_8 contains 4 device instances.
  Class: sky130_fd_pr__nfet_01v8 instances:   2
  Class: sky130_fd_pr__pfet_01v8_hvt instances:   2
Circuit contains 7 nets.

Circuit 1 contains 4 devices, Circuit 2 contains 4 devices.
Circuit 1 contains 7 nets,    Circuit 2 contains 7 nets.


Contents of circuit 1:  Circuit: 'sky130_fd_sc_hd__buf_4'
Circuit sky130_fd_sc_hd__buf_4 contains 4 device instances.
  Class: sky130_fd_pr__nfet_01v8 instances:   2
  Class: sky130_fd_pr__pfet_01v8_hvt instances:   2
Circuit contains 7 nets.
Contents of circuit 2:  Circuit: 'sky130_fd_sc_hd__buf_4'
Circuit sky130_fd_sc_hd__buf_4 contains 10 device instances.
  Class: sky130_fd_pr__nfet_01v8 instances:   5
  Class: sky130_fd_pr__pfet_01v8_hvt instances:   5
Circuit contains 7 nets.

Circuit was modified by parallel/series device merging.
New circuit summary:

Contents of circuit 1:  Circuit: 'sky130_fd_sc_hd__buf_4'
Circuit sky130_fd_sc_hd__buf_4 contains 4 device instances.
  Class: sky130_fd_pr__nfet_01v8 instances:   2
  Class: sky130_fd_pr__pfet_01v8_hvt instances:   2
Circuit contains 7 nets.
Contents of circuit 2:  Circuit: 'sky130_fd_sc_hd__buf_4'
Circuit sky130_fd_sc_hd__buf_4 contains 4 device instances.
  Class: sky130_fd_pr__nfet_01v8 instances:   2
  Class: sky130_fd_pr__pfet_01v8_hvt instances:   2
Circuit contains 7 nets.

Circuit 1 contains 4 devices, Circuit 2 contains 4 devices.
Circuit 1 contains 7 nets,    Circuit 2 contains 7 nets.


Contents of circuit 1:  Circuit: 'sky130_fd_sc_hd__clkbuf_4'
Circuit sky130_fd_sc_hd__clkbuf_4 contains 4 device instances.
  Class: sky130_fd_pr__nfet_01v8 instances:   2
  Class: sky130_fd_pr__pfet_01v8_hvt instances:   2
Circuit contains 7 nets.
Contents of circuit 2:  Circuit: 'sky130_fd_sc_hd__clkbuf_4'
Circuit sky130_fd_sc_hd__clkbuf_4 contains 10 device instances.
  Class: sky130_fd_pr__nfet_01v8 instances:   5
  Class: sky130_fd_pr__pfet_01v8_hvt instances:   5
Circuit contains 7 nets.

Circuit was modified by parallel/series device merging.
New circuit summary:

Contents of circuit 1:  Circuit: 'sky130_fd_sc_hd__clkbuf_4'
Circuit sky130_fd_sc_hd__clkbuf_4 contains 4 device instances.
  Class: sky130_fd_pr__nfet_01v8 instances:   2
  Class: sky130_fd_pr__pfet_01v8_hvt instances:   2
Circuit contains 7 nets.
Contents of circuit 2:  Circuit: 'sky130_fd_sc_hd__clkbuf_4'
Circuit sky130_fd_sc_hd__clkbuf_4 contains 4 device instances.
  Class: sky130_fd_pr__nfet_01v8 instances:   2
  Class: sky130_fd_pr__pfet_01v8_hvt instances:   2
Circuit contains 7 nets.

Circuit 1 contains 4 devices, Circuit 2 contains 4 devices.
Circuit 1 contains 7 nets,    Circuit 2 contains 7 nets.


Contents of circuit 1:  Circuit: 'sky130_fd_sc_hd__buf_6'
Circuit sky130_fd_sc_hd__buf_6 contains 4 device instances.
  Class: sky130_fd_pr__nfet_01v8 instances:   2
  Class: sky130_fd_pr__pfet_01v8_hvt instances:   2
Circuit contains 7 nets.
Contents of circuit 2:  Circuit: 'sky130_fd_sc_hd__buf_6'
Circuit sky130_fd_sc_hd__buf_6 contains 16 device instances.
  Class: sky130_fd_pr__nfet_01v8 instances:   8
  Class: sky130_fd_pr__pfet_01v8_hvt instances:   8
Circuit contains 7 nets.

Circuit was modified by parallel/series device merging.
New circuit summary:

Contents of circuit 1:  Circuit: 'sky130_fd_sc_hd__buf_6'
Circuit sky130_fd_sc_hd__buf_6 contains 4 device instances.
  Class: sky130_fd_pr__nfet_01v8 instances:   2
  Class: sky130_fd_pr__pfet_01v8_hvt instances:   2
Circuit contains 7 nets.
Contents of circuit 2:  Circuit: 'sky130_fd_sc_hd__buf_6'
Circuit sky130_fd_sc_hd__buf_6 contains 4 device instances.
  Class: sky130_fd_pr__nfet_01v8 instances:   2
  Class: sky130_fd_pr__pfet_01v8_hvt instances:   2
Circuit contains 7 nets.

Circuit 1 contains 4 devices, Circuit 2 contains 4 devices.
Circuit 1 contains 7 nets,    Circuit 2 contains 7 nets.


Contents of circuit 1:  Circuit: 'sky130_fd_sc_hd__dfrtp_1'
Circuit sky130_fd_sc_hd__dfrtp_1 contains 28 device instances.
  Class: sky130_fd_pr__nfet_01v8 instances:  10
  Class: sky130_fd_pr__pfet_01v8_hvt instances:  14
  Class: sky130_fd_pr__special_nfet_01v8 instances:   4
Circuit contains 21 nets.
Contents of circuit 2:  Circuit: 'sky130_fd_sc_hd__dfrtp_1'
Circuit sky130_fd_sc_hd__dfrtp_1 contains 28 device instances.
  Class: sky130_fd_pr__nfet_01v8 instances:  10
  Class: sky130_fd_pr__pfet_01v8_hvt instances:  14
  Class: sky130_fd_pr__special_nfet_01v8 instances:   4
Circuit contains 21 nets.

Circuit 1 contains 28 devices, Circuit 2 contains 28 devices.
Circuit 1 contains 21 nets,    Circuit 2 contains 21 nets.


Contents of circuit 1:  Circuit: 'sky130_fd_sc_hd__diode_2'
Circuit sky130_fd_sc_hd__diode_2 contains 1 device instances.
  Class: sky130_fd_pr__diode_pw2nd_05v5 instances:   1
Circuit contains 2 nets, and 3 disconnected pins.
Contents of circuit 2:  Circuit: 'sky130_fd_sc_hd__diode_2'
Circuit sky130_fd_sc_hd__diode_2 contains 1 device instances.
  Class: sky130_fd_pr__diode_pw2nd_05v5 instances:   1
Circuit contains 2 nets, and 3 disconnected pins.

Circuit 1 contains 1 devices, Circuit 2 contains 1 devices.
Circuit 1 contains 2 nets,    Circuit 2 contains 2 nets.


Contents of circuit 1:  Circuit: 'sky130_fd_sc_hd__a21o_1'
Circuit sky130_fd_sc_hd__a21o_1 contains 8 device instances.
  Class: sky130_fd_pr__nfet_01v8 instances:   4
  Class: sky130_fd_pr__pfet_01v8_hvt instances:   4
Circuit contains 11 nets.
Contents of circuit 2:  Circuit: 'sky130_fd_sc_hd__a21o_1'
Circuit sky130_fd_sc_hd__a21o_1 contains 8 device instances.
  Class: sky130_fd_pr__nfet_01v8 instances:   4
  Class: sky130_fd_pr__pfet_01v8_hvt instances:   4
Circuit contains 11 nets.

Circuit 1 contains 8 devices, Circuit 2 contains 8 devices.
Circuit 1 contains 11 nets,    Circuit 2 contains 11 nets.


Contents of circuit 1:  Circuit: 'sky130_fd_sc_hd__nor2_4'
Circuit sky130_fd_sc_hd__nor2_4 contains 4 device instances.
  Class: sky130_fd_pr__nfet_01v8 instances:   2
  Class: sky130_fd_pr__pfet_01v8_hvt instances:   2
Circuit contains 8 nets.
Contents of circuit 2:  Circuit: 'sky130_fd_sc_hd__nor2_4'
Circuit sky130_fd_sc_hd__nor2_4 contains 16 device instances.
  Class: sky130_fd_pr__nfet_01v8 instances:   8
  Class: sky130_fd_pr__pfet_01v8_hvt instances:   8
Circuit contains 8 nets.

Circuit was modified by parallel/series device merging.
New circuit summary:

Contents of circuit 1:  Circuit: 'sky130_fd_sc_hd__nor2_4'
Circuit sky130_fd_sc_hd__nor2_4 contains 4 device instances.
  Class: sky130_fd_pr__nfet_01v8 instances:   2
  Class: sky130_fd_pr__pfet_01v8_hvt instances:   2
Circuit contains 8 nets.
Contents of circuit 2:  Circuit: 'sky130_fd_sc_hd__nor2_4'
Circuit sky130_fd_sc_hd__nor2_4 contains 4 device instances.
  Class: sky130_fd_pr__nfet_01v8 instances:   2
  Class: sky130_fd_pr__pfet_01v8_hvt instances:   2
Circuit contains 8 nets.

Circuit 1 contains 4 devices, Circuit 2 contains 4 devices.
Circuit 1 contains 8 nets,    Circuit 2 contains 8 nets.


Contents of circuit 1:  Circuit: 'sky130_fd_sc_hd__clkbuf_2'
Circuit sky130_fd_sc_hd__clkbuf_2 contains 4 device instances.
  Class: sky130_fd_pr__nfet_01v8 instances:   2
  Class: sky130_fd_pr__pfet_01v8_hvt instances:   2
Circuit contains 7 nets.
Contents of circuit 2:  Circuit: 'sky130_fd_sc_hd__clkbuf_2'
Circuit sky130_fd_sc_hd__clkbuf_2 contains 6 device instances.
  Class: sky130_fd_pr__nfet_01v8 instances:   3
  Class: sky130_fd_pr__pfet_01v8_hvt instances:   3
Circuit contains 7 nets.

Circuit was modified by parallel/series device merging.
New circuit summary:

Contents of circuit 1:  Circuit: 'sky130_fd_sc_hd__clkbuf_2'
Circuit sky130_fd_sc_hd__clkbuf_2 contains 4 device instances.
  Class: sky130_fd_pr__nfet_01v8 instances:   2
  Class: sky130_fd_pr__pfet_01v8_hvt instances:   2
Circuit contains 7 nets.
Contents of circuit 2:  Circuit: 'sky130_fd_sc_hd__clkbuf_2'
Circuit sky130_fd_sc_hd__clkbuf_2 contains 4 device instances.
  Class: sky130_fd_pr__nfet_01v8 instances:   2
  Class: sky130_fd_pr__pfet_01v8_hvt instances:   2
Circuit contains 7 nets.

Circuit 1 contains 4 devices, Circuit 2 contains 4 devices.
Circuit 1 contains 7 nets,    Circuit 2 contains 7 nets.


Contents of circuit 1:  Circuit: 'sky130_fd_sc_hd__buf_1'
Circuit sky130_fd_sc_hd__buf_1 contains 4 device instances.
  Class: sky130_fd_pr__nfet_01v8 instances:   2
  Class: sky130_fd_pr__pfet_01v8_hvt instances:   2
Circuit contains 7 nets.
Contents of circuit 2:  Circuit: 'sky130_fd_sc_hd__buf_1'
Circuit sky130_fd_sc_hd__buf_1 contains 4 device instances.
  Class: sky130_fd_pr__nfet_01v8 instances:   2
  Class: sky130_fd_pr__pfet_01v8_hvt instances:   2
Circuit contains 7 nets.

Circuit 1 contains 4 devices, Circuit 2 contains 4 devices.
Circuit 1 contains 7 nets,    Circuit 2 contains 7 nets.


Contents of circuit 1:  Circuit: 'sky130_fd_sc_hd__and2_2'
Circuit sky130_fd_sc_hd__and2_2 contains 6 device instances.
  Class: sky130_fd_pr__nfet_01v8 instances:   3
  Class: sky130_fd_pr__pfet_01v8_hvt instances:   3
Circuit contains 9 nets.
Contents of circuit 2:  Circuit: 'sky130_fd_sc_hd__and2_2'
Circuit sky130_fd_sc_hd__and2_2 contains 8 device instances.
  Class: sky130_fd_pr__nfet_01v8 instances:   4
  Class: sky130_fd_pr__pfet_01v8_hvt instances:   4
Circuit contains 9 nets.

Circuit was modified by parallel/series device merging.
New circuit summary:

Contents of circuit 1:  Circuit: 'sky130_fd_sc_hd__and2_2'
Circuit sky130_fd_sc_hd__and2_2 contains 6 device instances.
  Class: sky130_fd_pr__nfet_01v8 instances:   3
  Class: sky130_fd_pr__pfet_01v8_hvt instances:   3
Circuit contains 9 nets.
Contents of circuit 2:  Circuit: 'sky130_fd_sc_hd__and2_2'
Circuit sky130_fd_sc_hd__and2_2 contains 6 device instances.
  Class: sky130_fd_pr__nfet_01v8 instances:   3
  Class: sky130_fd_pr__pfet_01v8_hvt instances:   3
Circuit contains 9 nets.

Circuit 1 contains 6 devices, Circuit 2 contains 6 devices.
Circuit 1 contains 9 nets,    Circuit 2 contains 9 nets.


Contents of circuit 1:  Circuit: 'sky130_fd_sc_hd__xnor2_2'
Circuit sky130_fd_sc_hd__xnor2_2 contains 10 device instances.
  Class: sky130_fd_pr__nfet_01v8 instances:   5
  Class: sky130_fd_pr__pfet_01v8_hvt instances:   5
Circuit contains 11 nets.
Contents of circuit 2:  Circuit: 'sky130_fd_sc_hd__xnor2_2'
Circuit sky130_fd_sc_hd__xnor2_2 contains 20 device instances.
  Class: sky130_fd_pr__nfet_01v8 instances:  10
  Class: sky130_fd_pr__pfet_01v8_hvt instances:  10
Circuit contains 11 nets.

Circuit was modified by parallel/series device merging.
New circuit summary:

Contents of circuit 1:  Circuit: 'sky130_fd_sc_hd__xnor2_2'
Circuit sky130_fd_sc_hd__xnor2_2 contains 10 device instances.
  Class: sky130_fd_pr__nfet_01v8 instances:   5
  Class: sky130_fd_pr__pfet_01v8_hvt instances:   5
Circuit contains 11 nets.
Contents of circuit 2:  Circuit: 'sky130_fd_sc_hd__xnor2_2'
Circuit sky130_fd_sc_hd__xnor2_2 contains 10 device instances.
  Class: sky130_fd_pr__nfet_01v8 instances:   5
  Class: sky130_fd_pr__pfet_01v8_hvt instances:   5
Circuit contains 11 nets.

Circuit 1 contains 10 devices, Circuit 2 contains 10 devices.
Circuit 1 contains 11 nets,    Circuit 2 contains 11 nets.


Contents of circuit 1:  Circuit: 'sky130_fd_sc_hd__buf_8'
Circuit sky130_fd_sc_hd__buf_8 contains 4 device instances.
  Class: sky130_fd_pr__nfet_01v8 instances:   2
  Class: sky130_fd_pr__pfet_01v8_hvt instances:   2
Circuit contains 7 nets.
Contents of circuit 2:  Circuit: 'sky130_fd_sc_hd__buf_8'
Circuit sky130_fd_sc_hd__buf_8 contains 22 device instances.
  Class: sky130_fd_pr__nfet_01v8 instances:  11
  Class: sky130_fd_pr__pfet_01v8_hvt instances:  11
Circuit contains 7 nets.

Circuit was modified by parallel/series device merging.
New circuit summary:

Contents of circuit 1:  Circuit: 'sky130_fd_sc_hd__buf_8'
Circuit sky130_fd_sc_hd__buf_8 contains 4 device instances.
  Class: sky130_fd_pr__nfet_01v8 instances:   2
  Class: sky130_fd_pr__pfet_01v8_hvt instances:   2
Circuit contains 7 nets.
Contents of circuit 2:  Circuit: 'sky130_fd_sc_hd__buf_8'
Circuit sky130_fd_sc_hd__buf_8 contains 4 device instances.
  Class: sky130_fd_pr__nfet_01v8 instances:   2
  Class: sky130_fd_pr__pfet_01v8_hvt instances:   2
Circuit contains 7 nets.

Circuit 1 contains 4 devices, Circuit 2 contains 4 devices.
Circuit 1 contains 7 nets,    Circuit 2 contains 7 nets.


Contents of circuit 1:  Circuit: 'sky130_fd_sc_hd__or2_1'
Circuit sky130_fd_sc_hd__or2_1 contains 6 device instances.
  Class: sky130_fd_pr__nfet_01v8 instances:   3
  Class: sky130_fd_pr__pfet_01v8_hvt instances:   3
Circuit contains 9 nets.
Contents of circuit 2:  Circuit: 'sky130_fd_sc_hd__or2_1'
Circuit sky130_fd_sc_hd__or2_1 contains 6 device instances.
  Class: sky130_fd_pr__nfet_01v8 instances:   3
  Class: sky130_fd_pr__pfet_01v8_hvt instances:   3
Circuit contains 9 nets.

Circuit 1 contains 6 devices, Circuit 2 contains 6 devices.
Circuit 1 contains 9 nets,    Circuit 2 contains 9 nets.


Contents of circuit 1:  Circuit: 'sky130_fd_sc_hd__xnor2_1'
Circuit sky130_fd_sc_hd__xnor2_1 contains 10 device instances.
  Class: sky130_fd_pr__nfet_01v8 instances:   5
  Class: sky130_fd_pr__pfet_01v8_hvt instances:   5
Circuit contains 11 nets.
Contents of circuit 2:  Circuit: 'sky130_fd_sc_hd__xnor2_1'
Circuit sky130_fd_sc_hd__xnor2_1 contains 10 device instances.
  Class: sky130_fd_pr__nfet_01v8 instances:   5
  Class: sky130_fd_pr__pfet_01v8_hvt instances:   5
Circuit contains 11 nets.

Circuit 1 contains 10 devices, Circuit 2 contains 10 devices.
Circuit 1 contains 11 nets,    Circuit 2 contains 11 nets.


Contents of circuit 1:  Circuit: 'sky130_fd_sc_hd__a2111o_1'
Circuit sky130_fd_sc_hd__a2111o_1 contains 12 device instances.
  Class: sky130_fd_pr__nfet_01v8 instances:   6
  Class: sky130_fd_pr__pfet_01v8_hvt instances:   6
Circuit contains 15 nets.
Contents of circuit 2:  Circuit: 'sky130_fd_sc_hd__a2111o_1'
Circuit sky130_fd_sc_hd__a2111o_1 contains 12 device instances.
  Class: sky130_fd_pr__nfet_01v8 instances:   6
  Class: sky130_fd_pr__pfet_01v8_hvt instances:   6
Circuit contains 15 nets.

Circuit 1 contains 12 devices, Circuit 2 contains 12 devices.
Circuit 1 contains 15 nets,    Circuit 2 contains 15 nets.


Contents of circuit 1:  Circuit: 'sky130_fd_sc_hd__buf_2'
Circuit sky130_fd_sc_hd__buf_2 contains 4 device instances.
  Class: sky130_fd_pr__nfet_01v8 instances:   2
  Class: sky130_fd_pr__pfet_01v8_hvt instances:   2
Circuit contains 7 nets.
Contents of circuit 2:  Circuit: 'sky130_fd_sc_hd__buf_2'
Circuit sky130_fd_sc_hd__buf_2 contains 6 device instances.
  Class: sky130_fd_pr__nfet_01v8 instances:   3
  Class: sky130_fd_pr__pfet_01v8_hvt instances:   3
Circuit contains 7 nets.

Circuit was modified by parallel/series device merging.
New circuit summary:

Contents of circuit 1:  Circuit: 'sky130_fd_sc_hd__buf_2'
Circuit sky130_fd_sc_hd__buf_2 contains 4 device instances.
  Class: sky130_fd_pr__nfet_01v8 instances:   2
  Class: sky130_fd_pr__pfet_01v8_hvt instances:   2
Circuit contains 7 nets.
Contents of circuit 2:  Circuit: 'sky130_fd_sc_hd__buf_2'
Circuit sky130_fd_sc_hd__buf_2 contains 4 device instances.
  Class: sky130_fd_pr__nfet_01v8 instances:   2
  Class: sky130_fd_pr__pfet_01v8_hvt instances:   2
Circuit contains 7 nets.

Circuit 1 contains 4 devices, Circuit 2 contains 4 devices.
Circuit 1 contains 7 nets,    Circuit 2 contains 7 nets.


Contents of circuit 1:  Circuit: 'sky130_fd_sc_hd__clkbuf_16'
Circuit sky130_fd_sc_hd__clkbuf_16 contains 4 device instances.
  Class: sky130_fd_pr__nfet_01v8 instances:   2
  Class: sky130_fd_pr__pfet_01v8_hvt instances:   2
Circuit contains 7 nets.
Contents of circuit 2:  Circuit: 'sky130_fd_sc_hd__clkbuf_16'
Circuit sky130_fd_sc_hd__clkbuf_16 contains 40 device instances.
  Class: sky130_fd_pr__nfet_01v8 instances:  20
  Class: sky130_fd_pr__pfet_01v8_hvt instances:  20
Circuit contains 7 nets.

Circuit was modified by parallel/series device merging.
New circuit summary:

Contents of circuit 1:  Circuit: 'sky130_fd_sc_hd__clkbuf_16'
Circuit sky130_fd_sc_hd__clkbuf_16 contains 4 device instances.
  Class: sky130_fd_pr__nfet_01v8 instances:   2
  Class: sky130_fd_pr__pfet_01v8_hvt instances:   2
Circuit contains 7 nets.
Contents of circuit 2:  Circuit: 'sky130_fd_sc_hd__clkbuf_16'
Circuit sky130_fd_sc_hd__clkbuf_16 contains 4 device instances.
  Class: sky130_fd_pr__nfet_01v8 instances:   2
  Class: sky130_fd_pr__pfet_01v8_hvt instances:   2
Circuit contains 7 nets.

Circuit 1 contains 4 devices, Circuit 2 contains 4 devices.
Circuit 1 contains 7 nets,    Circuit 2 contains 7 nets.


Contents of circuit 1:  Circuit: 'sky130_fd_sc_hd__and2_1'
Circuit sky130_fd_sc_hd__and2_1 contains 6 device instances.
  Class: sky130_fd_pr__nfet_01v8 instances:   3
  Class: sky130_fd_pr__pfet_01v8_hvt instances:   3
Circuit contains 9 nets.
Contents of circuit 2:  Circuit: 'sky130_fd_sc_hd__and2_1'
Circuit sky130_fd_sc_hd__and2_1 contains 6 device instances.
  Class: sky130_fd_pr__nfet_01v8 instances:   3
  Class: sky130_fd_pr__pfet_01v8_hvt instances:   3
Circuit contains 9 nets.

Circuit 1 contains 6 devices, Circuit 2 contains 6 devices.
Circuit 1 contains 9 nets,    Circuit 2 contains 9 nets.


Contents of circuit 1:  Circuit: 'sky130_fd_sc_hd__clkinv_2'
Circuit sky130_fd_sc_hd__clkinv_2 contains 2 device instances.
  Class: sky130_fd_pr__nfet_01v8 instances:   1
  Class: sky130_fd_pr__pfet_01v8_hvt instances:   1
Circuit contains 6 nets.
Contents of circuit 2:  Circuit: 'sky130_fd_sc_hd__clkinv_2'
Circuit sky130_fd_sc_hd__clkinv_2 contains 5 device instances.
  Class: sky130_fd_pr__nfet_01v8 instances:   2
  Class: sky130_fd_pr__pfet_01v8_hvt instances:   3
Circuit contains 6 nets.

Circuit was modified by parallel/series device merging.
New circuit summary:

Contents of circuit 1:  Circuit: 'sky130_fd_sc_hd__clkinv_2'
Circuit sky130_fd_sc_hd__clkinv_2 contains 2 device instances.
  Class: sky130_fd_pr__nfet_01v8 instances:   1
  Class: sky130_fd_pr__pfet_01v8_hvt instances:   1
Circuit contains 6 nets.
Contents of circuit 2:  Circuit: 'sky130_fd_sc_hd__clkinv_2'
Circuit sky130_fd_sc_hd__clkinv_2 contains 2 device instances.
  Class: sky130_fd_pr__nfet_01v8 instances:   1
  Class: sky130_fd_pr__pfet_01v8_hvt instances:   1
Circuit contains 6 nets.

Circuit 1 contains 2 devices, Circuit 2 contains 2 devices.
Circuit 1 contains 6 nets,    Circuit 2 contains 6 nets.


Contents of circuit 1:  Circuit: 'sky130_fd_sc_hd__nor2_1'
Circuit sky130_fd_sc_hd__nor2_1 contains 4 device instances.
  Class: sky130_fd_pr__nfet_01v8 instances:   2
  Class: sky130_fd_pr__pfet_01v8_hvt instances:   2
Circuit contains 8 nets.
Contents of circuit 2:  Circuit: 'sky130_fd_sc_hd__nor2_1'
Circuit sky130_fd_sc_hd__nor2_1 contains 4 device instances.
  Class: sky130_fd_pr__nfet_01v8 instances:   2
  Class: sky130_fd_pr__pfet_01v8_hvt instances:   2
Circuit contains 8 nets.

Circuit 1 contains 4 devices, Circuit 2 contains 4 devices.
Circuit 1 contains 8 nets,    Circuit 2 contains 8 nets.


Contents of circuit 1:  Circuit: 'sky130_fd_sc_hd__a2bb2o_2'
Circuit sky130_fd_sc_hd__a2bb2o_2 contains 12 device instances.
  Class: sky130_fd_pr__nfet_01v8 instances:   6
  Class: sky130_fd_pr__pfet_01v8_hvt instances:   6
Circuit contains 14 nets.
Contents of circuit 2:  Circuit: 'sky130_fd_sc_hd__a2bb2o_2'
Circuit sky130_fd_sc_hd__a2bb2o_2 contains 14 device instances.
  Class: sky130_fd_pr__nfet_01v8 instances:   7
  Class: sky130_fd_pr__pfet_01v8_hvt instances:   7
Circuit contains 14 nets.

Circuit was modified by parallel/series device merging.
New circuit summary:

Contents of circuit 1:  Circuit: 'sky130_fd_sc_hd__a2bb2o_2'
Circuit sky130_fd_sc_hd__a2bb2o_2 contains 12 device instances.
  Class: sky130_fd_pr__nfet_01v8 instances:   6
  Class: sky130_fd_pr__pfet_01v8_hvt instances:   6
Circuit contains 14 nets.
Contents of circuit 2:  Circuit: 'sky130_fd_sc_hd__a2bb2o_2'
Circuit sky130_fd_sc_hd__a2bb2o_2 contains 12 device instances.
  Class: sky130_fd_pr__nfet_01v8 instances:   6
  Class: sky130_fd_pr__pfet_01v8_hvt instances:   6
Circuit contains 14 nets.

Circuit 1 contains 12 devices, Circuit 2 contains 12 devices.
Circuit 1 contains 14 nets,    Circuit 2 contains 14 nets.


Contents of circuit 1:  Circuit: 'sky130_fd_sc_hd__o21ai_4'
Circuit sky130_fd_sc_hd__o21ai_4 contains 6 device instances.
  Class: sky130_fd_pr__nfet_01v8 instances:   3
  Class: sky130_fd_pr__pfet_01v8_hvt instances:   3
Circuit contains 10 nets.
Contents of circuit 2:  Circuit: 'sky130_fd_sc_hd__o21ai_4'
Circuit sky130_fd_sc_hd__o21ai_4 contains 24 device instances.
  Class: sky130_fd_pr__nfet_01v8 instances:  12
  Class: sky130_fd_pr__pfet_01v8_hvt instances:  12
Circuit contains 10 nets.

Circuit was modified by parallel/series device merging.
New circuit summary:

Contents of circuit 1:  Circuit: 'sky130_fd_sc_hd__o21ai_4'
Circuit sky130_fd_sc_hd__o21ai_4 contains 6 device instances.
  Class: sky130_fd_pr__nfet_01v8 instances:   3
  Class: sky130_fd_pr__pfet_01v8_hvt instances:   3
Circuit contains 10 nets.
Contents of circuit 2:  Circuit: 'sky130_fd_sc_hd__o21ai_4'
Circuit sky130_fd_sc_hd__o21ai_4 contains 6 device instances.
  Class: sky130_fd_pr__nfet_01v8 instances:   3
  Class: sky130_fd_pr__pfet_01v8_hvt instances:   3
Circuit contains 10 nets.

Circuit 1 contains 6 devices, Circuit 2 contains 6 devices.
Circuit 1 contains 10 nets,    Circuit 2 contains 10 nets.


Contents of circuit 1:  Circuit: 'sky130_fd_sc_hd__nand3_1'
Circuit sky130_fd_sc_hd__nand3_1 contains 6 device instances.
  Class: sky130_fd_pr__nfet_01v8 instances:   3
  Class: sky130_fd_pr__pfet_01v8_hvt instances:   3
Circuit contains 10 nets.
Contents of circuit 2:  Circuit: 'sky130_fd_sc_hd__nand3_1'
Circuit sky130_fd_sc_hd__nand3_1 contains 6 device instances.
  Class: sky130_fd_pr__nfet_01v8 instances:   3
  Class: sky130_fd_pr__pfet_01v8_hvt instances:   3
Circuit contains 10 nets.

Circuit 1 contains 6 devices, Circuit 2 contains 6 devices.
Circuit 1 contains 10 nets,    Circuit 2 contains 10 nets.


Contents of circuit 1:  Circuit: 'sky130_fd_sc_hd__o21bai_1'
Circuit sky130_fd_sc_hd__o21bai_1 contains 8 device instances.
  Class: sky130_fd_pr__nfet_01v8 instances:   4
  Class: sky130_fd_pr__pfet_01v8_hvt instances:   4
Circuit contains 11 nets.
Contents of circuit 2:  Circuit: 'sky130_fd_sc_hd__o21bai_1'
Circuit sky130_fd_sc_hd__o21bai_1 contains 8 device instances.
  Class: sky130_fd_pr__nfet_01v8 instances:   4
  Class: sky130_fd_pr__pfet_01v8_hvt instances:   4
Circuit contains 11 nets.

Circuit 1 contains 8 devices, Circuit 2 contains 8 devices.
Circuit 1 contains 11 nets,    Circuit 2 contains 11 nets.


Contents of circuit 1:  Circuit: 'sky130_fd_sc_hd__and2_4'
Circuit sky130_fd_sc_hd__and2_4 contains 6 device instances.
  Class: sky130_fd_pr__nfet_01v8 instances:   3
  Class: sky130_fd_pr__pfet_01v8_hvt instances:   3
Circuit contains 9 nets.
Contents of circuit 2:  Circuit: 'sky130_fd_sc_hd__and2_4'
Circuit sky130_fd_sc_hd__and2_4 contains 12 device instances.
  Class: sky130_fd_pr__nfet_01v8 instances:   6
  Class: sky130_fd_pr__pfet_01v8_hvt instances:   6
Circuit contains 9 nets.

Circuit was modified by parallel/series device merging.
New circuit summary:

Contents of circuit 1:  Circuit: 'sky130_fd_sc_hd__and2_4'
Circuit sky130_fd_sc_hd__and2_4 contains 6 device instances.
  Class: sky130_fd_pr__nfet_01v8 instances:   3
  Class: sky130_fd_pr__pfet_01v8_hvt instances:   3
Circuit contains 9 nets.
Contents of circuit 2:  Circuit: 'sky130_fd_sc_hd__and2_4'
Circuit sky130_fd_sc_hd__and2_4 contains 6 device instances.
  Class: sky130_fd_pr__nfet_01v8 instances:   3
  Class: sky130_fd_pr__pfet_01v8_hvt instances:   3
Circuit contains 9 nets.

Circuit 1 contains 6 devices, Circuit 2 contains 6 devices.
Circuit 1 contains 9 nets,    Circuit 2 contains 9 nets.


Contents of circuit 1:  Circuit: 'sky130_fd_sc_hd__nand2b_1'
Circuit sky130_fd_sc_hd__nand2b_1 contains 6 device instances.
  Class: sky130_fd_pr__nfet_01v8 instances:   3
  Class: sky130_fd_pr__pfet_01v8_hvt instances:   3
Circuit contains 9 nets.
Contents of circuit 2:  Circuit: 'sky130_fd_sc_hd__nand2b_1'
Circuit sky130_fd_sc_hd__nand2b_1 contains 6 device instances.
  Class: sky130_fd_pr__nfet_01v8 instances:   3
  Class: sky130_fd_pr__pfet_01v8_hvt instances:   3
Circuit contains 9 nets.

Circuit 1 contains 6 devices, Circuit 2 contains 6 devices.
Circuit 1 contains 9 nets,    Circuit 2 contains 9 nets.


Contents of circuit 1:  Circuit: 'sky130_fd_sc_hd__a32o_1'
Circuit sky130_fd_sc_hd__a32o_1 contains 12 device instances.
  Class: sky130_fd_pr__nfet_01v8 instances:   6
  Class: sky130_fd_pr__pfet_01v8_hvt instances:   6
Circuit contains 15 nets.
Contents of circuit 2:  Circuit: 'sky130_fd_sc_hd__a32o_1'
Circuit sky130_fd_sc_hd__a32o_1 contains 12 device instances.
  Class: sky130_fd_pr__nfet_01v8 instances:   6
  Class: sky130_fd_pr__pfet_01v8_hvt instances:   6
Circuit contains 15 nets.

Circuit 1 contains 12 devices, Circuit 2 contains 12 devices.
Circuit 1 contains 15 nets,    Circuit 2 contains 15 nets.


Contents of circuit 1:  Circuit: 'sky130_fd_sc_hd__a2bb2o_1'
Circuit sky130_fd_sc_hd__a2bb2o_1 contains 12 device instances.
  Class: sky130_fd_pr__nfet_01v8 instances:   6
  Class: sky130_fd_pr__pfet_01v8_hvt instances:   6
Circuit contains 14 nets.
Contents of circuit 2:  Circuit: 'sky130_fd_sc_hd__a2bb2o_1'
Circuit sky130_fd_sc_hd__a2bb2o_1 contains 12 device instances.
  Class: sky130_fd_pr__nfet_01v8 instances:   6
  Class: sky130_fd_pr__pfet_01v8_hvt instances:   6
Circuit contains 14 nets.

Circuit 1 contains 12 devices, Circuit 2 contains 12 devices.
Circuit 1 contains 14 nets,    Circuit 2 contains 14 nets.


Contents of circuit 1:  Circuit: 'sky130_fd_sc_hd__or4b_4'
Circuit sky130_fd_sc_hd__or4b_4 contains 12 device instances.
  Class: sky130_fd_pr__nfet_01v8 instances:   6
  Class: sky130_fd_pr__pfet_01v8_hvt instances:   6
Circuit contains 14 nets.
Contents of circuit 2:  Circuit: 'sky130_fd_sc_hd__or4b_4'
Circuit sky130_fd_sc_hd__or4b_4 contains 18 device instances.
  Class: sky130_fd_pr__nfet_01v8 instances:   9
  Class: sky130_fd_pr__pfet_01v8_hvt instances:   9
Circuit contains 14 nets.

Circuit was modified by parallel/series device merging.
New circuit summary:

Contents of circuit 1:  Circuit: 'sky130_fd_sc_hd__or4b_4'
Circuit sky130_fd_sc_hd__or4b_4 contains 12 device instances.
  Class: sky130_fd_pr__nfet_01v8 instances:   6
  Class: sky130_fd_pr__pfet_01v8_hvt instances:   6
Circuit contains 14 nets.
Contents of circuit 2:  Circuit: 'sky130_fd_sc_hd__or4b_4'
Circuit sky130_fd_sc_hd__or4b_4 contains 12 device instances.
  Class: sky130_fd_pr__nfet_01v8 instances:   6
  Class: sky130_fd_pr__pfet_01v8_hvt instances:   6
Circuit contains 14 nets.

Circuit 1 contains 12 devices, Circuit 2 contains 12 devices.
Circuit 1 contains 14 nets,    Circuit 2 contains 14 nets.


Contents of circuit 1:  Circuit: 'sky130_fd_sc_hd__bufinv_16'
Circuit sky130_fd_sc_hd__bufinv_16 contains 6 device instances.
  Class: sky130_fd_pr__nfet_01v8 instances:   3
  Class: sky130_fd_pr__pfet_01v8_hvt instances:   3
Circuit contains 8 nets.
Contents of circuit 2:  Circuit: 'sky130_fd_sc_hd__bufinv_16'
Circuit sky130_fd_sc_hd__bufinv_16 contains 50 device instances.
  Class: sky130_fd_pr__nfet_01v8 instances:  25
  Class: sky130_fd_pr__pfet_01v8_hvt instances:  25
Circuit contains 8 nets.

Circuit was modified by parallel/series device merging.
New circuit summary:

Contents of circuit 1:  Circuit: 'sky130_fd_sc_hd__bufinv_16'
Circuit sky130_fd_sc_hd__bufinv_16 contains 6 device instances.
  Class: sky130_fd_pr__nfet_01v8 instances:   3
  Class: sky130_fd_pr__pfet_01v8_hvt instances:   3
Circuit contains 8 nets.
Contents of circuit 2:  Circuit: 'sky130_fd_sc_hd__bufinv_16'
Circuit sky130_fd_sc_hd__bufinv_16 contains 6 device instances.
  Class: sky130_fd_pr__nfet_01v8 instances:   3
  Class: sky130_fd_pr__pfet_01v8_hvt instances:   3
Circuit contains 8 nets.

Circuit 1 contains 6 devices, Circuit 2 contains 6 devices.
Circuit 1 contains 8 nets,    Circuit 2 contains 8 nets.


Contents of circuit 1:  Circuit: 'sky130_fd_sc_hd__o22ai_4'
Circuit sky130_fd_sc_hd__o22ai_4 contains 8 device instances.
  Class: sky130_fd_pr__nfet_01v8 instances:   4
  Class: sky130_fd_pr__pfet_01v8_hvt instances:   4
Circuit contains 12 nets.
Contents of circuit 2:  Circuit: 'sky130_fd_sc_hd__o22ai_4'
Circuit sky130_fd_sc_hd__o22ai_4 contains 32 device instances.
  Class: sky130_fd_pr__nfet_01v8 instances:  16
  Class: sky130_fd_pr__pfet_01v8_hvt instances:  16
Circuit contains 12 nets.

Circuit was modified by parallel/series device merging.
New circuit summary:

Contents of circuit 1:  Circuit: 'sky130_fd_sc_hd__o22ai_4'
Circuit sky130_fd_sc_hd__o22ai_4 contains 8 device instances.
  Class: sky130_fd_pr__nfet_01v8 instances:   4
  Class: sky130_fd_pr__pfet_01v8_hvt instances:   4
Circuit contains 12 nets.
Contents of circuit 2:  Circuit: 'sky130_fd_sc_hd__o22ai_4'
Circuit sky130_fd_sc_hd__o22ai_4 contains 8 device instances.
  Class: sky130_fd_pr__nfet_01v8 instances:   4
  Class: sky130_fd_pr__pfet_01v8_hvt instances:   4
Circuit contains 12 nets.

Circuit 1 contains 8 devices, Circuit 2 contains 8 devices.
Circuit 1 contains 12 nets,    Circuit 2 contains 12 nets.


Contents of circuit 1:  Circuit: 'sky130_fd_sc_hd__nor2_8'
Circuit sky130_fd_sc_hd__nor2_8 contains 4 device instances.
  Class: sky130_fd_pr__nfet_01v8 instances:   2
  Class: sky130_fd_pr__pfet_01v8_hvt instances:   2
Circuit contains 8 nets.
Contents of circuit 2:  Circuit: 'sky130_fd_sc_hd__nor2_8'
Circuit sky130_fd_sc_hd__nor2_8 contains 32 device instances.
  Class: sky130_fd_pr__nfet_01v8 instances:  16
  Class: sky130_fd_pr__pfet_01v8_hvt instances:  16
Circuit contains 8 nets.

Circuit was modified by parallel/series device merging.
New circuit summary:

Contents of circuit 1:  Circuit: 'sky130_fd_sc_hd__nor2_8'
Circuit sky130_fd_sc_hd__nor2_8 contains 4 device instances.
  Class: sky130_fd_pr__nfet_01v8 instances:   2
  Class: sky130_fd_pr__pfet_01v8_hvt instances:   2
Circuit contains 8 nets.
Contents of circuit 2:  Circuit: 'sky130_fd_sc_hd__nor2_8'
Circuit sky130_fd_sc_hd__nor2_8 contains 4 device instances.
  Class: sky130_fd_pr__nfet_01v8 instances:   2
  Class: sky130_fd_pr__pfet_01v8_hvt instances:   2
Circuit contains 8 nets.

Circuit 1 contains 4 devices, Circuit 2 contains 4 devices.
Circuit 1 contains 8 nets,    Circuit 2 contains 8 nets.


Contents of circuit 1:  Circuit: 'sky130_fd_sc_hd__nand2_2'
Circuit sky130_fd_sc_hd__nand2_2 contains 4 device instances.
  Class: sky130_fd_pr__nfet_01v8 instances:   2
  Class: sky130_fd_pr__pfet_01v8_hvt instances:   2
Circuit contains 8 nets.
Contents of circuit 2:  Circuit: 'sky130_fd_sc_hd__nand2_2'
Circuit sky130_fd_sc_hd__nand2_2 contains 8 device instances.
  Class: sky130_fd_pr__nfet_01v8 instances:   4
  Class: sky130_fd_pr__pfet_01v8_hvt instances:   4
Circuit contains 8 nets.

Circuit was modified by parallel/series device merging.
New circuit summary:

Contents of circuit 1:  Circuit: 'sky130_fd_sc_hd__nand2_2'
Circuit sky130_fd_sc_hd__nand2_2 contains 4 device instances.
  Class: sky130_fd_pr__nfet_01v8 instances:   2
  Class: sky130_fd_pr__pfet_01v8_hvt instances:   2
Circuit contains 8 nets.
Contents of circuit 2:  Circuit: 'sky130_fd_sc_hd__nand2_2'
Circuit sky130_fd_sc_hd__nand2_2 contains 4 device instances.
  Class: sky130_fd_pr__nfet_01v8 instances:   2
  Class: sky130_fd_pr__pfet_01v8_hvt instances:   2
Circuit contains 8 nets.

Circuit 1 contains 4 devices, Circuit 2 contains 4 devices.
Circuit 1 contains 8 nets,    Circuit 2 contains 8 nets.


Contents of circuit 1:  Circuit: 'sky130_fd_sc_hd__o2bb2a_1'
Circuit sky130_fd_sc_hd__o2bb2a_1 contains 12 device instances.
  Class: sky130_fd_pr__nfet_01v8 instances:   6
  Class: sky130_fd_pr__pfet_01v8_hvt instances:   6
Circuit contains 14 nets.
Contents of circuit 2:  Circuit: 'sky130_fd_sc_hd__o2bb2a_1'
Circuit sky130_fd_sc_hd__o2bb2a_1 contains 12 device instances.
  Class: sky130_fd_pr__nfet_01v8 instances:   6
  Class: sky130_fd_pr__pfet_01v8_hvt instances:   6
Circuit contains 14 nets.

Circuit 1 contains 12 devices, Circuit 2 contains 12 devices.
Circuit 1 contains 14 nets,    Circuit 2 contains 14 nets.


Contents of circuit 1:  Circuit: 'sky130_fd_sc_hd__or3_2'
Circuit sky130_fd_sc_hd__or3_2 contains 8 device instances.
  Class: sky130_fd_pr__nfet_01v8 instances:   4
  Class: sky130_fd_pr__pfet_01v8_hvt instances:   4
Circuit contains 11 nets.
Contents of circuit 2:  Circuit: 'sky130_fd_sc_hd__or3_2'
Circuit sky130_fd_sc_hd__or3_2 contains 10 device instances.
  Class: sky130_fd_pr__nfet_01v8 instances:   5
  Class: sky130_fd_pr__pfet_01v8_hvt instances:   5
Circuit contains 11 nets.

Circuit was modified by parallel/series device merging.
New circuit summary:

Contents of circuit 1:  Circuit: 'sky130_fd_sc_hd__or3_2'
Circuit sky130_fd_sc_hd__or3_2 contains 8 device instances.
  Class: sky130_fd_pr__nfet_01v8 instances:   4
  Class: sky130_fd_pr__pfet_01v8_hvt instances:   4
Circuit contains 11 nets.
Contents of circuit 2:  Circuit: 'sky130_fd_sc_hd__or3_2'
Circuit sky130_fd_sc_hd__or3_2 contains 8 device instances.
  Class: sky130_fd_pr__nfet_01v8 instances:   4
  Class: sky130_fd_pr__pfet_01v8_hvt instances:   4
Circuit contains 11 nets.

Circuit 1 contains 8 devices, Circuit 2 contains 8 devices.
Circuit 1 contains 11 nets,    Circuit 2 contains 11 nets.


Contents of circuit 1:  Circuit: 'sky130_fd_sc_hd__nor4b_1'
Circuit sky130_fd_sc_hd__nor4b_1 contains 10 device instances.
  Class: sky130_fd_pr__nfet_01v8 instances:   5
  Class: sky130_fd_pr__pfet_01v8_hvt instances:   5
Circuit contains 13 nets.
Contents of circuit 2:  Circuit: 'sky130_fd_sc_hd__nor4b_1'
Circuit sky130_fd_sc_hd__nor4b_1 contains 10 device instances.
  Class: sky130_fd_pr__nfet_01v8 instances:   5
  Class: sky130_fd_pr__pfet_01v8_hvt instances:   5
Circuit contains 13 nets.

Circuit 1 contains 10 devices, Circuit 2 contains 10 devices.
Circuit 1 contains 13 nets,    Circuit 2 contains 13 nets.


Contents of circuit 1:  Circuit: 'sky130_fd_sc_hd__xor2_4'
Circuit sky130_fd_sc_hd__xor2_4 contains 10 device instances.
  Class: sky130_fd_pr__nfet_01v8 instances:   5
  Class: sky130_fd_pr__pfet_01v8_hvt instances:   5
Circuit contains 11 nets.
Contents of circuit 2:  Circuit: 'sky130_fd_sc_hd__xor2_4'
Circuit sky130_fd_sc_hd__xor2_4 contains 40 device instances.
  Class: sky130_fd_pr__nfet_01v8 instances:  20
  Class: sky130_fd_pr__pfet_01v8_hvt instances:  20
Circuit contains 11 nets.

Circuit was modified by parallel/series device merging.
New circuit summary:

Contents of circuit 1:  Circuit: 'sky130_fd_sc_hd__xor2_4'
Circuit sky130_fd_sc_hd__xor2_4 contains 10 device instances.
  Class: sky130_fd_pr__nfet_01v8 instances:   5
  Class: sky130_fd_pr__pfet_01v8_hvt instances:   5
Circuit contains 11 nets.
Contents of circuit 2:  Circuit: 'sky130_fd_sc_hd__xor2_4'
Circuit sky130_fd_sc_hd__xor2_4 contains 10 device instances.
  Class: sky130_fd_pr__nfet_01v8 instances:   5
  Class: sky130_fd_pr__pfet_01v8_hvt instances:   5
Circuit contains 11 nets.

Circuit 1 contains 10 devices, Circuit 2 contains 10 devices.
Circuit 1 contains 11 nets,    Circuit 2 contains 11 nets.


Contents of circuit 1:  Circuit: 'sky130_fd_sc_hd__dlymetal6s2s_1'
Circuit sky130_fd_sc_hd__dlymetal6s2s_1 contains 12 device instances.
  Class: sky130_fd_pr__nfet_01v8 instances:   6
  Class: sky130_fd_pr__pfet_01v8_hvt instances:   6
Circuit contains 11 nets.
Contents of circuit 2:  Circuit: 'sky130_fd_sc_hd__dlymetal6s2s_1'
Circuit sky130_fd_sc_hd__dlymetal6s2s_1 contains 12 device instances.
  Class: sky130_fd_pr__nfet_01v8 instances:   6
  Class: sky130_fd_pr__pfet_01v8_hvt instances:   6
Circuit contains 11 nets.

Circuit 1 contains 12 devices, Circuit 2 contains 12 devices.
Circuit 1 contains 11 nets,    Circuit 2 contains 11 nets.


Contents of circuit 1:  Circuit: 'sky130_fd_sc_hd__clkinv_8'
Circuit sky130_fd_sc_hd__clkinv_8 contains 2 device instances.
  Class: sky130_fd_pr__nfet_01v8 instances:   1
  Class: sky130_fd_pr__pfet_01v8_hvt instances:   1
Circuit contains 6 nets.
Contents of circuit 2:  Circuit: 'sky130_fd_sc_hd__clkinv_8'
Circuit sky130_fd_sc_hd__clkinv_8 contains 20 device instances.
  Class: sky130_fd_pr__nfet_01v8 instances:   8
  Class: sky130_fd_pr__pfet_01v8_hvt instances:  12
Circuit contains 6 nets.

Circuit was modified by parallel/series device merging.
New circuit summary:

Contents of circuit 1:  Circuit: 'sky130_fd_sc_hd__clkinv_8'
Circuit sky130_fd_sc_hd__clkinv_8 contains 2 device instances.
  Class: sky130_fd_pr__nfet_01v8 instances:   1
  Class: sky130_fd_pr__pfet_01v8_hvt instances:   1
Circuit contains 6 nets.
Contents of circuit 2:  Circuit: 'sky130_fd_sc_hd__clkinv_8'
Circuit sky130_fd_sc_hd__clkinv_8 contains 2 device instances.
  Class: sky130_fd_pr__nfet_01v8 instances:   1
  Class: sky130_fd_pr__pfet_01v8_hvt instances:   1
Circuit contains 6 nets.

Circuit 1 contains 2 devices, Circuit 2 contains 2 devices.
Circuit 1 contains 6 nets,    Circuit 2 contains 6 nets.


Contents of circuit 1:  Circuit: 'sky130_fd_sc_hd__or4_2'
Circuit sky130_fd_sc_hd__or4_2 contains 10 device instances.
  Class: sky130_fd_pr__nfet_01v8 instances:   5
  Class: sky130_fd_pr__pfet_01v8_hvt instances:   5
Circuit contains 13 nets.
Contents of circuit 2:  Circuit: 'sky130_fd_sc_hd__or4_2'
Circuit sky130_fd_sc_hd__or4_2 contains 12 device instances.
  Class: sky130_fd_pr__nfet_01v8 instances:   6
  Class: sky130_fd_pr__pfet_01v8_hvt instances:   6
Circuit contains 13 nets.

Circuit was modified by parallel/series device merging.
New circuit summary:

Contents of circuit 1:  Circuit: 'sky130_fd_sc_hd__or4_2'
Circuit sky130_fd_sc_hd__or4_2 contains 10 device instances.
  Class: sky130_fd_pr__nfet_01v8 instances:   5
  Class: sky130_fd_pr__pfet_01v8_hvt instances:   5
Circuit contains 13 nets.
Contents of circuit 2:  Circuit: 'sky130_fd_sc_hd__or4_2'
Circuit sky130_fd_sc_hd__or4_2 contains 10 device instances.
  Class: sky130_fd_pr__nfet_01v8 instances:   5
  Class: sky130_fd_pr__pfet_01v8_hvt instances:   5
Circuit contains 13 nets.

Circuit 1 contains 10 devices, Circuit 2 contains 10 devices.
Circuit 1 contains 13 nets,    Circuit 2 contains 13 nets.


Contents of circuit 1:  Circuit: 'sky130_fd_sc_hd__inv_6'
Circuit sky130_fd_sc_hd__inv_6 contains 2 device instances.
  Class: sky130_fd_pr__nfet_01v8 instances:   1
  Class: sky130_fd_pr__pfet_01v8_hvt instances:   1
Circuit contains 6 nets.
Contents of circuit 2:  Circuit: 'sky130_fd_sc_hd__inv_6'
Circuit sky130_fd_sc_hd__inv_6 contains 12 device instances.
  Class: sky130_fd_pr__nfet_01v8 instances:   6
  Class: sky130_fd_pr__pfet_01v8_hvt instances:   6
Circuit contains 6 nets.

Circuit was modified by parallel/series device merging.
New circuit summary:

Contents of circuit 1:  Circuit: 'sky130_fd_sc_hd__inv_6'
Circuit sky130_fd_sc_hd__inv_6 contains 2 device instances.
  Class: sky130_fd_pr__nfet_01v8 instances:   1
  Class: sky130_fd_pr__pfet_01v8_hvt instances:   1
Circuit contains 6 nets.
Contents of circuit 2:  Circuit: 'sky130_fd_sc_hd__inv_6'
Circuit sky130_fd_sc_hd__inv_6 contains 2 device instances.
  Class: sky130_fd_pr__nfet_01v8 instances:   1
  Class: sky130_fd_pr__pfet_01v8_hvt instances:   1
Circuit contains 6 nets.

Circuit 1 contains 2 devices, Circuit 2 contains 2 devices.
Circuit 1 contains 6 nets,    Circuit 2 contains 6 nets.


Contents of circuit 1:  Circuit: 'sky130_fd_sc_hd__o22a_2'
Circuit sky130_fd_sc_hd__o22a_2 contains 10 device instances.
  Class: sky130_fd_pr__nfet_01v8 instances:   5
  Class: sky130_fd_pr__pfet_01v8_hvt instances:   5
Circuit contains 13 nets.
Contents of circuit 2:  Circuit: 'sky130_fd_sc_hd__o22a_2'
Circuit sky130_fd_sc_hd__o22a_2 contains 12 device instances.
  Class: sky130_fd_pr__nfet_01v8 instances:   6
  Class: sky130_fd_pr__pfet_01v8_hvt instances:   6
Circuit contains 13 nets.

Circuit was modified by parallel/series device merging.
New circuit summary:

Contents of circuit 1:  Circuit: 'sky130_fd_sc_hd__o22a_2'
Circuit sky130_fd_sc_hd__o22a_2 contains 10 device instances.
  Class: sky130_fd_pr__nfet_01v8 instances:   5
  Class: sky130_fd_pr__pfet_01v8_hvt instances:   5
Circuit contains 13 nets.
Contents of circuit 2:  Circuit: 'sky130_fd_sc_hd__o22a_2'
Circuit sky130_fd_sc_hd__o22a_2 contains 10 device instances.
  Class: sky130_fd_pr__nfet_01v8 instances:   5
  Class: sky130_fd_pr__pfet_01v8_hvt instances:   5
Circuit contains 13 nets.

Circuit 1 contains 10 devices, Circuit 2 contains 10 devices.
Circuit 1 contains 13 nets,    Circuit 2 contains 13 nets.


Contents of circuit 1:  Circuit: 'sky130_fd_sc_hd__nor4_1'
Circuit sky130_fd_sc_hd__nor4_1 contains 8 device instances.
  Class: sky130_fd_pr__nfet_01v8 instances:   4
  Class: sky130_fd_pr__pfet_01v8_hvt instances:   4
Circuit contains 12 nets.
Contents of circuit 2:  Circuit: 'sky130_fd_sc_hd__nor4_1'
Circuit sky130_fd_sc_hd__nor4_1 contains 8 device instances.
  Class: sky130_fd_pr__nfet_01v8 instances:   4
  Class: sky130_fd_pr__pfet_01v8_hvt instances:   4
Circuit contains 12 nets.

Circuit 1 contains 8 devices, Circuit 2 contains 8 devices.
Circuit 1 contains 12 nets,    Circuit 2 contains 12 nets.


Contents of circuit 1:  Circuit: 'sky130_fd_sc_hd__o22a_4'
Circuit sky130_fd_sc_hd__o22a_4 contains 10 device instances.
  Class: sky130_fd_pr__nfet_01v8 instances:   5
  Class: sky130_fd_pr__pfet_01v8_hvt instances:   5
Circuit contains 13 nets.
Contents of circuit 2:  Circuit: 'sky130_fd_sc_hd__o22a_4'
Circuit sky130_fd_sc_hd__o22a_4 contains 24 device instances.
  Class: sky130_fd_pr__nfet_01v8 instances:  12
  Class: sky130_fd_pr__pfet_01v8_hvt instances:  12
Circuit contains 13 nets.

Circuit was modified by parallel/series device merging.
New circuit summary:

Contents of circuit 1:  Circuit: 'sky130_fd_sc_hd__o22a_4'
Circuit sky130_fd_sc_hd__o22a_4 contains 10 device instances.
  Class: sky130_fd_pr__nfet_01v8 instances:   5
  Class: sky130_fd_pr__pfet_01v8_hvt instances:   5
Circuit contains 13 nets.
Contents of circuit 2:  Circuit: 'sky130_fd_sc_hd__o22a_4'
Circuit sky130_fd_sc_hd__o22a_4 contains 10 device instances.
  Class: sky130_fd_pr__nfet_01v8 instances:   5
  Class: sky130_fd_pr__pfet_01v8_hvt instances:   5
Circuit contains 13 nets.

Circuit 1 contains 10 devices, Circuit 2 contains 10 devices.
Circuit 1 contains 13 nets,    Circuit 2 contains 13 nets.


Contents of circuit 1:  Circuit: 'sky130_fd_sc_hd__inv_2'
Circuit sky130_fd_sc_hd__inv_2 contains 2 device instances.
  Class: sky130_fd_pr__nfet_01v8 instances:   1
  Class: sky130_fd_pr__pfet_01v8_hvt instances:   1
Circuit contains 6 nets.
Contents of circuit 2:  Circuit: 'sky130_fd_sc_hd__inv_2'
Circuit sky130_fd_sc_hd__inv_2 contains 4 device instances.
  Class: sky130_fd_pr__nfet_01v8 instances:   2
  Class: sky130_fd_pr__pfet_01v8_hvt instances:   2
Circuit contains 6 nets.

Circuit was modified by parallel/series device merging.
New circuit summary:

Contents of circuit 1:  Circuit: 'sky130_fd_sc_hd__inv_2'
Circuit sky130_fd_sc_hd__inv_2 contains 2 device instances.
  Class: sky130_fd_pr__nfet_01v8 instances:   1
  Class: sky130_fd_pr__pfet_01v8_hvt instances:   1
Circuit contains 6 nets.
Contents of circuit 2:  Circuit: 'sky130_fd_sc_hd__inv_2'
Circuit sky130_fd_sc_hd__inv_2 contains 2 device instances.
  Class: sky130_fd_pr__nfet_01v8 instances:   1
  Class: sky130_fd_pr__pfet_01v8_hvt instances:   1
Circuit contains 6 nets.

Circuit 1 contains 2 devices, Circuit 2 contains 2 devices.
Circuit 1 contains 6 nets,    Circuit 2 contains 6 nets.


Contents of circuit 1:  Circuit: 'sky130_fd_sc_hd__or3_4'
Circuit sky130_fd_sc_hd__or3_4 contains 8 device instances.
  Class: sky130_fd_pr__nfet_01v8 instances:   4
  Class: sky130_fd_pr__pfet_01v8_hvt instances:   4
Circuit contains 11 nets.
Contents of circuit 2:  Circuit: 'sky130_fd_sc_hd__or3_4'
Circuit sky130_fd_sc_hd__or3_4 contains 14 device instances.
  Class: sky130_fd_pr__nfet_01v8 instances:   7
  Class: sky130_fd_pr__pfet_01v8_hvt instances:   7
Circuit contains 11 nets.

Circuit was modified by parallel/series device merging.
New circuit summary:

Contents of circuit 1:  Circuit: 'sky130_fd_sc_hd__or3_4'
Circuit sky130_fd_sc_hd__or3_4 contains 8 device instances.
  Class: sky130_fd_pr__nfet_01v8 instances:   4
  Class: sky130_fd_pr__pfet_01v8_hvt instances:   4
Circuit contains 11 nets.
Contents of circuit 2:  Circuit: 'sky130_fd_sc_hd__or3_4'
Circuit sky130_fd_sc_hd__or3_4 contains 8 device instances.
  Class: sky130_fd_pr__nfet_01v8 instances:   4
  Class: sky130_fd_pr__pfet_01v8_hvt instances:   4
Circuit contains 11 nets.

Circuit 1 contains 8 devices, Circuit 2 contains 8 devices.
Circuit 1 contains 11 nets,    Circuit 2 contains 11 nets.


Contents of circuit 1:  Circuit: 'sky130_fd_sc_hd__clkinv_4'
Circuit sky130_fd_sc_hd__clkinv_4 contains 2 device instances.
  Class: sky130_fd_pr__nfet_01v8 instances:   1
  Class: sky130_fd_pr__pfet_01v8_hvt instances:   1
Circuit contains 6 nets.
Contents of circuit 2:  Circuit: 'sky130_fd_sc_hd__clkinv_4'
Circuit sky130_fd_sc_hd__clkinv_4 contains 10 device instances.
  Class: sky130_fd_pr__nfet_01v8 instances:   4
  Class: sky130_fd_pr__pfet_01v8_hvt instances:   6
Circuit contains 6 nets.

Circuit was modified by parallel/series device merging.
New circuit summary:

Contents of circuit 1:  Circuit: 'sky130_fd_sc_hd__clkinv_4'
Circuit sky130_fd_sc_hd__clkinv_4 contains 2 device instances.
  Class: sky130_fd_pr__nfet_01v8 instances:   1
  Class: sky130_fd_pr__pfet_01v8_hvt instances:   1
Circuit contains 6 nets.
Contents of circuit 2:  Circuit: 'sky130_fd_sc_hd__clkinv_4'
Circuit sky130_fd_sc_hd__clkinv_4 contains 2 device instances.
  Class: sky130_fd_pr__nfet_01v8 instances:   1
  Class: sky130_fd_pr__pfet_01v8_hvt instances:   1
Circuit contains 6 nets.

Circuit 1 contains 2 devices, Circuit 2 contains 2 devices.
Circuit 1 contains 6 nets,    Circuit 2 contains 6 nets.


Contents of circuit 1:  Circuit: 'sky130_fd_sc_hd__inv_8'
Circuit sky130_fd_sc_hd__inv_8 contains 2 device instances.
  Class: sky130_fd_pr__nfet_01v8 instances:   1
  Class: sky130_fd_pr__pfet_01v8_hvt instances:   1
Circuit contains 6 nets.
Contents of circuit 2:  Circuit: 'sky130_fd_sc_hd__inv_8'
Circuit sky130_fd_sc_hd__inv_8 contains 16 device instances.
  Class: sky130_fd_pr__nfet_01v8 instances:   8
  Class: sky130_fd_pr__pfet_01v8_hvt instances:   8
Circuit contains 6 nets.

Circuit was modified by parallel/series device merging.
New circuit summary:

Contents of circuit 1:  Circuit: 'sky130_fd_sc_hd__inv_8'
Circuit sky130_fd_sc_hd__inv_8 contains 2 device instances.
  Class: sky130_fd_pr__nfet_01v8 instances:   1
  Class: sky130_fd_pr__pfet_01v8_hvt instances:   1
Circuit contains 6 nets.
Contents of circuit 2:  Circuit: 'sky130_fd_sc_hd__inv_8'
Circuit sky130_fd_sc_hd__inv_8 contains 2 device instances.
  Class: sky130_fd_pr__nfet_01v8 instances:   1
  Class: sky130_fd_pr__pfet_01v8_hvt instances:   1
Circuit contains 6 nets.

Circuit 1 contains 2 devices, Circuit 2 contains 2 devices.
Circuit 1 contains 6 nets,    Circuit 2 contains 6 nets.


Contents of circuit 1:  Circuit: 'sky130_fd_sc_hd__and3_2'
Circuit sky130_fd_sc_hd__and3_2 contains 8 device instances.
  Class: sky130_fd_pr__nfet_01v8 instances:   4
  Class: sky130_fd_pr__pfet_01v8_hvt instances:   4
Circuit contains 11 nets.
Contents of circuit 2:  Circuit: 'sky130_fd_sc_hd__and3_2'
Circuit sky130_fd_sc_hd__and3_2 contains 10 device instances.
  Class: sky130_fd_pr__nfet_01v8 instances:   5
  Class: sky130_fd_pr__pfet_01v8_hvt instances:   5
Circuit contains 11 nets.

Circuit was modified by parallel/series device merging.
New circuit summary:

Contents of circuit 1:  Circuit: 'sky130_fd_sc_hd__and3_2'
Circuit sky130_fd_sc_hd__and3_2 contains 8 device instances.
  Class: sky130_fd_pr__nfet_01v8 instances:   4
  Class: sky130_fd_pr__pfet_01v8_hvt instances:   4
Circuit contains 11 nets.
Contents of circuit 2:  Circuit: 'sky130_fd_sc_hd__and3_2'
Circuit sky130_fd_sc_hd__and3_2 contains 8 device instances.
  Class: sky130_fd_pr__nfet_01v8 instances:   4
  Class: sky130_fd_pr__pfet_01v8_hvt instances:   4
Circuit contains 11 nets.

Circuit 1 contains 8 devices, Circuit 2 contains 8 devices.
Circuit 1 contains 11 nets,    Circuit 2 contains 11 nets.


Contents of circuit 1:  Circuit: 'sky130_fd_sc_hd__o21ba_1'
Circuit sky130_fd_sc_hd__o21ba_1 contains 10 device instances.
  Class: sky130_fd_pr__nfet_01v8 instances:   5
  Class: sky130_fd_pr__pfet_01v8_hvt instances:   5
Circuit contains 12 nets.
Contents of circuit 2:  Circuit: 'sky130_fd_sc_hd__o21ba_1'
Circuit sky130_fd_sc_hd__o21ba_1 contains 10 device instances.
  Class: sky130_fd_pr__nfet_01v8 instances:   5
  Class: sky130_fd_pr__pfet_01v8_hvt instances:   5
Circuit contains 12 nets.

Circuit 1 contains 10 devices, Circuit 2 contains 10 devices.
Circuit 1 contains 12 nets,    Circuit 2 contains 12 nets.


Contents of circuit 1:  Circuit: 'sky130_fd_sc_hd__or4bb_4'
Circuit sky130_fd_sc_hd__or4bb_4 contains 14 device instances.
  Class: sky130_fd_pr__nfet_01v8 instances:   7
  Class: sky130_fd_pr__pfet_01v8_hvt instances:   7
Circuit contains 15 nets.
Contents of circuit 2:  Circuit: 'sky130_fd_sc_hd__or4bb_4'
Circuit sky130_fd_sc_hd__or4bb_4 contains 20 device instances.
  Class: sky130_fd_pr__nfet_01v8 instances:  10
  Class: sky130_fd_pr__pfet_01v8_hvt instances:  10
Circuit contains 15 nets.

Circuit was modified by parallel/series device merging.
New circuit summary:

Contents of circuit 1:  Circuit: 'sky130_fd_sc_hd__or4bb_4'
Circuit sky130_fd_sc_hd__or4bb_4 contains 14 device instances.
  Class: sky130_fd_pr__nfet_01v8 instances:   7
  Class: sky130_fd_pr__pfet_01v8_hvt instances:   7
Circuit contains 15 nets.
Contents of circuit 2:  Circuit: 'sky130_fd_sc_hd__or4bb_4'
Circuit sky130_fd_sc_hd__or4bb_4 contains 14 device instances.
  Class: sky130_fd_pr__nfet_01v8 instances:   7
  Class: sky130_fd_pr__pfet_01v8_hvt instances:   7
Circuit contains 15 nets.

Circuit 1 contains 14 devices, Circuit 2 contains 14 devices.
Circuit 1 contains 15 nets,    Circuit 2 contains 15 nets.


Contents of circuit 1:  Circuit: 'sky130_fd_sc_hd__or4_4'
Circuit sky130_fd_sc_hd__or4_4 contains 10 device instances.
  Class: sky130_fd_pr__nfet_01v8 instances:   5
  Class: sky130_fd_pr__pfet_01v8_hvt instances:   5
Circuit contains 13 nets.
Contents of circuit 2:  Circuit: 'sky130_fd_sc_hd__or4_4'
Circuit sky130_fd_sc_hd__or4_4 contains 16 device instances.
  Class: sky130_fd_pr__nfet_01v8 instances:   8
  Class: sky130_fd_pr__pfet_01v8_hvt instances:   8
Circuit contains 13 nets.

Circuit was modified by parallel/series device merging.
New circuit summary:

Contents of circuit 1:  Circuit: 'sky130_fd_sc_hd__or4_4'
Circuit sky130_fd_sc_hd__or4_4 contains 10 device instances.
  Class: sky130_fd_pr__nfet_01v8 instances:   5
  Class: sky130_fd_pr__pfet_01v8_hvt instances:   5
Circuit contains 13 nets.
Contents of circuit 2:  Circuit: 'sky130_fd_sc_hd__or4_4'
Circuit sky130_fd_sc_hd__or4_4 contains 10 device instances.
  Class: sky130_fd_pr__nfet_01v8 instances:   5
  Class: sky130_fd_pr__pfet_01v8_hvt instances:   5
Circuit contains 13 nets.

Circuit 1 contains 10 devices, Circuit 2 contains 10 devices.
Circuit 1 contains 13 nets,    Circuit 2 contains 13 nets.


Contents of circuit 1:  Circuit: 'sky130_fd_sc_hd__dfstp_1'
Circuit sky130_fd_sc_hd__dfstp_1 contains 32 device instances.
  Class: sky130_fd_pr__nfet_01v8 instances:  14
  Class: sky130_fd_pr__pfet_01v8_hvt instances:  16
  Class: sky130_fd_pr__special_nfet_01v8 instances:   2
Circuit contains 24 nets.
Contents of circuit 2:  Circuit: 'sky130_fd_sc_hd__dfstp_1'
Circuit sky130_fd_sc_hd__dfstp_1 contains 32 device instances.
  Class: sky130_fd_pr__nfet_01v8 instances:  14
  Class: sky130_fd_pr__pfet_01v8_hvt instances:  16
  Class: sky130_fd_pr__special_nfet_01v8 instances:   2
Circuit contains 24 nets.

Circuit 1 contains 32 devices, Circuit 2 contains 32 devices.
Circuit 1 contains 24 nets,    Circuit 2 contains 24 nets.


Contents of circuit 1:  Circuit: 'sky130_fd_sc_hd__clkinvlp_4'
Circuit sky130_fd_sc_hd__clkinvlp_4 contains 5 device instances.
  Class: sky130_fd_pr__nfet_01v8 instances:   4
  Class: sky130_fd_pr__pfet_01v8_hvt instances:   1
Circuit contains 8 nets.
Contents of circuit 2:  Circuit: 'sky130_fd_sc_hd__clkinvlp_4'
Circuit sky130_fd_sc_hd__clkinvlp_4 contains 8 device instances.
  Class: sky130_fd_pr__nfet_01v8 instances:   4
  Class: sky130_fd_pr__pfet_01v8_hvt instances:   4
Circuit contains 8 nets.

Circuit was modified by parallel/series device merging.
New circuit summary:

Contents of circuit 1:  Circuit: 'sky130_fd_sc_hd__clkinvlp_4'
Circuit sky130_fd_sc_hd__clkinvlp_4 contains 5 device instances.
  Class: sky130_fd_pr__nfet_01v8 instances:   4
  Class: sky130_fd_pr__pfet_01v8_hvt instances:   1
Circuit contains 8 nets.
Contents of circuit 2:  Circuit: 'sky130_fd_sc_hd__clkinvlp_4'
Circuit sky130_fd_sc_hd__clkinvlp_4 contains 5 device instances.
  Class: sky130_fd_pr__nfet_01v8 instances:   4
  Class: sky130_fd_pr__pfet_01v8_hvt instances:   1
Circuit contains 8 nets.

Circuit 1 contains 5 devices, Circuit 2 contains 5 devices.
Circuit 1 contains 8 nets,    Circuit 2 contains 8 nets.


Contents of circuit 1:  Circuit: 'sky130_fd_sc_hd__or3b_4'
Circuit sky130_fd_sc_hd__or3b_4 contains 10 device instances.
  Class: sky130_fd_pr__nfet_01v8 instances:   5
  Class: sky130_fd_pr__pfet_01v8_hvt instances:   5
Circuit contains 12 nets.
Contents of circuit 2:  Circuit: 'sky130_fd_sc_hd__or3b_4'
Circuit sky130_fd_sc_hd__or3b_4 contains 16 device instances.
  Class: sky130_fd_pr__nfet_01v8 instances:   8
  Class: sky130_fd_pr__pfet_01v8_hvt instances:   8
Circuit contains 12 nets.

Circuit was modified by parallel/series device merging.
New circuit summary:

Contents of circuit 1:  Circuit: 'sky130_fd_sc_hd__or3b_4'
Circuit sky130_fd_sc_hd__or3b_4 contains 10 device instances.
  Class: sky130_fd_pr__nfet_01v8 instances:   5
  Class: sky130_fd_pr__pfet_01v8_hvt instances:   5
Circuit contains 12 nets.
Contents of circuit 2:  Circuit: 'sky130_fd_sc_hd__or3b_4'
Circuit sky130_fd_sc_hd__or3b_4 contains 10 device instances.
  Class: sky130_fd_pr__nfet_01v8 instances:   5
  Class: sky130_fd_pr__pfet_01v8_hvt instances:   5
Circuit contains 12 nets.

Circuit 1 contains 10 devices, Circuit 2 contains 10 devices.
Circuit 1 contains 12 nets,    Circuit 2 contains 12 nets.


Contents of circuit 1:  Circuit: 'sky130_fd_sc_hd__and2b_1'
Circuit sky130_fd_sc_hd__and2b_1 contains 8 device instances.
  Class: sky130_fd_pr__nfet_01v8 instances:   4
  Class: sky130_fd_pr__pfet_01v8_hvt instances:   4
Circuit contains 10 nets.
Contents of circuit 2:  Circuit: 'sky130_fd_sc_hd__and2b_1'
Circuit sky130_fd_sc_hd__and2b_1 contains 8 device instances.
  Class: sky130_fd_pr__nfet_01v8 instances:   4
  Class: sky130_fd_pr__pfet_01v8_hvt instances:   4
Circuit contains 10 nets.

Circuit 1 contains 8 devices, Circuit 2 contains 8 devices.
Circuit 1 contains 10 nets,    Circuit 2 contains 10 nets.


Contents of circuit 1:  Circuit: 'sky130_fd_sc_hd__a2111o_2'
Circuit sky130_fd_sc_hd__a2111o_2 contains 12 device instances.
  Class: sky130_fd_pr__nfet_01v8 instances:   6
  Class: sky130_fd_pr__pfet_01v8_hvt instances:   6
Circuit contains 15 nets.
Contents of circuit 2:  Circuit: 'sky130_fd_sc_hd__a2111o_2'
Circuit sky130_fd_sc_hd__a2111o_2 contains 14 device instances.
  Class: sky130_fd_pr__nfet_01v8 instances:   7
  Class: sky130_fd_pr__pfet_01v8_hvt instances:   7
Circuit contains 15 nets.

Circuit was modified by parallel/series device merging.
New circuit summary:

Contents of circuit 1:  Circuit: 'sky130_fd_sc_hd__a2111o_2'
Circuit sky130_fd_sc_hd__a2111o_2 contains 12 device instances.
  Class: sky130_fd_pr__nfet_01v8 instances:   6
  Class: sky130_fd_pr__pfet_01v8_hvt instances:   6
Circuit contains 15 nets.
Contents of circuit 2:  Circuit: 'sky130_fd_sc_hd__a2111o_2'
Circuit sky130_fd_sc_hd__a2111o_2 contains 12 device instances.
  Class: sky130_fd_pr__nfet_01v8 instances:   6
  Class: sky130_fd_pr__pfet_01v8_hvt instances:   6
Circuit contains 15 nets.

Circuit 1 contains 12 devices, Circuit 2 contains 12 devices.
Circuit 1 contains 15 nets,    Circuit 2 contains 15 nets.


Contents of circuit 1:  Circuit: 'sky130_fd_sc_hd__a21bo_1'
Circuit sky130_fd_sc_hd__a21bo_1 contains 10 device instances.
  Class: sky130_fd_pr__nfet_01v8 instances:   5
  Class: sky130_fd_pr__pfet_01v8_hvt instances:   5
Circuit contains 12 nets.
Contents of circuit 2:  Circuit: 'sky130_fd_sc_hd__a21bo_1'
Circuit sky130_fd_sc_hd__a21bo_1 contains 10 device instances.
  Class: sky130_fd_pr__nfet_01v8 instances:   5
  Class: sky130_fd_pr__pfet_01v8_hvt instances:   5
Circuit contains 12 nets.

Circuit 1 contains 10 devices, Circuit 2 contains 10 devices.
Circuit 1 contains 12 nets,    Circuit 2 contains 12 nets.


Contents of circuit 1:  Circuit: 'sky130_fd_sc_hd__o31a_1'
Circuit sky130_fd_sc_hd__o31a_1 contains 10 device instances.
  Class: sky130_fd_pr__nfet_01v8 instances:   5
  Class: sky130_fd_pr__pfet_01v8_hvt instances:   5
Circuit contains 13 nets.
Contents of circuit 2:  Circuit: 'sky130_fd_sc_hd__o31a_1'
Circuit sky130_fd_sc_hd__o31a_1 contains 10 device instances.
  Class: sky130_fd_pr__nfet_01v8 instances:   5
  Class: sky130_fd_pr__pfet_01v8_hvt instances:   5
Circuit contains 13 nets.

Circuit 1 contains 10 devices, Circuit 2 contains 10 devices.
Circuit 1 contains 13 nets,    Circuit 2 contains 13 nets.


Contents of circuit 1:  Circuit: 'sky130_fd_sc_hd__or3_1'
Circuit sky130_fd_sc_hd__or3_1 contains 8 device instances.
  Class: sky130_fd_pr__nfet_01v8 instances:   4
  Class: sky130_fd_pr__pfet_01v8_hvt instances:   4
Circuit contains 11 nets.
Contents of circuit 2:  Circuit: 'sky130_fd_sc_hd__or3_1'
Circuit sky130_fd_sc_hd__or3_1 contains 8 device instances.
  Class: sky130_fd_pr__nfet_01v8 instances:   4
  Class: sky130_fd_pr__pfet_01v8_hvt instances:   4
Circuit contains 11 nets.

Circuit 1 contains 8 devices, Circuit 2 contains 8 devices.
Circuit 1 contains 11 nets,    Circuit 2 contains 11 nets.


Contents of circuit 1:  Circuit: 'sky130_fd_sc_hd__inv_4'
Circuit sky130_fd_sc_hd__inv_4 contains 2 device instances.
  Class: sky130_fd_pr__nfet_01v8 instances:   1
  Class: sky130_fd_pr__pfet_01v8_hvt instances:   1
Circuit contains 6 nets.
Contents of circuit 2:  Circuit: 'sky130_fd_sc_hd__inv_4'
Circuit sky130_fd_sc_hd__inv_4 contains 8 device instances.
  Class: sky130_fd_pr__nfet_01v8 instances:   4
  Class: sky130_fd_pr__pfet_01v8_hvt instances:   4
Circuit contains 6 nets.

Circuit was modified by parallel/series device merging.
New circuit summary:

Contents of circuit 1:  Circuit: 'sky130_fd_sc_hd__inv_4'
Circuit sky130_fd_sc_hd__inv_4 contains 2 device instances.
  Class: sky130_fd_pr__nfet_01v8 instances:   1
  Class: sky130_fd_pr__pfet_01v8_hvt instances:   1
Circuit contains 6 nets.
Contents of circuit 2:  Circuit: 'sky130_fd_sc_hd__inv_4'
Circuit sky130_fd_sc_hd__inv_4 contains 2 device instances.
  Class: sky130_fd_pr__nfet_01v8 instances:   1
  Class: sky130_fd_pr__pfet_01v8_hvt instances:   1
Circuit contains 6 nets.

Circuit 1 contains 2 devices, Circuit 2 contains 2 devices.
Circuit 1 contains 6 nets,    Circuit 2 contains 6 nets.


Contents of circuit 1:  Circuit: 'sky130_fd_sc_hd__o21ai_1'
Circuit sky130_fd_sc_hd__o21ai_1 contains 6 device instances.
  Class: sky130_fd_pr__nfet_01v8 instances:   3
  Class: sky130_fd_pr__pfet_01v8_hvt instances:   3
Circuit contains 10 nets.
Contents of circuit 2:  Circuit: 'sky130_fd_sc_hd__o21ai_1'
Circuit sky130_fd_sc_hd__o21ai_1 contains 6 device instances.
  Class: sky130_fd_pr__nfet_01v8 instances:   3
  Class: sky130_fd_pr__pfet_01v8_hvt instances:   3
Circuit contains 10 nets.

Circuit 1 contains 6 devices, Circuit 2 contains 6 devices.
Circuit 1 contains 10 nets,    Circuit 2 contains 10 nets.


Contents of circuit 1:  Circuit: 'sky130_fd_sc_hd__nor2_2'
Circuit sky130_fd_sc_hd__nor2_2 contains 4 device instances.
  Class: sky130_fd_pr__nfet_01v8 instances:   2
  Class: sky130_fd_pr__pfet_01v8_hvt instances:   2
Circuit contains 8 nets.
Contents of circuit 2:  Circuit: 'sky130_fd_sc_hd__nor2_2'
Circuit sky130_fd_sc_hd__nor2_2 contains 8 device instances.
  Class: sky130_fd_pr__nfet_01v8 instances:   4
  Class: sky130_fd_pr__pfet_01v8_hvt instances:   4
Circuit contains 8 nets.

Circuit was modified by parallel/series device merging.
New circuit summary:

Contents of circuit 1:  Circuit: 'sky130_fd_sc_hd__nor2_2'
Circuit sky130_fd_sc_hd__nor2_2 contains 4 device instances.
  Class: sky130_fd_pr__nfet_01v8 instances:   2
  Class: sky130_fd_pr__pfet_01v8_hvt instances:   2
Circuit contains 8 nets.
Contents of circuit 2:  Circuit: 'sky130_fd_sc_hd__nor2_2'
Circuit sky130_fd_sc_hd__nor2_2 contains 4 device instances.
  Class: sky130_fd_pr__nfet_01v8 instances:   2
  Class: sky130_fd_pr__pfet_01v8_hvt instances:   2
Circuit contains 8 nets.

Circuit 1 contains 4 devices, Circuit 2 contains 4 devices.
Circuit 1 contains 8 nets,    Circuit 2 contains 8 nets.


Contents of circuit 1:  Circuit: 'sky130_fd_sc_hd__o2bb2a_2'
Circuit sky130_fd_sc_hd__o2bb2a_2 contains 12 device instances.
  Class: sky130_fd_pr__nfet_01v8 instances:   6
  Class: sky130_fd_pr__pfet_01v8_hvt instances:   6
Circuit contains 14 nets.
Contents of circuit 2:  Circuit: 'sky130_fd_sc_hd__o2bb2a_2'
Circuit sky130_fd_sc_hd__o2bb2a_2 contains 14 device instances.
  Class: sky130_fd_pr__nfet_01v8 instances:   7
  Class: sky130_fd_pr__pfet_01v8_hvt instances:   7
Circuit contains 14 nets.

Circuit was modified by parallel/series device merging.
New circuit summary:

Contents of circuit 1:  Circuit: 'sky130_fd_sc_hd__o2bb2a_2'
Circuit sky130_fd_sc_hd__o2bb2a_2 contains 12 device instances.
  Class: sky130_fd_pr__nfet_01v8 instances:   6
  Class: sky130_fd_pr__pfet_01v8_hvt instances:   6
Circuit contains 14 nets.
Contents of circuit 2:  Circuit: 'sky130_fd_sc_hd__o2bb2a_2'
Circuit sky130_fd_sc_hd__o2bb2a_2 contains 12 device instances.
  Class: sky130_fd_pr__nfet_01v8 instances:   6
  Class: sky130_fd_pr__pfet_01v8_hvt instances:   6
Circuit contains 14 nets.

Circuit 1 contains 12 devices, Circuit 2 contains 12 devices.
Circuit 1 contains 14 nets,    Circuit 2 contains 14 nets.


Contents of circuit 1:  Circuit: 'sky130_fd_sc_hd__a21bo_2'
Circuit sky130_fd_sc_hd__a21bo_2 contains 10 device instances.
  Class: sky130_fd_pr__nfet_01v8 instances:   5
  Class: sky130_fd_pr__pfet_01v8_hvt instances:   5
Circuit contains 12 nets.
Contents of circuit 2:  Circuit: 'sky130_fd_sc_hd__a21bo_2'
Circuit sky130_fd_sc_hd__a21bo_2 contains 12 device instances.
  Class: sky130_fd_pr__nfet_01v8 instances:   6
  Class: sky130_fd_pr__pfet_01v8_hvt instances:   6
Circuit contains 12 nets.

Circuit was modified by parallel/series device merging.
New circuit summary:

Contents of circuit 1:  Circuit: 'sky130_fd_sc_hd__a21bo_2'
Circuit sky130_fd_sc_hd__a21bo_2 contains 10 device instances.
  Class: sky130_fd_pr__nfet_01v8 instances:   5
  Class: sky130_fd_pr__pfet_01v8_hvt instances:   5
Circuit contains 12 nets.
Contents of circuit 2:  Circuit: 'sky130_fd_sc_hd__a21bo_2'
Circuit sky130_fd_sc_hd__a21bo_2 contains 10 device instances.
  Class: sky130_fd_pr__nfet_01v8 instances:   5
  Class: sky130_fd_pr__pfet_01v8_hvt instances:   5
Circuit contains 12 nets.

Circuit 1 contains 10 devices, Circuit 2 contains 10 devices.
Circuit 1 contains 12 nets,    Circuit 2 contains 12 nets.


Contents of circuit 1:  Circuit: 'sky130_fd_sc_hd__a21boi_2'
Circuit sky130_fd_sc_hd__a21boi_2 contains 10 device instances.
  Class: sky130_fd_pr__nfet_01v8 instances:   6
  Class: sky130_fd_pr__pfet_01v8_hvt instances:   4
Circuit contains 12 nets.
Contents of circuit 2:  Circuit: 'sky130_fd_sc_hd__a21boi_2'
Circuit sky130_fd_sc_hd__a21boi_2 contains 14 device instances.
  Class: sky130_fd_pr__nfet_01v8 instances:   7
  Class: sky130_fd_pr__pfet_01v8_hvt instances:   7
Circuit contains 12 nets.

Circuit was modified by parallel/series device merging.
New circuit summary:

Contents of circuit 1:  Circuit: 'sky130_fd_sc_hd__a21boi_2'
Circuit sky130_fd_sc_hd__a21boi_2 contains 10 device instances.
  Class: sky130_fd_pr__nfet_01v8 instances:   6
  Class: sky130_fd_pr__pfet_01v8_hvt instances:   4
Circuit contains 12 nets.
Contents of circuit 2:  Circuit: 'sky130_fd_sc_hd__a21boi_2'
Circuit sky130_fd_sc_hd__a21boi_2 contains 10 device instances.
  Class: sky130_fd_pr__nfet_01v8 instances:   6
  Class: sky130_fd_pr__pfet_01v8_hvt instances:   4
Circuit contains 12 nets.

Circuit 1 contains 10 devices, Circuit 2 contains 10 devices.
Circuit 1 contains 12 nets,    Circuit 2 contains 12 nets.


Contents of circuit 1:  Circuit: 'sky130_fd_sc_hd__a21oi_1'
Circuit sky130_fd_sc_hd__a21oi_1 contains 6 device instances.
  Class: sky130_fd_pr__nfet_01v8 instances:   3
  Class: sky130_fd_pr__pfet_01v8_hvt instances:   3
Circuit contains 10 nets.
Contents of circuit 2:  Circuit: 'sky130_fd_sc_hd__a21oi_1'
Circuit sky130_fd_sc_hd__a21oi_1 contains 6 device instances.
  Class: sky130_fd_pr__nfet_01v8 instances:   3
  Class: sky130_fd_pr__pfet_01v8_hvt instances:   3
Circuit contains 10 nets.

Circuit 1 contains 6 devices, Circuit 2 contains 6 devices.
Circuit 1 contains 10 nets,    Circuit 2 contains 10 nets.


Contents of circuit 1:  Circuit: 'sky130_fd_sc_hd__inv_12'
Circuit sky130_fd_sc_hd__inv_12 contains 2 device instances.
  Class: sky130_fd_pr__nfet_01v8 instances:   1
  Class: sky130_fd_pr__pfet_01v8_hvt instances:   1
Circuit contains 6 nets.
Contents of circuit 2:  Circuit: 'sky130_fd_sc_hd__inv_12'
Circuit sky130_fd_sc_hd__inv_12 contains 24 device instances.
  Class: sky130_fd_pr__nfet_01v8 instances:  12
  Class: sky130_fd_pr__pfet_01v8_hvt instances:  12
Circuit contains 6 nets.

Circuit was modified by parallel/series device merging.
New circuit summary:

Contents of circuit 1:  Circuit: 'sky130_fd_sc_hd__inv_12'
Circuit sky130_fd_sc_hd__inv_12 contains 2 device instances.
  Class: sky130_fd_pr__nfet_01v8 instances:   1
  Class: sky130_fd_pr__pfet_01v8_hvt instances:   1
Circuit contains 6 nets.
Contents of circuit 2:  Circuit: 'sky130_fd_sc_hd__inv_12'
Circuit sky130_fd_sc_hd__inv_12 contains 2 device instances.
  Class: sky130_fd_pr__nfet_01v8 instances:   1
  Class: sky130_fd_pr__pfet_01v8_hvt instances:   1
Circuit contains 6 nets.

Circuit 1 contains 2 devices, Circuit 2 contains 2 devices.
Circuit 1 contains 6 nets,    Circuit 2 contains 6 nets.


Contents of circuit 1:  Circuit: 'sky130_fd_sc_hd__xor2_2'
Circuit sky130_fd_sc_hd__xor2_2 contains 10 device instances.
  Class: sky130_fd_pr__nfet_01v8 instances:   5
  Class: sky130_fd_pr__pfet_01v8_hvt instances:   5
Circuit contains 11 nets.
Contents of circuit 2:  Circuit: 'sky130_fd_sc_hd__xor2_2'
Circuit sky130_fd_sc_hd__xor2_2 contains 20 device instances.
  Class: sky130_fd_pr__nfet_01v8 instances:  10
  Class: sky130_fd_pr__pfet_01v8_hvt instances:  10
Circuit contains 11 nets.

Circuit was modified by parallel/series device merging.
New circuit summary:

Contents of circuit 1:  Circuit: 'sky130_fd_sc_hd__xor2_2'
Circuit sky130_fd_sc_hd__xor2_2 contains 10 device instances.
  Class: sky130_fd_pr__nfet_01v8 instances:   5
  Class: sky130_fd_pr__pfet_01v8_hvt instances:   5
Circuit contains 11 nets.
Contents of circuit 2:  Circuit: 'sky130_fd_sc_hd__xor2_2'
Circuit sky130_fd_sc_hd__xor2_2 contains 10 device instances.
  Class: sky130_fd_pr__nfet_01v8 instances:   5
  Class: sky130_fd_pr__pfet_01v8_hvt instances:   5
Circuit contains 11 nets.

Circuit 1 contains 10 devices, Circuit 2 contains 10 devices.
Circuit 1 contains 11 nets,    Circuit 2 contains 11 nets.


Contents of circuit 1:  Circuit: 'sky130_fd_sc_hd__nor3_1'
Circuit sky130_fd_sc_hd__nor3_1 contains 6 device instances.
  Class: sky130_fd_pr__nfet_01v8 instances:   3
  Class: sky130_fd_pr__pfet_01v8_hvt instances:   3
Circuit contains 10 nets.
Contents of circuit 2:  Circuit: 'sky130_fd_sc_hd__nor3_1'
Circuit sky130_fd_sc_hd__nor3_1 contains 6 device instances.
  Class: sky130_fd_pr__nfet_01v8 instances:   3
  Class: sky130_fd_pr__pfet_01v8_hvt instances:   3
Circuit contains 10 nets.

Circuit 1 contains 6 devices, Circuit 2 contains 6 devices.
Circuit 1 contains 10 nets,    Circuit 2 contains 10 nets.


Contents of circuit 1:  Circuit: 'sky130_fd_sc_hd__a21boi_1'
Circuit sky130_fd_sc_hd__a21boi_1 contains 8 device instances.
  Class: sky130_fd_pr__nfet_01v8 instances:   4
  Class: sky130_fd_pr__pfet_01v8_hvt instances:   4
Circuit contains 11 nets.
Contents of circuit 2:  Circuit: 'sky130_fd_sc_hd__a21boi_1'
Circuit sky130_fd_sc_hd__a21boi_1 contains 8 device instances.
  Class: sky130_fd_pr__nfet_01v8 instances:   4
  Class: sky130_fd_pr__pfet_01v8_hvt instances:   4
Circuit contains 11 nets.

Circuit 1 contains 8 devices, Circuit 2 contains 8 devices.
Circuit 1 contains 11 nets,    Circuit 2 contains 11 nets.


Contents of circuit 1:  Circuit: 'sky130_fd_sc_hd__a31o_1'
Circuit sky130_fd_sc_hd__a31o_1 contains 10 device instances.
  Class: sky130_fd_pr__nfet_01v8 instances:   5
  Class: sky130_fd_pr__pfet_01v8_hvt instances:   5
Circuit contains 13 nets.
Contents of circuit 2:  Circuit: 'sky130_fd_sc_hd__a31o_1'
Circuit sky130_fd_sc_hd__a31o_1 contains 10 device instances.
  Class: sky130_fd_pr__nfet_01v8 instances:   5
  Class: sky130_fd_pr__pfet_01v8_hvt instances:   5
Circuit contains 13 nets.

Circuit 1 contains 10 devices, Circuit 2 contains 10 devices.
Circuit 1 contains 13 nets,    Circuit 2 contains 13 nets.


Contents of circuit 1:  Circuit: 'sky130_fd_sc_hd__o31ai_1'
Circuit sky130_fd_sc_hd__o31ai_1 contains 8 device instances.
  Class: sky130_fd_pr__nfet_01v8 instances:   4
  Class: sky130_fd_pr__pfet_01v8_hvt instances:   4
Circuit contains 12 nets.
Contents of circuit 2:  Circuit: 'sky130_fd_sc_hd__o31ai_1'
Circuit sky130_fd_sc_hd__o31ai_1 contains 8 device instances.
  Class: sky130_fd_pr__nfet_01v8 instances:   4
  Class: sky130_fd_pr__pfet_01v8_hvt instances:   4
Circuit contains 12 nets.

Circuit 1 contains 8 devices, Circuit 2 contains 8 devices.
Circuit 1 contains 12 nets,    Circuit 2 contains 12 nets.


Contents of circuit 1:  Circuit: 'sky130_fd_sc_hd__o21ai_2'
Circuit sky130_fd_sc_hd__o21ai_2 contains 6 device instances.
  Class: sky130_fd_pr__nfet_01v8 instances:   3
  Class: sky130_fd_pr__pfet_01v8_hvt instances:   3
Circuit contains 10 nets.
Contents of circuit 2:  Circuit: 'sky130_fd_sc_hd__o21ai_2'
Circuit sky130_fd_sc_hd__o21ai_2 contains 12 device instances.
  Class: sky130_fd_pr__nfet_01v8 instances:   6
  Class: sky130_fd_pr__pfet_01v8_hvt instances:   6
Circuit contains 10 nets.

Circuit was modified by parallel/series device merging.
New circuit summary:

Contents of circuit 1:  Circuit: 'sky130_fd_sc_hd__o21ai_2'
Circuit sky130_fd_sc_hd__o21ai_2 contains 6 device instances.
  Class: sky130_fd_pr__nfet_01v8 instances:   3
  Class: sky130_fd_pr__pfet_01v8_hvt instances:   3
Circuit contains 10 nets.
Contents of circuit 2:  Circuit: 'sky130_fd_sc_hd__o21ai_2'
Circuit sky130_fd_sc_hd__o21ai_2 contains 6 device instances.
  Class: sky130_fd_pr__nfet_01v8 instances:   3
  Class: sky130_fd_pr__pfet_01v8_hvt instances:   3
Circuit contains 10 nets.

Circuit 1 contains 6 devices, Circuit 2 contains 6 devices.
Circuit 1 contains 10 nets,    Circuit 2 contains 10 nets.


Contents of circuit 1:  Circuit: 'sky130_fd_sc_hd__o221a_1'
Circuit sky130_fd_sc_hd__o221a_1 contains 12 device instances.
  Class: sky130_fd_pr__nfet_01v8 instances:   6
  Class: sky130_fd_pr__pfet_01v8_hvt instances:   6
Circuit contains 15 nets.
Contents of circuit 2:  Circuit: 'sky130_fd_sc_hd__o221a_1'
Circuit sky130_fd_sc_hd__o221a_1 contains 12 device instances.
  Class: sky130_fd_pr__nfet_01v8 instances:   6
  Class: sky130_fd_pr__pfet_01v8_hvt instances:   6
Circuit contains 15 nets.

Circuit 1 contains 12 devices, Circuit 2 contains 12 devices.
Circuit 1 contains 15 nets,    Circuit 2 contains 15 nets.


Contents of circuit 1:  Circuit: 'sky130_fd_sc_hd__clkbuf_1'
Circuit sky130_fd_sc_hd__clkbuf_1 contains 4 device instances.
  Class: sky130_fd_pr__nfet_01v8 instances:   2
  Class: sky130_fd_pr__pfet_01v8_hvt instances:   2
Circuit contains 7 nets.
Contents of circuit 2:  Circuit: 'sky130_fd_sc_hd__clkbuf_1'
Circuit sky130_fd_sc_hd__clkbuf_1 contains 4 device instances.
  Class: sky130_fd_pr__nfet_01v8 instances:   2
  Class: sky130_fd_pr__pfet_01v8_hvt instances:   2
Circuit contains 7 nets.

Circuit 1 contains 4 devices, Circuit 2 contains 4 devices.
Circuit 1 contains 7 nets,    Circuit 2 contains 7 nets.


Contents of circuit 1:  Circuit: 'sky130_fd_sc_hd__and4bb_2'
Circuit sky130_fd_sc_hd__and4bb_2 contains 14 device instances.
  Class: sky130_fd_pr__nfet_01v8 instances:   7
  Class: sky130_fd_pr__pfet_01v8_hvt instances:   7
Circuit contains 15 nets.
Contents of circuit 2:  Circuit: 'sky130_fd_sc_hd__and4bb_2'
Circuit sky130_fd_sc_hd__and4bb_2 contains 16 device instances.
  Class: sky130_fd_pr__nfet_01v8 instances:   8
  Class: sky130_fd_pr__pfet_01v8_hvt instances:   8
Circuit contains 15 nets.

Circuit was modified by parallel/series device merging.
New circuit summary:

Contents of circuit 1:  Circuit: 'sky130_fd_sc_hd__and4bb_2'
Circuit sky130_fd_sc_hd__and4bb_2 contains 14 device instances.
  Class: sky130_fd_pr__nfet_01v8 instances:   7
  Class: sky130_fd_pr__pfet_01v8_hvt instances:   7
Circuit contains 15 nets.
Contents of circuit 2:  Circuit: 'sky130_fd_sc_hd__and4bb_2'
Circuit sky130_fd_sc_hd__and4bb_2 contains 14 device instances.
  Class: sky130_fd_pr__nfet_01v8 instances:   7
  Class: sky130_fd_pr__pfet_01v8_hvt instances:   7
Circuit contains 15 nets.

Circuit 1 contains 14 devices, Circuit 2 contains 14 devices.
Circuit 1 contains 15 nets,    Circuit 2 contains 15 nets.


Contents of circuit 1:  Circuit: 'sky130_fd_sc_hd__dfrtp_2'
Circuit sky130_fd_sc_hd__dfrtp_2 contains 28 device instances.
  Class: sky130_fd_pr__nfet_01v8 instances:  10
  Class: sky130_fd_pr__pfet_01v8_hvt instances:  14
  Class: sky130_fd_pr__special_nfet_01v8 instances:   4
Circuit contains 21 nets.
Contents of circuit 2:  Circuit: 'sky130_fd_sc_hd__dfrtp_2'
Circuit sky130_fd_sc_hd__dfrtp_2 contains 30 device instances.
  Class: sky130_fd_pr__nfet_01v8 instances:  11
  Class: sky130_fd_pr__pfet_01v8_hvt instances:  15
  Class: sky130_fd_pr__special_nfet_01v8 instances:   4
Circuit contains 21 nets.

Circuit was modified by parallel/series device merging.
New circuit summary:

Contents of circuit 1:  Circuit: 'sky130_fd_sc_hd__dfrtp_2'
Circuit sky130_fd_sc_hd__dfrtp_2 contains 28 device instances.
  Class: sky130_fd_pr__nfet_01v8 instances:  10
  Class: sky130_fd_pr__pfet_01v8_hvt instances:  14
  Class: sky130_fd_pr__special_nfet_01v8 instances:   4
Circuit contains 21 nets.
Contents of circuit 2:  Circuit: 'sky130_fd_sc_hd__dfrtp_2'
Circuit sky130_fd_sc_hd__dfrtp_2 contains 28 device instances.
  Class: sky130_fd_pr__nfet_01v8 instances:  10
  Class: sky130_fd_pr__pfet_01v8_hvt instances:  14
  Class: sky130_fd_pr__special_nfet_01v8 instances:   4
Circuit contains 21 nets.

Circuit 1 contains 28 devices, Circuit 2 contains 28 devices.
Circuit 1 contains 21 nets,    Circuit 2 contains 21 nets.


Contents of circuit 1:  Circuit: 'sky130_fd_sc_hd__and4bb_1'
Circuit sky130_fd_sc_hd__and4bb_1 contains 14 device instances.
  Class: sky130_fd_pr__nfet_01v8 instances:   7
  Class: sky130_fd_pr__pfet_01v8_hvt instances:   7
Circuit contains 15 nets.
Contents of circuit 2:  Circuit: 'sky130_fd_sc_hd__and4bb_1'
Circuit sky130_fd_sc_hd__and4bb_1 contains 14 device instances.
  Class: sky130_fd_pr__nfet_01v8 instances:   7
  Class: sky130_fd_pr__pfet_01v8_hvt instances:   7
Circuit contains 15 nets.

Circuit 1 contains 14 devices, Circuit 2 contains 14 devices.
Circuit 1 contains 15 nets,    Circuit 2 contains 15 nets.


Contents of circuit 1:  Circuit: 'sky130_fd_sc_hd__or3b_1'
Circuit sky130_fd_sc_hd__or3b_1 contains 10 device instances.
  Class: sky130_fd_pr__nfet_01v8 instances:   5
  Class: sky130_fd_pr__pfet_01v8_hvt instances:   5
Circuit contains 12 nets.
Contents of circuit 2:  Circuit: 'sky130_fd_sc_hd__or3b_1'
Circuit sky130_fd_sc_hd__or3b_1 contains 10 device instances.
  Class: sky130_fd_pr__nfet_01v8 instances:   5
  Class: sky130_fd_pr__pfet_01v8_hvt instances:   5
Circuit contains 12 nets.

Circuit 1 contains 10 devices, Circuit 2 contains 10 devices.
Circuit 1 contains 12 nets,    Circuit 2 contains 12 nets.


Contents of circuit 1:  Circuit: 'sky130_fd_sc_hd__a21oi_2'
Circuit sky130_fd_sc_hd__a21oi_2 contains 8 device instances.
  Class: sky130_fd_pr__nfet_01v8 instances:   5
  Class: sky130_fd_pr__pfet_01v8_hvt instances:   3
Circuit contains 11 nets.
Contents of circuit 2:  Circuit: 'sky130_fd_sc_hd__a21oi_2'
Circuit sky130_fd_sc_hd__a21oi_2 contains 12 device instances.
  Class: sky130_fd_pr__nfet_01v8 instances:   6
  Class: sky130_fd_pr__pfet_01v8_hvt instances:   6
Circuit contains 11 nets.

Circuit was modified by parallel/series device merging.
New circuit summary:

Contents of circuit 1:  Circuit: 'sky130_fd_sc_hd__a21oi_2'
Circuit sky130_fd_sc_hd__a21oi_2 contains 8 device instances.
  Class: sky130_fd_pr__nfet_01v8 instances:   5
  Class: sky130_fd_pr__pfet_01v8_hvt instances:   3
Circuit contains 11 nets.
Contents of circuit 2:  Circuit: 'sky130_fd_sc_hd__a21oi_2'
Circuit sky130_fd_sc_hd__a21oi_2 contains 8 device instances.
  Class: sky130_fd_pr__nfet_01v8 instances:   5
  Class: sky130_fd_pr__pfet_01v8_hvt instances:   3
Circuit contains 11 nets.

Circuit 1 contains 8 devices, Circuit 2 contains 8 devices.
Circuit 1 contains 11 nets,    Circuit 2 contains 11 nets.


Contents of circuit 1:  Circuit: 'sky130_fd_sc_hd__and4bb_4'
Circuit sky130_fd_sc_hd__and4bb_4 contains 14 device instances.
  Class: sky130_fd_pr__nfet_01v8 instances:   7
  Class: sky130_fd_pr__pfet_01v8_hvt instances:   7
Circuit contains 15 nets.
Contents of circuit 2:  Circuit: 'sky130_fd_sc_hd__and4bb_4'
Circuit sky130_fd_sc_hd__and4bb_4 contains 20 device instances.
  Class: sky130_fd_pr__nfet_01v8 instances:  10
  Class: sky130_fd_pr__pfet_01v8_hvt instances:  10
Circuit contains 15 nets.

Circuit was modified by parallel/series device merging.
New circuit summary:

Contents of circuit 1:  Circuit: 'sky130_fd_sc_hd__and4bb_4'
Circuit sky130_fd_sc_hd__and4bb_4 contains 14 device instances.
  Class: sky130_fd_pr__nfet_01v8 instances:   7
  Class: sky130_fd_pr__pfet_01v8_hvt instances:   7
Circuit contains 15 nets.
Contents of circuit 2:  Circuit: 'sky130_fd_sc_hd__and4bb_4'
Circuit sky130_fd_sc_hd__and4bb_4 contains 14 device instances.
  Class: sky130_fd_pr__nfet_01v8 instances:   7
  Class: sky130_fd_pr__pfet_01v8_hvt instances:   7
Circuit contains 15 nets.

Circuit 1 contains 14 devices, Circuit 2 contains 14 devices.
Circuit 1 contains 15 nets,    Circuit 2 contains 15 nets.


Contents of circuit 1:  Circuit: 'sky130_fd_sc_hd__and3b_1'
Circuit sky130_fd_sc_hd__and3b_1 contains 10 device instances.
  Class: sky130_fd_pr__nfet_01v8 instances:   5
  Class: sky130_fd_pr__pfet_01v8_hvt instances:   5
Circuit contains 12 nets.
Contents of circuit 2:  Circuit: 'sky130_fd_sc_hd__and3b_1'
Circuit sky130_fd_sc_hd__and3b_1 contains 10 device instances.
  Class: sky130_fd_pr__nfet_01v8 instances:   5
  Class: sky130_fd_pr__pfet_01v8_hvt instances:   5
Circuit contains 12 nets.

Circuit 1 contains 10 devices, Circuit 2 contains 10 devices.
Circuit 1 contains 12 nets,    Circuit 2 contains 12 nets.


Contents of circuit 1:  Circuit: 'sky130_fd_sc_hd__dfxtp_1'
Circuit sky130_fd_sc_hd__dfxtp_1 contains 24 device instances.
  Class: sky130_fd_pr__nfet_01v8 instances:   8
  Class: sky130_fd_pr__pfet_01v8_hvt instances:  12
  Class: sky130_fd_pr__special_nfet_01v8 instances:   4
Circuit contains 18 nets.
Contents of circuit 2:  Circuit: 'sky130_fd_sc_hd__dfxtp_1'
Circuit sky130_fd_sc_hd__dfxtp_1 contains 24 device instances.
  Class: sky130_fd_pr__nfet_01v8 instances:   8
  Class: sky130_fd_pr__pfet_01v8_hvt instances:  12
  Class: sky130_fd_pr__special_nfet_01v8 instances:   4
Circuit contains 18 nets.

Circuit 1 contains 24 devices, Circuit 2 contains 24 devices.
Circuit 1 contains 18 nets,    Circuit 2 contains 18 nets.


Contents of circuit 1:  Circuit: 'sky130_fd_sc_hd__dfrtp_4'
Circuit sky130_fd_sc_hd__dfrtp_4 contains 28 device instances.
  Class: sky130_fd_pr__nfet_01v8 instances:  10
  Class: sky130_fd_pr__pfet_01v8_hvt instances:  14
  Class: sky130_fd_pr__special_nfet_01v8 instances:   4
Circuit contains 21 nets.
Contents of circuit 2:  Circuit: 'sky130_fd_sc_hd__dfrtp_4'
Circuit sky130_fd_sc_hd__dfrtp_4 contains 34 device instances.
  Class: sky130_fd_pr__nfet_01v8 instances:  13
  Class: sky130_fd_pr__pfet_01v8_hvt instances:  17
  Class: sky130_fd_pr__special_nfet_01v8 instances:   4
Circuit contains 21 nets.

Circuit was modified by parallel/series device merging.
New circuit summary:

Contents of circuit 1:  Circuit: 'sky130_fd_sc_hd__dfrtp_4'
Circuit sky130_fd_sc_hd__dfrtp_4 contains 28 device instances.
  Class: sky130_fd_pr__nfet_01v8 instances:  10
  Class: sky130_fd_pr__pfet_01v8_hvt instances:  14
  Class: sky130_fd_pr__special_nfet_01v8 instances:   4
Circuit contains 21 nets.
Contents of circuit 2:  Circuit: 'sky130_fd_sc_hd__dfrtp_4'
Circuit sky130_fd_sc_hd__dfrtp_4 contains 28 device instances.
  Class: sky130_fd_pr__nfet_01v8 instances:  10
  Class: sky130_fd_pr__pfet_01v8_hvt instances:  14
  Class: sky130_fd_pr__special_nfet_01v8 instances:   4
Circuit contains 21 nets.

Circuit 1 contains 28 devices, Circuit 2 contains 28 devices.
Circuit 1 contains 21 nets,    Circuit 2 contains 21 nets.


Contents of circuit 1:  Circuit: 'sky130_fd_sc_hd__nand4b_1'
Circuit sky130_fd_sc_hd__nand4b_1 contains 10 device instances.
  Class: sky130_fd_pr__nfet_01v8 instances:   5
  Class: sky130_fd_pr__pfet_01v8_hvt instances:   5
Circuit contains 13 nets.
Contents of circuit 2:  Circuit: 'sky130_fd_sc_hd__nand4b_1'
Circuit sky130_fd_sc_hd__nand4b_1 contains 10 device instances.
  Class: sky130_fd_pr__nfet_01v8 instances:   5
  Class: sky130_fd_pr__pfet_01v8_hvt instances:   5
Circuit contains 13 nets.

Circuit 1 contains 10 devices, Circuit 2 contains 10 devices.
Circuit 1 contains 13 nets,    Circuit 2 contains 13 nets.


Contents of circuit 1:  Circuit: 'sky130_fd_sc_hd__and4b_2'
Circuit sky130_fd_sc_hd__and4b_2 contains 12 device instances.
  Class: sky130_fd_pr__nfet_01v8 instances:   6
  Class: sky130_fd_pr__pfet_01v8_hvt instances:   6
Circuit contains 14 nets.
Contents of circuit 2:  Circuit: 'sky130_fd_sc_hd__and4b_2'
Circuit sky130_fd_sc_hd__and4b_2 contains 14 device instances.
  Class: sky130_fd_pr__nfet_01v8 instances:   7
  Class: sky130_fd_pr__pfet_01v8_hvt instances:   7
Circuit contains 14 nets.

Circuit was modified by parallel/series device merging.
New circuit summary:

Contents of circuit 1:  Circuit: 'sky130_fd_sc_hd__and4b_2'
Circuit sky130_fd_sc_hd__and4b_2 contains 12 device instances.
  Class: sky130_fd_pr__nfet_01v8 instances:   6
  Class: sky130_fd_pr__pfet_01v8_hvt instances:   6
Circuit contains 14 nets.
Contents of circuit 2:  Circuit: 'sky130_fd_sc_hd__and4b_2'
Circuit sky130_fd_sc_hd__and4b_2 contains 12 device instances.
  Class: sky130_fd_pr__nfet_01v8 instances:   6
  Class: sky130_fd_pr__pfet_01v8_hvt instances:   6
Circuit contains 14 nets.

Circuit 1 contains 12 devices, Circuit 2 contains 12 devices.
Circuit 1 contains 14 nets,    Circuit 2 contains 14 nets.


Contents of circuit 1:  Circuit: 'sky130_fd_sc_hd__and4b_1'
Circuit sky130_fd_sc_hd__and4b_1 contains 12 device instances.
  Class: sky130_fd_pr__nfet_01v8 instances:   6
  Class: sky130_fd_pr__pfet_01v8_hvt instances:   6
Circuit contains 14 nets.
Contents of circuit 2:  Circuit: 'sky130_fd_sc_hd__and4b_1'
Circuit sky130_fd_sc_hd__and4b_1 contains 12 device instances.
  Class: sky130_fd_pr__nfet_01v8 instances:   6
  Class: sky130_fd_pr__pfet_01v8_hvt instances:   6
Circuit contains 14 nets.

Circuit 1 contains 12 devices, Circuit 2 contains 12 devices.
Circuit 1 contains 14 nets,    Circuit 2 contains 14 nets.


Contents of circuit 1:  Circuit: 'sky130_fd_sc_hd__and2b_2'
Circuit sky130_fd_sc_hd__and2b_2 contains 8 device instances.
  Class: sky130_fd_pr__nfet_01v8 instances:   4
  Class: sky130_fd_pr__pfet_01v8_hvt instances:   4
Circuit contains 10 nets.
Contents of circuit 2:  Circuit: 'sky130_fd_sc_hd__and2b_2'
Circuit sky130_fd_sc_hd__and2b_2 contains 10 device instances.
  Class: sky130_fd_pr__nfet_01v8 instances:   5
  Class: sky130_fd_pr__pfet_01v8_hvt instances:   5
Circuit contains 10 nets.

Circuit was modified by parallel/series device merging.
New circuit summary:

Contents of circuit 1:  Circuit: 'sky130_fd_sc_hd__and2b_2'
Circuit sky130_fd_sc_hd__and2b_2 contains 8 device instances.
  Class: sky130_fd_pr__nfet_01v8 instances:   4
  Class: sky130_fd_pr__pfet_01v8_hvt instances:   4
Circuit contains 10 nets.
Contents of circuit 2:  Circuit: 'sky130_fd_sc_hd__and2b_2'
Circuit sky130_fd_sc_hd__and2b_2 contains 8 device instances.
  Class: sky130_fd_pr__nfet_01v8 instances:   4
  Class: sky130_fd_pr__pfet_01v8_hvt instances:   4
Circuit contains 10 nets.

Circuit 1 contains 8 devices, Circuit 2 contains 8 devices.
Circuit 1 contains 10 nets,    Circuit 2 contains 10 nets.


Contents of circuit 1:  Circuit: 'sky130_fd_sc_hd__and3_4'
Circuit sky130_fd_sc_hd__and3_4 contains 8 device instances.
  Class: sky130_fd_pr__nfet_01v8 instances:   4
  Class: sky130_fd_pr__pfet_01v8_hvt instances:   4
Circuit contains 11 nets.
Contents of circuit 2:  Circuit: 'sky130_fd_sc_hd__and3_4'
Circuit sky130_fd_sc_hd__and3_4 contains 14 device instances.
  Class: sky130_fd_pr__nfet_01v8 instances:   7
  Class: sky130_fd_pr__pfet_01v8_hvt instances:   7
Circuit contains 11 nets.

Circuit was modified by parallel/series device merging.
New circuit summary:

Contents of circuit 1:  Circuit: 'sky130_fd_sc_hd__and3_4'
Circuit sky130_fd_sc_hd__and3_4 contains 8 device instances.
  Class: sky130_fd_pr__nfet_01v8 instances:   4
  Class: sky130_fd_pr__pfet_01v8_hvt instances:   4
Circuit contains 11 nets.
Contents of circuit 2:  Circuit: 'sky130_fd_sc_hd__and3_4'
Circuit sky130_fd_sc_hd__and3_4 contains 8 device instances.
  Class: sky130_fd_pr__nfet_01v8 instances:   4
  Class: sky130_fd_pr__pfet_01v8_hvt instances:   4
Circuit contains 11 nets.

Circuit 1 contains 8 devices, Circuit 2 contains 8 devices.
Circuit 1 contains 11 nets,    Circuit 2 contains 11 nets.


Contents of circuit 1:  Circuit: 'sky130_fd_sc_hd__o32a_2'
Circuit sky130_fd_sc_hd__o32a_2 contains 12 device instances.
  Class: sky130_fd_pr__nfet_01v8 instances:   6
  Class: sky130_fd_pr__pfet_01v8_hvt instances:   6
Circuit contains 15 nets.
Contents of circuit 2:  Circuit: 'sky130_fd_sc_hd__o32a_2'
Circuit sky130_fd_sc_hd__o32a_2 contains 14 device instances.
  Class: sky130_fd_pr__nfet_01v8 instances:   7
  Class: sky130_fd_pr__pfet_01v8_hvt instances:   7
Circuit contains 15 nets.

Circuit was modified by parallel/series device merging.
New circuit summary:

Contents of circuit 1:  Circuit: 'sky130_fd_sc_hd__o32a_2'
Circuit sky130_fd_sc_hd__o32a_2 contains 12 device instances.
  Class: sky130_fd_pr__nfet_01v8 instances:   6
  Class: sky130_fd_pr__pfet_01v8_hvt instances:   6
Circuit contains 15 nets.
Contents of circuit 2:  Circuit: 'sky130_fd_sc_hd__o32a_2'
Circuit sky130_fd_sc_hd__o32a_2 contains 12 device instances.
  Class: sky130_fd_pr__nfet_01v8 instances:   6
  Class: sky130_fd_pr__pfet_01v8_hvt instances:   6
Circuit contains 15 nets.

Circuit 1 contains 12 devices, Circuit 2 contains 12 devices.
Circuit 1 contains 15 nets,    Circuit 2 contains 15 nets.


Contents of circuit 1:  Circuit: 'sky130_fd_sc_hd__or2_4'
Circuit sky130_fd_sc_hd__or2_4 contains 6 device instances.
  Class: sky130_fd_pr__nfet_01v8 instances:   3
  Class: sky130_fd_pr__pfet_01v8_hvt instances:   3
Circuit contains 9 nets.
Contents of circuit 2:  Circuit: 'sky130_fd_sc_hd__or2_4'
Circuit sky130_fd_sc_hd__or2_4 contains 12 device instances.
  Class: sky130_fd_pr__nfet_01v8 instances:   6
  Class: sky130_fd_pr__pfet_01v8_hvt instances:   6
Circuit contains 9 nets.

Circuit was modified by parallel/series device merging.
New circuit summary:

Contents of circuit 1:  Circuit: 'sky130_fd_sc_hd__or2_4'
Circuit sky130_fd_sc_hd__or2_4 contains 6 device instances.
  Class: sky130_fd_pr__nfet_01v8 instances:   3
  Class: sky130_fd_pr__pfet_01v8_hvt instances:   3
Circuit contains 9 nets.
Contents of circuit 2:  Circuit: 'sky130_fd_sc_hd__or2_4'
Circuit sky130_fd_sc_hd__or2_4 contains 6 device instances.
  Class: sky130_fd_pr__nfet_01v8 instances:   3
  Class: sky130_fd_pr__pfet_01v8_hvt instances:   3
Circuit contains 9 nets.

Circuit 1 contains 6 devices, Circuit 2 contains 6 devices.
Circuit 1 contains 9 nets,    Circuit 2 contains 9 nets.


Contents of circuit 1:  Circuit: 'sky130_fd_sc_hd__or4b_1'
Circuit sky130_fd_sc_hd__or4b_1 contains 12 device instances.
  Class: sky130_fd_pr__nfet_01v8 instances:   6
  Class: sky130_fd_pr__pfet_01v8_hvt instances:   6
Circuit contains 14 nets.
Contents of circuit 2:  Circuit: 'sky130_fd_sc_hd__or4b_1'
Circuit sky130_fd_sc_hd__or4b_1 contains 12 device instances.
  Class: sky130_fd_pr__nfet_01v8 instances:   6
  Class: sky130_fd_pr__pfet_01v8_hvt instances:   6
Circuit contains 14 nets.

Circuit 1 contains 12 devices, Circuit 2 contains 12 devices.
Circuit 1 contains 14 nets,    Circuit 2 contains 14 nets.


Contents of circuit 1:  Circuit: 'sky130_fd_sc_hd__o22ai_2'
Circuit sky130_fd_sc_hd__o22ai_2 contains 8 device instances.
  Class: sky130_fd_pr__nfet_01v8 instances:   4
  Class: sky130_fd_pr__pfet_01v8_hvt instances:   4
Circuit contains 12 nets.
Contents of circuit 2:  Circuit: 'sky130_fd_sc_hd__o22ai_2'
Circuit sky130_fd_sc_hd__o22ai_2 contains 16 device instances.
  Class: sky130_fd_pr__nfet_01v8 instances:   8
  Class: sky130_fd_pr__pfet_01v8_hvt instances:   8
Circuit contains 12 nets.

Circuit was modified by parallel/series device merging.
New circuit summary:

Contents of circuit 1:  Circuit: 'sky130_fd_sc_hd__o22ai_2'
Circuit sky130_fd_sc_hd__o22ai_2 contains 8 device instances.
  Class: sky130_fd_pr__nfet_01v8 instances:   4
  Class: sky130_fd_pr__pfet_01v8_hvt instances:   4
Circuit contains 12 nets.
Contents of circuit 2:  Circuit: 'sky130_fd_sc_hd__o22ai_2'
Circuit sky130_fd_sc_hd__o22ai_2 contains 8 device instances.
  Class: sky130_fd_pr__nfet_01v8 instances:   4
  Class: sky130_fd_pr__pfet_01v8_hvt instances:   4
Circuit contains 12 nets.

Circuit 1 contains 8 devices, Circuit 2 contains 8 devices.
Circuit 1 contains 12 nets,    Circuit 2 contains 12 nets.


Contents of circuit 1:  Circuit: 'sky130_fd_sc_hd__a41o_1'
Circuit sky130_fd_sc_hd__a41o_1 contains 12 device instances.
  Class: sky130_fd_pr__nfet_01v8 instances:   6
  Class: sky130_fd_pr__pfet_01v8_hvt instances:   6
Circuit contains 15 nets.
Contents of circuit 2:  Circuit: 'sky130_fd_sc_hd__a41o_1'
Circuit sky130_fd_sc_hd__a41o_1 contains 12 device instances.
  Class: sky130_fd_pr__nfet_01v8 instances:   6
  Class: sky130_fd_pr__pfet_01v8_hvt instances:   6
Circuit contains 15 nets.

Circuit 1 contains 12 devices, Circuit 2 contains 12 devices.
Circuit 1 contains 15 nets,    Circuit 2 contains 15 nets.


Contents of circuit 1:  Circuit: 'sky130_fd_sc_hd__a31oi_1'
Circuit sky130_fd_sc_hd__a31oi_1 contains 8 device instances.
  Class: sky130_fd_pr__nfet_01v8 instances:   4
  Class: sky130_fd_pr__pfet_01v8_hvt instances:   4
Circuit contains 12 nets.
Contents of circuit 2:  Circuit: 'sky130_fd_sc_hd__a31oi_1'
Circuit sky130_fd_sc_hd__a31oi_1 contains 8 device instances.
  Class: sky130_fd_pr__nfet_01v8 instances:   4
  Class: sky130_fd_pr__pfet_01v8_hvt instances:   4
Circuit contains 12 nets.

Circuit 1 contains 8 devices, Circuit 2 contains 8 devices.
Circuit 1 contains 12 nets,    Circuit 2 contains 12 nets.


Contents of circuit 1:  Circuit: 'sky130_fd_sc_hd__and4_2'
Circuit sky130_fd_sc_hd__and4_2 contains 10 device instances.
  Class: sky130_fd_pr__nfet_01v8 instances:   5
  Class: sky130_fd_pr__pfet_01v8_hvt instances:   5
Circuit contains 13 nets.
Contents of circuit 2:  Circuit: 'sky130_fd_sc_hd__and4_2'
Circuit sky130_fd_sc_hd__and4_2 contains 12 device instances.
  Class: sky130_fd_pr__nfet_01v8 instances:   6
  Class: sky130_fd_pr__pfet_01v8_hvt instances:   6
Circuit contains 13 nets.

Circuit was modified by parallel/series device merging.
New circuit summary:

Contents of circuit 1:  Circuit: 'sky130_fd_sc_hd__and4_2'
Circuit sky130_fd_sc_hd__and4_2 contains 10 device instances.
  Class: sky130_fd_pr__nfet_01v8 instances:   5
  Class: sky130_fd_pr__pfet_01v8_hvt instances:   5
Circuit contains 13 nets.
Contents of circuit 2:  Circuit: 'sky130_fd_sc_hd__and4_2'
Circuit sky130_fd_sc_hd__and4_2 contains 10 device instances.
  Class: sky130_fd_pr__nfet_01v8 instances:   5
  Class: sky130_fd_pr__pfet_01v8_hvt instances:   5
Circuit contains 13 nets.

Circuit 1 contains 10 devices, Circuit 2 contains 10 devices.
Circuit 1 contains 13 nets,    Circuit 2 contains 13 nets.


Contents of circuit 1:  Circuit: 'sky130_fd_sc_hd__o211a_1'
Circuit sky130_fd_sc_hd__o211a_1 contains 10 device instances.
  Class: sky130_fd_pr__nfet_01v8 instances:   5
  Class: sky130_fd_pr__pfet_01v8_hvt instances:   5
Circuit contains 13 nets.
Contents of circuit 2:  Circuit: 'sky130_fd_sc_hd__o211a_1'
Circuit sky130_fd_sc_hd__o211a_1 contains 10 device instances.
  Class: sky130_fd_pr__nfet_01v8 instances:   5
  Class: sky130_fd_pr__pfet_01v8_hvt instances:   5
Circuit contains 13 nets.

Circuit 1 contains 10 devices, Circuit 2 contains 10 devices.
Circuit 1 contains 13 nets,    Circuit 2 contains 13 nets.


Contents of circuit 1:  Circuit: 'sky130_fd_sc_hd__a221oi_1'
Circuit sky130_fd_sc_hd__a221oi_1 contains 10 device instances.
  Class: sky130_fd_pr__nfet_01v8 instances:   5
  Class: sky130_fd_pr__pfet_01v8_hvt instances:   5
Circuit contains 14 nets.
Contents of circuit 2:  Circuit: 'sky130_fd_sc_hd__a221oi_1'
Circuit sky130_fd_sc_hd__a221oi_1 contains 10 device instances.
  Class: sky130_fd_pr__nfet_01v8 instances:   5
  Class: sky130_fd_pr__pfet_01v8_hvt instances:   5
Circuit contains 14 nets.

Circuit 1 contains 10 devices, Circuit 2 contains 10 devices.
Circuit 1 contains 14 nets,    Circuit 2 contains 14 nets.


Contents of circuit 1:  Circuit: 'ucb_top'
Circuit ucb_top contains 32936 device instances.
  Class: sky130_fd_sc_hd__bufinv_16 instances:  18
  Class: sky130_fd_sc_hd__a41o_1 instances:   1
  Class: sky130_fd_sc_hd__a31o_1 instances:   5
  Class: sky130_fd_sc_hd__a21o_1 instances:  19
  Class: sky130_fd_sc_hd__clkbuf_16 instances:  20
  Class: sky130_fd_sc_hd__dfxtp_1 instances:  14
  Class: sky130_fd_sc_hd__o31ai_1 instances:   1
  Class: sky130_fd_sc_hd__or4_1 instances: 264
  Class: sky130_fd_sc_hd__or4_2 instances:   4
  Class: sky130_fd_sc_hd__or4_4 instances:   3
  Class: sky130_fd_sc_hd__a31oi_1 instances:   1
  Class: sky130_fd_sc_hd__buf_1 instances:  35
  Class: sky130_fd_sc_hd__buf_2 instances: 176
  Class: sky130_fd_sc_hd__buf_4 instances: 200
  Class: sky130_fd_sc_hd__buf_6 instances: 182
  Class: sky130_fd_sc_hd__buf_8 instances: 179
  Class: sky130_fd_sc_hd__a2bb2o_1 instances:   6
  Class: sky130_fd_sc_hd__a2bb2o_2 instances:   3
  Class: sky130_fd_sc_hd__and3b_1 instances:   3
  Class: sky130_fd_sc_hd__xor2_1 instances:  75
  Class: sky130_fd_sc_hd__xor2_2 instances:   5
  Class: sky130_fd_sc_hd__xor2_4 instances:   3
  Class: sky130_fd_sc_hd__dfstp_1 instances:   1
  Class: sky130_ef_sc_hd__decap_12 instances: 5392
  Class: sky130_fd_sc_hd__dfrtp_1 instances: 2113
  Class: sky130_fd_sc_hd__dfrtp_2 instances:   8
  Class: sky130_fd_sc_hd__dfrtp_4 instances:   1
  Class: sky130_fd_sc_hd__and4_1 instances:   3
  Class: sky130_fd_sc_hd__and4_2 instances:   1
  Class: sky130_fd_sc_hd__inv_2 instances:  18
  Class: sky130_fd_sc_hd__inv_4 instances:   2
  Class: sky130_fd_sc_hd__inv_6 instances:  37
  Class: sky130_fd_sc_hd__inv_8 instances:  25
  Class: sky130_fd_sc_hd__clkbuf_1 instances:  16
  Class: sky130_fd_sc_hd__clkbuf_2 instances: 229
  Class: sky130_fd_sc_hd__clkbuf_4 instances: 297
  Class: sky130_fd_sc_hd__clkbuf_8 instances: 349
  Class: sky130_fd_sc_hd__or3_1 instances:  12
  Class: sky130_fd_sc_hd__or3_2 instances:   1
  Class: sky130_fd_sc_hd__or3_4 instances:   2
  Class: sky130_fd_sc_hd__nand3_1 instances:  10
  Class: sky130_fd_sc_hd__o21ba_1 instances:   2
  Class: sky130_fd_sc_hd__and2b_1 instances:   8
  Class: sky130_fd_sc_hd__and2b_2 instances:   1
  Class: sky130_fd_sc_hd__a21boi_1 instances:   1
  Class: sky130_fd_sc_hd__a21boi_2 instances:   1
  Class: sky130_fd_sc_hd__nand4b_1 instances:   1
  Class: sky130_fd_sc_hd__a21bo_1 instances:  10
  Class: sky130_fd_sc_hd__a21bo_2 instances:   1
  Class: sky130_fd_sc_hd__a221oi_1 instances:   1
  Class: sky130_fd_sc_hd__clkinv_2 instances:  17
  Class: sky130_fd_sc_hd__clkinv_4 instances:  25
  Class: sky130_fd_sc_hd__clkinv_8 instances:  16
  Class: sky130_fd_sc_hd__and3_1 instances: 218
  Class: sky130_fd_sc_hd__and3_2 instances:   4
  Class: sky130_fd_sc_hd__and3_4 instances:   1
  Class: sky130_fd_sc_hd__a2111o_1 instances: 116
  Class: sky130_fd_sc_hd__a2111o_2 instances:   1
  Class: sky130_fd_sc_hd__decap_3 instances: 1641
  Class: sky130_fd_sc_hd__decap_4 instances: 1686
  Class: sky130_fd_sc_hd__decap_6 instances: 1783
  Class: sky130_fd_sc_hd__decap_8 instances: 1183
  Class: sky130_fd_sc_hd__dlygate4sd3_1 instances: 1954
  Class: sky130_fd_sc_hd__or2_1 instances:  95
  Class: sky130_fd_sc_hd__or2_4 instances:   1
  Class: sky130_fd_sc_hd__nand2_1 instances:  61
  Class: sky130_fd_sc_hd__nand2_2 instances:   2
  Class: sky130_fd_sc_hd__nor4b_1 instances:   4
  Class: sky130_fd_sc_hd__mux2_1 instances: 2030
  Class: sky130_fd_sc_hd__and2_1 instances: 116
  Class: sky130_fd_sc_hd__and2_2 instances:   1
  Class: sky130_fd_sc_hd__and2_4 instances:  57
  Class: sky130_fd_sc_hd__or4b_1 instances:   1
  Class: sky130_fd_sc_hd__or4b_4 instances:   4
  Class: sky130_fd_sc_hd__clkinvlp_4 instances:  22
  Class: sky130_fd_sc_hd__nor4_1 instances:  13
  Class: sky130_fd_sc_hd__inv_12 instances:   2
  Class: sky130_fd_sc_hd__o32a_2 instances:   1
  Class: sky130_fd_sc_hd__o22a_1 instances:  24
  Class: sky130_fd_sc_hd__o22a_2 instances:  11
  Class: sky130_fd_sc_hd__o22a_4 instances:   6
  Class: sky130_fd_sc_hd__xnor2_1 instances:  24
  Class: sky130_fd_sc_hd__xnor2_2 instances:   5
  Class: sky130_fd_sc_hd__o221a_1 instances:   5
  Class: sky130_fd_sc_hd__o21bai_1 instances:   1
  Class: sky130_fd_sc_hd__o211a_1 instances:   1
  Class: sky130_fd_sc_hd__nand2b_1 instances:   6
  Class: sky130_fd_sc_hd__diode_2 instances: 927
  Class: sky130_fd_sc_hd__a221o_1 instances: 873
  Class: sky130_fd_sc_hd__a211o_1 instances:  16
  Class: sky130_fd_sc_hd__or3b_1 instances:   2
  Class: sky130_fd_sc_hd__or3b_4 instances:   5
  Class: sky130_fd_sc_hd__dlymetal6s2s_1 instances:  23
  Class: sky130_fd_sc_hd__nor3_1 instances:  10
  Class: sky130_fd_sc_hd__or4bb_4 instances:   4
  Class: sky130_fd_sc_hd__a32o_1 instances:   1
  Class: sky130_fd_sc_hd__a22o_1 instances: 981
  Class: sky130_fd_sc_hd__o31a_1 instances:   4
  Class: sky130_fd_sc_hd__o2bb2a_1 instances:   4
  Class: sky130_fd_sc_hd__o2bb2a_2 instances:   2
  Class: sky130_fd_sc_hd__o21a_1 instances:  24
  Class: sky130_fd_sc_hd__o22ai_2 instances:   1
  Class: sky130_fd_sc_hd__o22ai_4 instances:   8
  Class: sky130_fd_sc_hd__and4b_1 instances:   3
  Class: sky130_fd_sc_hd__and4b_2 instances:   1
  Class: sky130_fd_sc_hd__o21ai_1 instances:  10
  Class: sky130_fd_sc_hd__o21ai_2 instances:   4
  Class: sky130_fd_sc_hd__tapvpwrvgnd_1 instances: 3920
  Class: sky130_fd_sc_hd__o21ai_4 instances:   4
  Class: sky130_fd_sc_hd__a21oi_1 instances:  12
  Class: sky130_fd_sc_hd__a21oi_2 instances:   2
  Class: sky130_fd_sc_hd__fill_1 instances: 3655
  Class: sky130_fd_sc_hd__fill_2 instances: 1391
  Class: sky130_fd_sc_hd__and4bb_1 instances:   4
  Class: sky130_fd_sc_hd__and4bb_2 instances:   1
  Class: sky130_fd_sc_hd__and4bb_4 instances:   1
  Class: sky130_fd_sc_hd__nor2_1 instances:  80
  Class: sky130_fd_sc_hd__nor2_2 instances:   6
  Class: sky130_fd_sc_hd__nor2_4 instances:  52
  Class: sky130_fd_sc_hd__nor2_8 instances:   7
Circuit contains 11386 nets.
Contents of circuit 2:  Circuit: 'ucb_top'
Circuit ucb_top contains 32936 device instances.
  Class: sky130_fd_sc_hd__bufinv_16 instances:  18
  Class: sky130_fd_sc_hd__a41o_1 instances:   1
  Class: sky130_fd_sc_hd__a31o_1 instances:   5
  Class: sky130_fd_sc_hd__a21o_1 instances:  19
  Class: sky130_fd_sc_hd__clkbuf_16 instances:  20
  Class: sky130_fd_sc_hd__dfxtp_1 instances:  14
  Class: sky130_fd_sc_hd__o31ai_1 instances:   1
  Class: sky130_fd_sc_hd__or4_1 instances: 264
  Class: sky130_fd_sc_hd__or4_2 instances:   4
  Class: sky130_fd_sc_hd__or4_4 instances:   3
  Class: sky130_fd_sc_hd__a31oi_1 instances:   1
  Class: sky130_fd_sc_hd__buf_1 instances:  35
  Class: sky130_fd_sc_hd__buf_2 instances: 176
  Class: sky130_fd_sc_hd__buf_4 instances: 200
  Class: sky130_fd_sc_hd__buf_6 instances: 182
  Class: sky130_fd_sc_hd__buf_8 instances: 179
  Class: sky130_fd_sc_hd__a2bb2o_1 instances:   6
  Class: sky130_fd_sc_hd__a2bb2o_2 instances:   3
  Class: sky130_fd_sc_hd__and3b_1 instances:   3
  Class: sky130_fd_sc_hd__xor2_1 instances:  75
  Class: sky130_fd_sc_hd__xor2_2 instances:   5
  Class: sky130_fd_sc_hd__xor2_4 instances:   3
  Class: sky130_fd_sc_hd__dfstp_1 instances:   1
  Class: sky130_ef_sc_hd__decap_12 instances: 5392
  Class: sky130_fd_sc_hd__dfrtp_1 instances: 2113
  Class: sky130_fd_sc_hd__dfrtp_2 instances:   8
  Class: sky130_fd_sc_hd__dfrtp_4 instances:   1
  Class: sky130_fd_sc_hd__and4_1 instances:   3
  Class: sky130_fd_sc_hd__and4_2 instances:   1
  Class: sky130_fd_sc_hd__inv_2 instances:  18
  Class: sky130_fd_sc_hd__inv_4 instances:   2
  Class: sky130_fd_sc_hd__inv_6 instances:  37
  Class: sky130_fd_sc_hd__inv_8 instances:  25
  Class: sky130_fd_sc_hd__clkbuf_1 instances:  16
  Class: sky130_fd_sc_hd__clkbuf_2 instances: 229
  Class: sky130_fd_sc_hd__clkbuf_4 instances: 297
  Class: sky130_fd_sc_hd__clkbuf_8 instances: 349
  Class: sky130_fd_sc_hd__or3_1 instances:  12
  Class: sky130_fd_sc_hd__or3_2 instances:   1
  Class: sky130_fd_sc_hd__or3_4 instances:   2
  Class: sky130_fd_sc_hd__nand3_1 instances:  10
  Class: sky130_fd_sc_hd__o21ba_1 instances:   2
  Class: sky130_fd_sc_hd__and2b_1 instances:   8
  Class: sky130_fd_sc_hd__and2b_2 instances:   1
  Class: sky130_fd_sc_hd__a21boi_1 instances:   1
  Class: sky130_fd_sc_hd__a21boi_2 instances:   1
  Class: sky130_fd_sc_hd__nand4b_1 instances:   1
  Class: sky130_fd_sc_hd__a21bo_1 instances:  10
  Class: sky130_fd_sc_hd__a21bo_2 instances:   1
  Class: sky130_fd_sc_hd__a221oi_1 instances:   1
  Class: sky130_fd_sc_hd__clkinv_2 instances:  17
  Class: sky130_fd_sc_hd__clkinv_4 instances:  25
  Class: sky130_fd_sc_hd__clkinv_8 instances:  16
  Class: sky130_fd_sc_hd__and3_1 instances: 218
  Class: sky130_fd_sc_hd__and3_2 instances:   4
  Class: sky130_fd_sc_hd__and3_4 instances:   1
  Class: sky130_fd_sc_hd__a2111o_1 instances: 116
  Class: sky130_fd_sc_hd__a2111o_2 instances:   1
  Class: sky130_fd_sc_hd__decap_3 instances: 1641
  Class: sky130_fd_sc_hd__decap_4 instances: 1686
  Class: sky130_fd_sc_hd__decap_6 instances: 1783
  Class: sky130_fd_sc_hd__decap_8 instances: 1183
  Class: sky130_fd_sc_hd__dlygate4sd3_1 instances: 1954
  Class: sky130_fd_sc_hd__or2_1 instances:  95
  Class: sky130_fd_sc_hd__or2_4 instances:   1
  Class: sky130_fd_sc_hd__nand2_1 instances:  61
  Class: sky130_fd_sc_hd__nand2_2 instances:   2
  Class: sky130_fd_sc_hd__nor4b_1 instances:   4
  Class: sky130_fd_sc_hd__mux2_1 instances: 2030
  Class: sky130_fd_sc_hd__and2_1 instances: 116
  Class: sky130_fd_sc_hd__and2_2 instances:   1
  Class: sky130_fd_sc_hd__and2_4 instances:  57
  Class: sky130_fd_sc_hd__or4b_1 instances:   1
  Class: sky130_fd_sc_hd__or4b_4 instances:   4
  Class: sky130_fd_sc_hd__clkinvlp_4 instances:  22
  Class: sky130_fd_sc_hd__nor4_1 instances:  13
  Class: sky130_fd_sc_hd__inv_12 instances:   2
  Class: sky130_fd_sc_hd__o32a_2 instances:   1
  Class: sky130_fd_sc_hd__o22a_1 instances:  24
  Class: sky130_fd_sc_hd__o22a_2 instances:  11
  Class: sky130_fd_sc_hd__o22a_4 instances:   6
  Class: sky130_fd_sc_hd__xnor2_1 instances:  24
  Class: sky130_fd_sc_hd__xnor2_2 instances:   5
  Class: sky130_fd_sc_hd__o221a_1 instances:   5
  Class: sky130_fd_sc_hd__o21bai_1 instances:   1
  Class: sky130_fd_sc_hd__o211a_1 instances:   1
  Class: sky130_fd_sc_hd__nand2b_1 instances:   6
  Class: sky130_fd_sc_hd__diode_2 instances: 927
  Class: sky130_fd_sc_hd__a221o_1 instances: 873
  Class: sky130_fd_sc_hd__a211o_1 instances:  16
  Class: sky130_fd_sc_hd__or3b_1 instances:   2
  Class: sky130_fd_sc_hd__or3b_4 instances:   5
  Class: sky130_fd_sc_hd__dlymetal6s2s_1 instances:  23
  Class: sky130_fd_sc_hd__nor3_1 instances:  10
  Class: sky130_fd_sc_hd__or4bb_4 instances:   4
  Class: sky130_fd_sc_hd__a32o_1 instances:   1
  Class: sky130_fd_sc_hd__a22o_1 instances: 981
  Class: sky130_fd_sc_hd__o31a_1 instances:   4
  Class: sky130_fd_sc_hd__o2bb2a_1 instances:   4
  Class: sky130_fd_sc_hd__o2bb2a_2 instances:   2
  Class: sky130_fd_sc_hd__o21a_1 instances:  24
  Class: sky130_fd_sc_hd__o22ai_2 instances:   1
  Class: sky130_fd_sc_hd__o22ai_4 instances:   8
  Class: sky130_fd_sc_hd__and4b_1 instances:   3
  Class: sky130_fd_sc_hd__o21ai_1 instances:  10
  Class: sky130_fd_sc_hd__and4b_2 instances:   1
  Class: sky130_fd_sc_hd__tapvpwrvgnd_1 instances: 3920
  Class: sky130_fd_sc_hd__o21ai_2 instances:   4
  Class: sky130_fd_sc_hd__o21ai_4 instances:   4
  Class: sky130_fd_sc_hd__a21oi_1 instances:  12
  Class: sky130_fd_sc_hd__a21oi_2 instances:   2
  Class: sky130_fd_sc_hd__fill_1 instances: 3655
  Class: sky130_fd_sc_hd__fill_2 instances: 1391
  Class: sky130_fd_sc_hd__and4bb_1 instances:   4
  Class: sky130_fd_sc_hd__and4bb_2 instances:   1
  Class: sky130_fd_sc_hd__and4bb_4 instances:   1
  Class: sky130_fd_sc_hd__nor2_1 instances:  80
  Class: sky130_fd_sc_hd__nor2_2 instances:   6
  Class: sky130_fd_sc_hd__nor2_4 instances:  52
  Class: sky130_fd_sc_hd__nor2_8 instances:   7
Circuit contains 11386 nets.

Circuit was modified by parallel/series device merging.
New circuit summary:

Contents of circuit 1:  Circuit: 'ucb_top'
Circuit ucb_top contains 11754 device instances.
  Class: sky130_fd_sc_hd__bufinv_16 instances:  18
  Class: sky130_fd_sc_hd__a41o_1 instances:   1
  Class: sky130_fd_sc_hd__a31o_1 instances:   5
  Class: sky130_fd_sc_hd__a21o_1 instances:  19
  Class: sky130_fd_sc_hd__clkbuf_16 instances:  20
  Class: sky130_fd_sc_hd__dfxtp_1 instances:  14
  Class: sky130_fd_sc_hd__o31ai_1 instances:   1
  Class: sky130_fd_sc_hd__or4_1 instances: 264
  Class: sky130_fd_sc_hd__or4_2 instances:   4
  Class: sky130_fd_sc_hd__or4_4 instances:   3
  Class: sky130_fd_sc_hd__a31oi_1 instances:   1
  Class: sky130_fd_sc_hd__buf_1 instances:  35
  Class: sky130_fd_sc_hd__buf_2 instances: 176
  Class: sky130_fd_sc_hd__buf_4 instances: 200
  Class: sky130_fd_sc_hd__buf_6 instances: 182
  Class: sky130_fd_sc_hd__buf_8 instances: 179
  Class: sky130_fd_sc_hd__a2bb2o_1 instances:   6
  Class: sky130_fd_sc_hd__a2bb2o_2 instances:   3
  Class: sky130_fd_sc_hd__and3b_1 instances:   3
  Class: sky130_fd_sc_hd__xor2_1 instances:  75
  Class: sky130_fd_sc_hd__xor2_2 instances:   5
  Class: sky130_fd_sc_hd__xor2_4 instances:   3
  Class: sky130_fd_sc_hd__dfstp_1 instances:   1
  Class: sky130_ef_sc_hd__decap_12 instances:   1
  Class: sky130_fd_sc_hd__dfrtp_1 instances: 2113
  Class: sky130_fd_sc_hd__dfrtp_2 instances:   8
  Class: sky130_fd_sc_hd__dfrtp_4 instances:   1
  Class: sky130_fd_sc_hd__and4_1 instances:   3
  Class: sky130_fd_sc_hd__and4_2 instances:   1
  Class: sky130_fd_sc_hd__inv_2 instances:  18
  Class: sky130_fd_sc_hd__inv_4 instances:   2
  Class: sky130_fd_sc_hd__inv_6 instances:  37
  Class: sky130_fd_sc_hd__inv_8 instances:  25
  Class: sky130_fd_sc_hd__clkbuf_1 instances:  16
  Class: sky130_fd_sc_hd__clkbuf_2 instances: 229
  Class: sky130_fd_sc_hd__clkbuf_4 instances: 297
  Class: sky130_fd_sc_hd__clkbuf_8 instances: 349
  Class: sky130_fd_sc_hd__or3_1 instances:  12
  Class: sky130_fd_sc_hd__or3_2 instances:   1
  Class: sky130_fd_sc_hd__or3_4 instances:   2
  Class: sky130_fd_sc_hd__nand3_1 instances:  10
  Class: sky130_fd_sc_hd__o21ba_1 instances:   2
  Class: sky130_fd_sc_hd__and2b_1 instances:   8
  Class: sky130_fd_sc_hd__and2b_2 instances:   1
  Class: sky130_fd_sc_hd__a21boi_1 instances:   1
  Class: sky130_fd_sc_hd__a21boi_2 instances:   1
  Class: sky130_fd_sc_hd__nand4b_1 instances:   1
  Class: sky130_fd_sc_hd__a21bo_1 instances:  10
  Class: sky130_fd_sc_hd__a21bo_2 instances:   1
  Class: sky130_fd_sc_hd__a221oi_1 instances:   1
  Class: sky130_fd_sc_hd__clkinv_2 instances:  17
  Class: sky130_fd_sc_hd__clkinv_4 instances:  25
  Class: sky130_fd_sc_hd__clkinv_8 instances:  16
  Class: sky130_fd_sc_hd__and3_1 instances: 218
  Class: sky130_fd_sc_hd__and3_2 instances:   4
  Class: sky130_fd_sc_hd__and3_4 instances:   1
  Class: sky130_fd_sc_hd__a2111o_1 instances: 116
  Class: sky130_fd_sc_hd__a2111o_2 instances:   1
  Class: sky130_fd_sc_hd__decap_3 instances:   1
  Class: sky130_fd_sc_hd__decap_4 instances:   1
  Class: sky130_fd_sc_hd__decap_6 instances:   1
  Class: sky130_fd_sc_hd__decap_8 instances:   1
  Class: sky130_fd_sc_hd__dlygate4sd3_1 instances: 1954
  Class: sky130_fd_sc_hd__or2_1 instances:  95
  Class: sky130_fd_sc_hd__or2_4 instances:   1
  Class: sky130_fd_sc_hd__nand2_1 instances:  61
  Class: sky130_fd_sc_hd__nand2_2 instances:   2
  Class: sky130_fd_sc_hd__nor4b_1 instances:   4
  Class: sky130_fd_sc_hd__mux2_1 instances: 2030
  Class: sky130_fd_sc_hd__and2_1 instances: 116
  Class: sky130_fd_sc_hd__and2_2 instances:   1
  Class: sky130_fd_sc_hd__and2_4 instances:  57
  Class: sky130_fd_sc_hd__or4b_1 instances:   1
  Class: sky130_fd_sc_hd__or4b_4 instances:   4
  Class: sky130_fd_sc_hd__clkinvlp_4 instances:  22
  Class: sky130_fd_sc_hd__nor4_1 instances:  13
  Class: sky130_fd_sc_hd__inv_12 instances:   2
  Class: sky130_fd_sc_hd__o32a_2 instances:   1
  Class: sky130_fd_sc_hd__o22a_1 instances:  24
  Class: sky130_fd_sc_hd__o22a_2 instances:  11
  Class: sky130_fd_sc_hd__o22a_4 instances:   6
  Class: sky130_fd_sc_hd__xnor2_1 instances:  24
  Class: sky130_fd_sc_hd__xnor2_2 instances:   5
  Class: sky130_fd_sc_hd__o221a_1 instances:   5
  Class: sky130_fd_sc_hd__o21bai_1 instances:   1
  Class: sky130_fd_sc_hd__o211a_1 instances:   1
  Class: sky130_fd_sc_hd__nand2b_1 instances:   6
  Class: sky130_fd_sc_hd__diode_2 instances: 388
  Class: sky130_fd_sc_hd__a221o_1 instances: 873
  Class: sky130_fd_sc_hd__a211o_1 instances:  16
  Class: sky130_fd_sc_hd__or3b_1 instances:   2
  Class: sky130_fd_sc_hd__or3b_4 instances:   5
  Class: sky130_fd_sc_hd__dlymetal6s2s_1 instances:  23
  Class: sky130_fd_sc_hd__nor3_1 instances:  10
  Class: sky130_fd_sc_hd__or4bb_4 instances:   4
  Class: sky130_fd_sc_hd__a32o_1 instances:   1
  Class: sky130_fd_sc_hd__a22o_1 instances: 981
  Class: sky130_fd_sc_hd__o31a_1 instances:   4
  Class: sky130_fd_sc_hd__o2bb2a_1 instances:   4
  Class: sky130_fd_sc_hd__o2bb2a_2 instances:   2
  Class: sky130_fd_sc_hd__o21a_1 instances:  24
  Class: sky130_fd_sc_hd__o22ai_2 instances:   1
  Class: sky130_fd_sc_hd__o22ai_4 instances:   8
  Class: sky130_fd_sc_hd__and4b_1 instances:   3
  Class: sky130_fd_sc_hd__and4b_2 instances:   1
  Class: sky130_fd_sc_hd__o21ai_1 instances:  10
  Class: sky130_fd_sc_hd__o21ai_2 instances:   4
  Class: sky130_fd_sc_hd__tapvpwrvgnd_1 instances:   1
  Class: sky130_fd_sc_hd__o21ai_4 instances:   4
  Class: sky130_fd_sc_hd__a21oi_1 instances:  12
  Class: sky130_fd_sc_hd__a21oi_2 instances:   2
  Class: sky130_fd_sc_hd__fill_1 instances:   1
  Class: sky130_fd_sc_hd__fill_2 instances:   1
  Class: sky130_fd_sc_hd__and4bb_1 instances:   4
  Class: sky130_fd_sc_hd__and4bb_2 instances:   1
  Class: sky130_fd_sc_hd__and4bb_4 instances:   1
  Class: sky130_fd_sc_hd__nor2_1 instances:  80
  Class: sky130_fd_sc_hd__nor2_2 instances:   6
  Class: sky130_fd_sc_hd__nor2_4 instances:  52
  Class: sky130_fd_sc_hd__nor2_8 instances:   7
Circuit contains 11386 nets.
Contents of circuit 2:  Circuit: 'ucb_top'
Circuit ucb_top contains 11754 device instances.
  Class: sky130_fd_sc_hd__bufinv_16 instances:  18
  Class: sky130_fd_sc_hd__a41o_1 instances:   1
  Class: sky130_fd_sc_hd__a31o_1 instances:   5
  Class: sky130_fd_sc_hd__a21o_1 instances:  19
  Class: sky130_fd_sc_hd__clkbuf_16 instances:  20
  Class: sky130_fd_sc_hd__dfxtp_1 instances:  14
  Class: sky130_fd_sc_hd__o31ai_1 instances:   1
  Class: sky130_fd_sc_hd__or4_1 instances: 264
  Class: sky130_fd_sc_hd__or4_2 instances:   4
  Class: sky130_fd_sc_hd__or4_4 instances:   3
  Class: sky130_fd_sc_hd__a31oi_1 instances:   1
  Class: sky130_fd_sc_hd__buf_1 instances:  35
  Class: sky130_fd_sc_hd__buf_2 instances: 176
  Class: sky130_fd_sc_hd__buf_4 instances: 200
  Class: sky130_fd_sc_hd__buf_6 instances: 182
  Class: sky130_fd_sc_hd__buf_8 instances: 179
  Class: sky130_fd_sc_hd__a2bb2o_1 instances:   6
  Class: sky130_fd_sc_hd__a2bb2o_2 instances:   3
  Class: sky130_fd_sc_hd__and3b_1 instances:   3
  Class: sky130_fd_sc_hd__xor2_1 instances:  75
  Class: sky130_fd_sc_hd__xor2_2 instances:   5
  Class: sky130_fd_sc_hd__xor2_4 instances:   3
  Class: sky130_fd_sc_hd__dfstp_1 instances:   1
  Class: sky130_ef_sc_hd__decap_12 instances:   1
  Class: sky130_fd_sc_hd__dfrtp_1 instances: 2113
  Class: sky130_fd_sc_hd__dfrtp_2 instances:   8
  Class: sky130_fd_sc_hd__dfrtp_4 instances:   1
  Class: sky130_fd_sc_hd__and4_1 instances:   3
  Class: sky130_fd_sc_hd__and4_2 instances:   1
  Class: sky130_fd_sc_hd__inv_2 instances:  18
  Class: sky130_fd_sc_hd__inv_4 instances:   2
  Class: sky130_fd_sc_hd__inv_6 instances:  37
  Class: sky130_fd_sc_hd__inv_8 instances:  25
  Class: sky130_fd_sc_hd__clkbuf_1 instances:  16
  Class: sky130_fd_sc_hd__clkbuf_2 instances: 229
  Class: sky130_fd_sc_hd__clkbuf_4 instances: 297
  Class: sky130_fd_sc_hd__clkbuf_8 instances: 349
  Class: sky130_fd_sc_hd__or3_1 instances:  12
  Class: sky130_fd_sc_hd__or3_2 instances:   1
  Class: sky130_fd_sc_hd__or3_4 instances:   2
  Class: sky130_fd_sc_hd__nand3_1 instances:  10
  Class: sky130_fd_sc_hd__o21ba_1 instances:   2
  Class: sky130_fd_sc_hd__and2b_1 instances:   8
  Class: sky130_fd_sc_hd__and2b_2 instances:   1
  Class: sky130_fd_sc_hd__a21boi_1 instances:   1
  Class: sky130_fd_sc_hd__a21boi_2 instances:   1
  Class: sky130_fd_sc_hd__nand4b_1 instances:   1
  Class: sky130_fd_sc_hd__a21bo_1 instances:  10
  Class: sky130_fd_sc_hd__a21bo_2 instances:   1
  Class: sky130_fd_sc_hd__a221oi_1 instances:   1
  Class: sky130_fd_sc_hd__clkinv_2 instances:  17
  Class: sky130_fd_sc_hd__clkinv_4 instances:  25
  Class: sky130_fd_sc_hd__clkinv_8 instances:  16
  Class: sky130_fd_sc_hd__and3_1 instances: 218
  Class: sky130_fd_sc_hd__and3_2 instances:   4
  Class: sky130_fd_sc_hd__and3_4 instances:   1
  Class: sky130_fd_sc_hd__a2111o_1 instances: 116
  Class: sky130_fd_sc_hd__a2111o_2 instances:   1
  Class: sky130_fd_sc_hd__decap_3 instances:   1
  Class: sky130_fd_sc_hd__decap_4 instances:   1
  Class: sky130_fd_sc_hd__decap_6 instances:   1
  Class: sky130_fd_sc_hd__decap_8 instances:   1
  Class: sky130_fd_sc_hd__dlygate4sd3_1 instances: 1954
  Class: sky130_fd_sc_hd__or2_1 instances:  95
  Class: sky130_fd_sc_hd__or2_4 instances:   1
  Class: sky130_fd_sc_hd__nand2_1 instances:  61
  Class: sky130_fd_sc_hd__nand2_2 instances:   2
  Class: sky130_fd_sc_hd__nor4b_1 instances:   4
  Class: sky130_fd_sc_hd__mux2_1 instances: 2030
  Class: sky130_fd_sc_hd__and2_1 instances: 116
  Class: sky130_fd_sc_hd__and2_2 instances:   1
  Class: sky130_fd_sc_hd__and2_4 instances:  57
  Class: sky130_fd_sc_hd__or4b_1 instances:   1
  Class: sky130_fd_sc_hd__or4b_4 instances:   4
  Class: sky130_fd_sc_hd__clkinvlp_4 instances:  22
  Class: sky130_fd_sc_hd__nor4_1 instances:  13
  Class: sky130_fd_sc_hd__inv_12 instances:   2
  Class: sky130_fd_sc_hd__o32a_2 instances:   1
  Class: sky130_fd_sc_hd__o22a_1 instances:  24
  Class: sky130_fd_sc_hd__o22a_2 instances:  11
  Class: sky130_fd_sc_hd__o22a_4 instances:   6
  Class: sky130_fd_sc_hd__xnor2_1 instances:  24
  Class: sky130_fd_sc_hd__xnor2_2 instances:   5
  Class: sky130_fd_sc_hd__o221a_1 instances:   5
  Class: sky130_fd_sc_hd__o21bai_1 instances:   1
  Class: sky130_fd_sc_hd__o211a_1 instances:   1
  Class: sky130_fd_sc_hd__nand2b_1 instances:   6
  Class: sky130_fd_sc_hd__diode_2 instances: 388
  Class: sky130_fd_sc_hd__a221o_1 instances: 873
  Class: sky130_fd_sc_hd__a211o_1 instances:  16
  Class: sky130_fd_sc_hd__or3b_1 instances:   2
  Class: sky130_fd_sc_hd__or3b_4 instances:   5
  Class: sky130_fd_sc_hd__dlymetal6s2s_1 instances:  23
  Class: sky130_fd_sc_hd__nor3_1 instances:  10
  Class: sky130_fd_sc_hd__or4bb_4 instances:   4
  Class: sky130_fd_sc_hd__a32o_1 instances:   1
  Class: sky130_fd_sc_hd__a22o_1 instances: 981
  Class: sky130_fd_sc_hd__o31a_1 instances:   4
  Class: sky130_fd_sc_hd__o2bb2a_1 instances:   4
  Class: sky130_fd_sc_hd__o2bb2a_2 instances:   2
  Class: sky130_fd_sc_hd__o21a_1 instances:  24
  Class: sky130_fd_sc_hd__o22ai_2 instances:   1
  Class: sky130_fd_sc_hd__o22ai_4 instances:   8
  Class: sky130_fd_sc_hd__and4b_1 instances:   3
  Class: sky130_fd_sc_hd__o21ai_1 instances:  10
  Class: sky130_fd_sc_hd__and4b_2 instances:   1
  Class: sky130_fd_sc_hd__tapvpwrvgnd_1 instances:   1
  Class: sky130_fd_sc_hd__o21ai_2 instances:   4
  Class: sky130_fd_sc_hd__o21ai_4 instances:   4
  Class: sky130_fd_sc_hd__a21oi_1 instances:  12
  Class: sky130_fd_sc_hd__a21oi_2 instances:   2
  Class: sky130_fd_sc_hd__fill_1 instances:   1
  Class: sky130_fd_sc_hd__fill_2 instances:   1
  Class: sky130_fd_sc_hd__and4bb_1 instances:   4
  Class: sky130_fd_sc_hd__and4bb_2 instances:   1
  Class: sky130_fd_sc_hd__and4bb_4 instances:   1
  Class: sky130_fd_sc_hd__nor2_1 instances:  80
  Class: sky130_fd_sc_hd__nor2_2 instances:   6
  Class: sky130_fd_sc_hd__nor2_4 instances:  52
  Class: sky130_fd_sc_hd__nor2_8 instances:   7
Circuit contains 11386 nets.

Circuit 1 contains 11754 devices, Circuit 2 contains 11754 devices.
Circuit 1 contains 11386 nets,    Circuit 2 contains 11386 nets.


Contents of circuit 1:  Circuit: 'user_project_wrapper'
Circuit user_project_wrapper contains 1 device instances.
  Class: ucb_top               instances:   1
Circuit contains 35 nets, and 611 disconnected pins.
Contents of circuit 2:  Circuit: 'user_project_wrapper'
Circuit user_project_wrapper contains 1 device instances.
  Class: ucb_top               instances:   1
Circuit contains 35 nets, and 610 disconnected pins.

Circuit 1 contains 1 devices, Circuit 2 contains 1 devices.
Circuit 1 contains 35 nets,    Circuit 2 contains 35 nets.


Final result: 
Top level cell failed pin matching.

Logging to file "/tmp/tmpzg_lzkto/repo/precheck_results/13_MAY_2026___13_26_23/tmp/lvs.report" disabled
LVS Done.

Error: LVS mismatch.
DESIGN NAME: user_project_wrapper
WORK_ROOT   : /tmp/tmpzg_lzkto/repo/precheck_results/13_MAY_2026___13_26_23/tmp
LOG_ROOT    : /tmp/tmpzg_lzkto/repo/precheck_results/13_MAY_2026___13_26_23/logs
SIGNOFF_ROOT: /tmp/tmpzg_lzkto/repo/precheck_results/13_MAY_2026___13_26_23/outputs/reports
 
Running CVC...
Creating /tmp/tmpzg_lzkto/repo/precheck_results/13_MAY_2026___13_26_23/tmp/user_project_wrapper.cdl.gz
Default cvcrc in default.cvcrc
CVC: Circuit Validation Check  Version 1.1.7
CVC: Log output to /tmp/tmpzg_lzkto/repo/precheck_results/13_MAY_2026___13_26_23/tmp/cvc.log
CVC: Error output to /tmp/tmpzg_lzkto/repo/precheck_results/13_MAY_2026___13_26_23/tmp/cvc.error.gz
CVC: Debug output to /tmp/tmpzg_lzkto/repo/precheck_results/13_MAY_2026___13_26_23/tmp/cvc.debug.gz
CVC: Start: Wed May 13 13:31:15 2026

Using the following parameters for CVC (Circuit Validation Check) from /tmp/tmpzg_lzkto/repo/precheck_results/13_MAY_2026___13_26_23/tmp/cvcrc
CVC_TOP = 'user_project_wrapper'
CVC_NETLIST = '/tmp/tmpzg_lzkto/repo/precheck_results/13_MAY_2026___13_26_23/tmp/user_project_wrapper.cdl.gz'
CVC_MODE = 'user_project_wrapper'
CVC_MODEL_FILE = '/usr/local/lib/python3.9/site-packages/cf_precheck/be_checks/tech/sky130A/cvc.models'
CVC_POWER_FILE = '/tmp/tmpzg_lzkto/repo/precheck_results/13_MAY_2026___13_26_23/tmp/cvc.power.user_project_wrapper'
CVC_FUSE_FILE = ''
CVC_REPORT_FILE = '/tmp/tmpzg_lzkto/repo/precheck_results/13_MAY_2026___13_26_23/tmp/cvc.log'
CVC_REPORT_TITLE = 'CVC user_project_wrapper'
CVC_CIRCUIT_ERROR_LIMIT = '100'
CVC_SEARCH_LIMIT = '100'
CVC_LEAK_LIMIT = '0.0002'
CVC_SOI = 'false'
CVC_SCRC = 'false'
CVC_VTH_GATES = 'false'
CVC_MIN_VTH_GATES = 'false'
CVC_IGNORE_VTH_FLOATING = 'false'
CVC_IGNORE_NO_LEAK_FLOATING = 'false'
CVC_LEAK_OVERVOLTAGE = 'true'
CVC_LOGIC_DIODES = 'false'
CVC_ANALOG_GATES = 'true'
CVC_BACKUP_RESULTS = 'false'
CVC_MOS_DIODE_ERROR_THRESHOLD = '0'
CVC_SHORT_ERROR_THRESHOLD = '0'
CVC_BIAS_ERROR_THRESHOLD = '0'
CVC_FORWARD_ERROR_THRESHOLD = '0'
CVC_FLOATING_ERROR_THRESHOLD = '0'
CVC_GATE_ERROR_THRESHOLD = '0'
CVC_LEAK?_ERROR_THRESHOLD = '0'
CVC_EXPECTED_ERROR_THRESHOLD = '0'
CVC_OVERVOLTAGE_ERROR_THRESHOLD = '0'
CVC_PARALLEL_CIRCUIT_PORT_LIMIT = '0'
CVC_CELL_ERROR_LIMIT_FILE = ''
CVC_CELL_CHECKSUM_FILE = ''
CVC_LARGE_CIRCUIT_SIZE = '10000000'
CVC_NET_CHECK_FILE = ''
CVC_MODEL_CHECK_FILE = ''
End of parameters

CVC: Reading device model settings...
CVC: Reading power settings...
CVC: Parsing netlist /tmp/tmpzg_lzkto/repo/precheck_results/13_MAY_2026___13_26_23/tmp/user_project_wrapper.cdl.gz

Cdl fixed data size 620565
Usage CDL: Time: 0  Memory: 23176  I/O: 24  Swap: 0
CVC: Counting and linking...
CVC: Assigning IDs ...
Usage DB: Time: 0  Memory: 27592  I/O: 24  Swap: 0
CVC: 32938(32938) instances, 72517(72517) nets, 163969(163969) devices.
Setting power for mode...
Setting models...
CVC: Setting models ...
Setting model tolerances...
CVC: Shorting switches...
 model short...
	Shorted 0 short
 model sky130_fd_pr__res_generic_l1...
	Shorted 0 sky130_fd_pr__res_generic_l1
 model sky130_fd_pr__res_generic_m1...
	Shorted 0 sky130_fd_pr__res_generic_m1
 model sky130_fd_pr__res_generic_m2...
	Shorted 0 sky130_fd_pr__res_generic_m2
 model sky130_fd_pr__res_generic_m3...
	Shorted 0 sky130_fd_pr__res_generic_m3
 model sky130_fd_pr__res_generic_m4...
	Shorted 0 sky130_fd_pr__res_generic_m4
 model sky130_fd_pr__res_generic_m5...
	Shorted 0 sky130_fd_pr__res_generic_m5
Setting instance power...
CVC: Linking devices...

Usage EQUIV: Time: 0  Memory: 45196  I/O: 88  Swap: 0
Power nets 396
CVC: Shorting non conducting resistors...
CVC: Calculating resistor voltages...
Usage RES: Time: 0  Memory: 45196  I/O: 88  Swap: 0
Power nets 396
CVC: Calculating min/max voltages...
Processing trivial nets found 0 trivial nets
CVC: Ignoring invalid calculations...
CVC:   Removed 27847 calculations
Copying master nets
CVC: Ignoring non-conducting devices...
CVC:   Ignored 0 devices
Usage MIN/MAX1: Time: 0  Memory: 49480  I/O: 88  Swap: 0
Power nets 28243
! Checking forward bias diode errors: 

! Checking nmos source/drain vs bias errors: 

! Checking nmos gate vs source errors: 

! Checking pmos source/drain vs bias errors: 

! Checking pmos gate vs source errors: 

Usage ERROR: Time: 0  Memory: 49480  I/O: 88  Swap: 0
Saving min/max voltages...
CVC: Propagating Simulation voltages 1...
Usage SIM1: Time: 0  Memory: 49480  I/O: 88  Swap: 0
Power nets 28243
Saving simulation voltages...
CVC: Propagating Simulation voltages 3...
Usage SIM2: Time: 0  Memory: 49480  I/O: 88  Swap: 0
Power nets 28243
Added 0 latch voltages
CVC: Calculating min/max voltages...
Processing trivial nets found 0 trivial nets
CVC: Ignoring invalid calculations...
CVC:   Removed 41458 calculations
Copying master nets
CVC: Ignoring non-conducting devices...
CVC:   Ignored 50324 devices
Usage MIN/MAX2: Time: 1  Memory: 50272  I/O: 88  Swap: 0
Power nets 69701
! Checking overvoltage errors

! Checking nmos possible leak errors: 

! Checking pmos possible leak errors: 

! Checking mos floating input errors:

! Checking expected values:

CVC: Error Counts
CVC: Fuse Problems:         0
CVC: Min Voltage Conflicts: 0
CVC: Max Voltage Conflicts: 0
CVC: Leaks:                 0
CVC: LDD drain->source:     0
CVC: HI-Z Inputs:           0
CVC: Forward Bias Diodes:   0
CVC: NMOS Source vs Bulk:   0
CVC: NMOS Gate vs Source:   0
CVC: NMOS Possible Leaks:   0
CVC: PMOS Source vs Bulk:   0
CVC: PMOS Gate vs Source:   0
CVC: PMOS Possible Leaks:   0
CVC: Overvoltage-VBG:       0
CVC: Overvoltage-VBS:       0
CVC: Overvoltage-VDS:       0
CVC: Overvoltage-VGS:       0
CVC: Model errors:          0
CVC: Unexpected voltage :   28
CVC: Total:                 28
Usage Total: Time: 1  Memory: 50272  I/O: 128  Swap: 0
Virtual net update/access 325184/18693678
CVC: Log output to /tmp/tmpzg_lzkto/repo/precheck_results/13_MAY_2026___13_26_23/tmp/cvc.log
CVC: End: Wed May 13 13:31:17 2026


LVS result:
Final result: 
Top level cell failed pin matching.

LVS Done.
LVS problem: check the following files
/tmp/tmpzg_lzkto/repo/precheck_results/13_MAY_2026___13_26_23/logs/ext.log
/tmp/tmpzg_lzkto/repo/precheck_results/13_MAY_2026___13_26_23/logs/lvs.log
/tmp/tmpzg_lzkto/repo/precheck_results/13_MAY_2026___13_26_23/outputs/reports/lvs.report

CVC result:
CVC: Total:                 28

Runtime: 0:04:54 (hh:mm:ss)

WARNING: possible errors SOFT - LVS 4 CVC 4 OEB -
